timeGE,Longitude,Latitude,AltMSL
2022-07-17T18:45:00.688,-115.048410410207,37.0677171138197,18681.0025838423
2022-07-17T18:45:01.398,-115.048424125885,37.0670766453763,18674.699402677
2022-07-17T18:45:01.805,-115.048431537779,37.0667102306387,18670.8305423215
2022-07-17T18:45:02.398,-115.048441827519,37.0661767357597,18665.1936032777
2022-07-17T18:45:02.859,-115.048449431578,37.0657621149686,18660.3761252697
2022-07-17T18:45:03.594,-115.048460858388,37.065101023424,18652.6953306147
2022-07-17T18:45:03.938,-115.04846590925,37.0647914872039,18648.7793571317
2022-07-17T18:45:04.398,-115.048472358641,37.0643773613707,18643.5428809623
2022-07-17T18:45:05.039,-115.048480732621,37.0637997400009,18635.7927032561
2022-07-17T18:45:05.594,-115.04848737867,37.0632990633717,18628.7580165332
2022-07-17T18:45:06.055,-115.048492464973,37.0628828790068,18622.4942050451
2022-07-17T18:45:07.039,-115.048502047932,37.0619938522002,18609.1241605671
2022-07-17T18:45:08.164,-115.04851100168,37.0609765576456,18592.7039643895
2022-07-17T18:45:08.797,-115.04851516839,37.0604040311329,18583.1188867031
2022-07-17T18:45:09.164,-115.048517323024,37.0600721001207,18577.430111281
2022-07-17T18:45:09.594,-115.048519609077,37.0596831682269,18570.6345729195
2022-07-17T18:45:10.195,-115.048522416139,37.059139563335,18561.1366227908
2022-07-17T18:45:11.195,-115.048526351332,37.0582354540608,18544.9305070148
2022-07-17T18:45:12.406,-115.048529906223,37.0571421051651,18524.9643960552
2022-07-17T18:45:13.195,-115.048531133797,37.0564311331672,18511.818455707
2022-07-17T18:45:13.492,-115.048531375321,37.0561639063188,18506.832368532
2022-07-17T18:45:14.414,-115.048531596402,37.0553355051494,18491.3536736651
2022-07-17T18:45:14.797,-115.048531447937,37.0549917238609,18484.870623225
2022-07-17T18:45:15.313,-115.048530861206,37.0545287224183,18476.1362785071
2022-07-17T18:45:15.594,-115.048530298507,37.0542766465962,18471.3434307989
2022-07-17T18:45:16.273,-115.048528125268,37.0536675670382,18459.7621368704
2022-07-17T18:45:16.594,-115.048526712929,37.0533795979506,18454.2560550217
2022-07-17T18:45:17.180,-115.048523575155,37.0528538545232,18444.2044538898
2022-07-17T18:45:18.102,-115.048517200378,37.0520265006509,18428.3454304483
2022-07-17T18:45:18.398,-115.048514731828,37.0517607645978,18423.2598321414
2022-07-17T18:45:19.070,-115.048508303911,37.0511571424792,18411.7141494986
2022-07-17T18:45:19.398,-115.048504739126,37.0508623197637,18406.1084777727
2022-07-17T18:45:20.117,-115.048495998707,37.0502157276064,18393.8204351781
2022-07-17T18:45:20.797,-115.048486629155,37.049604011907,18382.2613431256
2022-07-17T18:45:21.172,-115.048481028531,37.0492666330598,18375.9251715214
2022-07-17T18:45:22.117,-115.048465567465,37.0484163593793,18359.9580190789
2022-07-17T18:45:22.594,-115.048457027895,37.0479870550772,18351.9235905763
2022-07-17T18:45:22.945,-115.048450414034,37.0476710400174,18346.0036386863
2022-07-17T18:45:23.375,-115.048441913336,37.0472837380769,18338.7512759723
2022-07-17T18:45:23.797,-115.0484331357,37.0469034549375,18331.6003306546
2022-07-17T18:45:24.422,-115.048419389636,37.0463399421205,18321.0094756227
2022-07-17T18:45:24.859,-115.048409285625,37.0459458460635,18313.5754796903
2022-07-17T18:45:25.195,-115.04840125309,37.0456428389781,18307.8364559975
2022-07-17T18:45:25.453,-115.048394940725,37.0454101880484,18303.4197317615
2022-07-17T18:45:25.961,-115.048382152463,37.0449521517464,18294.7232359785
2022-07-17T18:45:26.398,-115.048370749306,37.0445581900681,18287.2121074323
2022-07-17T18:45:27.055,-115.048352874539,37.0439660879466,18275.9196327075
2022-07-17T18:45:27.586,-115.048337823316,37.0434878257735,18266.7692142538
2022-07-17T18:45:27.992,-115.048325995933,37.0431224372755,18259.7723425951
2022-07-17T18:45:28.398,-115.048313925092,37.0427572710295,18252.7754709363
2022-07-17T18:45:29.125,-115.048291760912,37.042103771795,18240.2666168846
2022-07-17T18:45:29.594,-115.048277083087,37.0416823693846,18232.2155629357
2022-07-17T18:45:30.227,-115.048256801909,37.0411136713155,18221.3791502269
2022-07-17T18:45:30.813,-115.048237635402,37.0405870367616,18211.3862843719
2022-07-17T18:45:31.984,-115.048198546138,37.0395337528611,18191.55798321
2022-07-17T18:45:32.563,-115.048178899891,37.0390126559478,18181.8230811867
2022-07-17T18:45:33.031,-115.048162873352,37.0385913918276,18173.980666849
2022-07-17T18:45:33.492,-115.048146949209,37.0381763721535,18166.270979469
2022-07-17T18:45:34.055,-115.048127243779,37.0376694497753,18156.8554610417
2022-07-17T18:45:34.539,-115.048110004547,37.0372335354607,18148.7558014274
2022-07-17T18:45:35.055,-115.048091283211,37.036768610592,18140.1042999989
2022-07-17T18:45:35.547,-115.048073121405,37.03632514663,18131.8311020968
2022-07-17T18:45:36.094,-115.048052584159,37.0358319680427,18122.5918947777
2022-07-17T18:45:36.398,-115.048040984573,37.0355578531277,18117.4402404198
2022-07-17T18:45:37.094,-115.048013807659,37.0349303165533,18105.5579578803
2022-07-17T18:45:37.398,-115.048001658113,37.034656260401,18100.3185008343
2022-07-17T18:45:38.141,-115.047971280901,37.0339866696242,18087.5128541724
2022-07-17T18:45:38.711,-115.047947515398,37.0334737340219,18077.5958329841
2022-07-17T18:45:39.164,-115.047928487544,37.0330669936565,18069.6438149048
2022-07-17T18:45:39.703,-115.04790582324,37.0325844243562,18060.1821421793
2022-07-17T18:45:40.234,-115.047883530217,37.0321105547734,18050.7822531044
2022-07-17T18:45:40.594,-115.047868458464,37.0317900736445,18044.3583173789
2022-07-17T18:45:41.156,-115.047845010213,37.0312907400991,18034.3298399406
2022-07-17T18:45:41.570,-115.047827788025,37.0309234568231,18026.850490479
2022-07-17T18:45:42.195,-115.047801975648,37.0303696408584,18015.5592020406
2022-07-17T18:45:42.594,-115.047785633084,37.0300163870363,18008.2480189977
2022-07-17T18:45:43.078,-115.047765909902,37.0295880424615,17999.3793157574
2022-07-17T18:45:43.641,-115.047743027572,37.0290898909592,17988.9714298333
2022-07-17T18:45:44.172,-115.047721415819,37.0286200577896,17978.993258106
2022-07-17T18:45:44.625,-115.047702874679,37.0282190860085,17970.3653857939
2022-07-17T18:45:45.148,-115.047681324655,37.0277557903378,17960.4319532791
2022-07-17T18:45:45.555,-115.04766442992,37.0273948976605,17952.6525353517
2022-07-17T18:45:45.977,-115.047646736488,37.0270203162969,17944.4850379965
2022-07-17T18:45:46.406,-115.047628519917,37.0266392073724,17936.1820608274
2022-07-17T18:45:46.984,-115.047603624367,37.0261253273668,17924.906770628
2022-07-17T18:45:47.484,-115.047581751836,37.0256804834258,17915.105402105
2022-07-17T18:45:47.797,-115.047567888872,37.0254018857106,17908.9533939172
2022-07-17T18:45:48.070,-115.047555677763,37.0251588055128,17903.5815757129
2022-07-17T18:45:48.602,-115.047531550993,37.0246849311239,17893.1080059322
2022-07-17T18:45:49.078,-115.047509611407,37.0242608685859,17883.7423011004
2022-07-17T18:45:49.500,-115.04748996305,37.0238849929614,17875.4840215178
2022-07-17T18:45:50.102,-115.04746173196,37.0233492450994,17863.703253014
2022-07-17T18:45:50.586,-115.047438935413,37.0229191462366,17854.3498019951
2022-07-17T18:45:51.031,-115.047417960948,37.0225243122819,17845.9114848084
2022-07-17T18:45:51.438,-115.047398788617,37.0221636910025,17838.1937430223
2022-07-17T18:45:51.797,-115.047381896478,37.0218459736105,17831.6121190516
2022-07-17T18:45:52.398,-115.047353665675,37.0213149201178,17820.5938571959
2022-07-17T18:45:53.023,-115.047324369027,37.0207637200669,17809.5248838861
2022-07-17T18:45:53.398,-115.047306819899,37.020433491535,17803.1486759883
2022-07-17T18:45:54.148,-115.047271855482,37.019774319518,17790.3962601928
2022-07-17T18:45:54.594,-115.047251154596,37.019383155735,17783.156630012
2022-07-17T18:45:55.023,-115.047231295102,37.0190074232231,17776.1929498604
2022-07-17T18:45:55.438,-115.04721208871,37.0186443896639,17769.6953641947
2022-07-17T18:45:55.797,-115.047195473508,37.0183306758164,17764.0745611728
2022-07-17T18:45:56.516,-115.047162203633,37.0177032158854,17753.1492937448
2022-07-17T18:45:56.984,-115.047140562433,37.0172953757333,17746.1980003735
2022-07-17T18:45:57.531,-115.047115301913,37.0168191968817,17738.2159048116
2022-07-17T18:45:58.023,-115.047092650641,37.0163912737853,17731.1353873174
2022-07-17T18:45:58.570,-115.047067551483,37.0159159026301,17723.3234731458
2022-07-17T18:45:59.156,-115.047040666342,37.0154069908794,17714.9709070736
2022-07-17T18:45:59.617,-115.047019490587,37.0150068222484,17708.3772091711
2022-07-17T18:46:00.055,-115.046999344949,37.0146267044102,17702.1124810121
2022-07-17T18:46:00.539,-115.046977024282,37.0142065980662,17695.1416909472
2022-07-17T18:46:01.070,-115.046952487223,37.0137454937606,17687.4401718712
2022-07-17T18:46:01.586,-115.046928565592,37.0132972195765,17679.896465738
2022-07-17T18:46:02.164,-115.046901608216,37.0127948397807,17671.3639481808
2022-07-17T18:46:02.750,-115.046874003202,37.012285299646,17662.6023557579
2022-07-17T18:46:03.195,-115.046852865434,37.0118982874801,17655.808856003
2022-07-17T18:46:03.875,-115.046820376355,37.0113068097174,17645.4277777261
2022-07-17T18:46:04.398,-115.046795334448,37.0108518419603,17637.2534867295
2022-07-17T18:46:04.945,-115.046769134555,37.0103759123012,17628.5582124789
2022-07-17T18:46:05.383,-115.046748107782,37.0099947374016,17621.3590685655
2022-07-17T18:46:05.789,-115.046728560499,37.0096413840241,17614.7419772256
2022-07-17T18:46:06.344,-115.046701774431,37.0091583758303,17605.5636866
2022-07-17T18:46:06.797,-115.046679861731,37.0087641371323,17597.7602830179
2022-07-17T18:46:07.523,-115.046644620442,37.0081321957725,17585.2541660191
2022-07-17T18:46:07.797,-115.046631270208,37.0078936561111,17580.3618734032
2022-07-17T18:46:08.422,-115.04660075318,37.0073495083403,17569.2024468162
2022-07-17T18:46:08.930,-115.046575924462,37.0069074045057,17559.9408891722
2022-07-17T18:46:09.398,-115.046553086542,37.0065005077951,17551.3012962751
2022-07-17T18:46:10.055,-115.046521218507,37.0059301546694,17539.0107622331
2022-07-17T18:46:10.477,-115.046500926565,37.0055643248728,17530.9812176919
2022-07-17T18:46:11.063,-115.046473044491,37.0050569304797,17519.8311866469
2022-07-17T18:46:11.469,-115.046453951574,37.0047057647516,17512.0003595691
2022-07-17T18:46:12.031,-115.046427822107,37.0042200863338,17501.1606432693
2022-07-17T18:46:12.398,-115.046410880627,37.0039031458589,17494.0533896816
2022-07-17T18:46:13.164,-115.046375639057,37.0032421840609,17479.2191764713
2022-07-17T18:46:13.750,-115.046348686739,37.0027368345711,17467.9083968797
2022-07-17T18:46:14.328,-115.046322010174,37.0022384431755,17456.8131957798
2022-07-17T18:46:14.594,-115.046309678108,37.0020090969148,17451.7505188565
2022-07-17T18:46:14.891,-115.046295859154,37.0017530092943,17446.0978307127
2022-07-17T18:46:15.195,-115.046281658149,37.0014908457168,17440.4099555329
2022-07-17T18:46:15.820,-115.046252285389,37.0009517946989,17428.7161332062
2022-07-17T18:46:16.398,-115.046224899777,37.0004532676926,17418.107517576
2022-07-17T18:46:16.813,-115.046205124306,37.0000953555137,17410.7105358222
2022-07-17T18:46:17.266,-115.046183424724,36.9997046957045,17402.810377175
2022-07-17T18:46:17.727,-115.046161190443,36.9993070376124,17394.7707013775
2022-07-17T18:46:18.188,-115.046138819018,36.9989091266737,17387.0422830987
2022-07-17T18:46:18.680,-115.046114842384,36.9984840697752,17378.7941664107
2022-07-17T18:46:19.188,-115.046090021461,36.9980447863912,17370.508645109
2022-07-17T18:46:19.734,-115.046063289651,36.9975722285876,17361.7530892541
2022-07-17T18:46:20.273,-115.046036776098,36.9971053729718,17353.238200892
2022-07-17T18:46:20.711,-115.046015134538,36.9967257700332,17346.4250367827
2022-07-17T18:46:21.195,-115.045991136321,36.9963060408944,17338.8963348899
2022-07-17T18:46:21.742,-115.045963980631,36.9958314074725,17330.4630507564
2022-07-17T18:46:22.289,-115.045936817467,36.9953565464465,17322.0506737218
2022-07-17T18:46:22.828,-115.045910062162,36.9948883290307,17313.7619644376
2022-07-17T18:46:23.359,-115.045883732315,36.9944266545266,17305.5826665282
2022-07-17T18:46:23.883,-115.045857804322,36.9939706950224,17297.4897780765
2022-07-17T18:46:24.336,-115.045835483538,36.9935762736542,17290.4623438886
2022-07-17T18:46:24.797,-115.045812872245,36.9931747396401,17283.3108049024
2022-07-17T18:46:25.289,-115.045788816812,36.9927461428533,17275.6421557443
2022-07-17T18:46:25.797,-115.045764052814,36.9923036612994,17267.700167141
2022-07-17T18:46:26.195,-115.045744697067,36.9919571245135,17261.4376254536
2022-07-17T18:46:27.008,-115.045705289443,36.9912499357177,17248.6450465797
2022-07-17T18:46:27.523,-115.045680414557,36.9908026477291,17240.4793169693
2022-07-17T18:46:27.797,-115.045667230046,36.9905649201861,17236.1068670904
2022-07-17T18:46:28.359,-115.045640329232,36.9900778341094,17227.1385574852
2022-07-17T18:46:28.789,-115.045619897844,36.9897055877938,17220.2106926249
2022-07-17T18:46:29.352,-115.04559337651,36.9892186956364,17211.1400230523
2022-07-17T18:46:29.766,-115.045574044206,36.988860908298,17204.3901468346
2022-07-17T18:46:30.289,-115.045549790846,36.9884090818292,17195.8631292941
2022-07-17T18:46:30.594,-115.045535708598,36.9881456372488,17190.8304423898
2022-07-17T18:46:31.164,-115.045509408102,36.9876533693084,17181.425093093
2022-07-17T18:46:31.688,-115.045485160791,36.9872009156567,17172.6895142053
2022-07-17T18:46:32.156,-115.045463417591,36.9867969252522,17164.8239166568
2022-07-17T18:46:32.688,-115.045438616169,36.9863377323556,17155.8089290134
2022-07-17T18:46:33.195,-115.045414927473,36.9859000666759,17147.1487614293
2022-07-17T18:46:33.703,-115.045391195614,36.9854614835593,17138.4091683043
2022-07-17T18:46:34.117,-115.045371880842,36.9851040087942,17131.2192165241
2022-07-17T18:46:34.523,-115.045352939863,36.9847533172341,17124.1682010103
2022-07-17T18:46:35.055,-115.045328115486,36.9842934818326,17114.8557563484
2022-07-17T18:46:35.578,-115.045303681887,36.9838409501056,17105.666742173
2022-07-17T18:46:36.133,-115.045277687614,36.9833600481981,17095.9023235685
2022-07-17T18:46:36.711,-115.045250507657,36.9828582050969,17085.7434967721
2022-07-17T18:46:37.195,-115.045227631189,36.9824368947502,17077.2628234813
2022-07-17T18:46:37.859,-115.045196036964,36.9818573813559,17065.6891336622
2022-07-17T18:46:38.266,-115.045176527899,36.9815014744734,17058.6570690206
2022-07-17T18:46:38.594,-115.045160722893,36.9812144719108,17052.9899505873
2022-07-17T18:46:39.195,-115.045131559266,36.980688442696,17042.6913442499
2022-07-17T18:46:39.836,-115.045100174836,36.9801274992021,17031.8539647157
2022-07-17T18:46:40.242,-115.045080138816,36.979772430339,17025.0517232462
2022-07-17T18:46:40.781,-115.045053298033,36.9793015145993,17016.0211612954
2022-07-17T18:46:41.367,-115.045023828947,36.9787903651788,17006.2869008452
2022-07-17T18:46:41.781,-115.045002882812,36.978429848313,16999.4445682522
2022-07-17T18:46:42.281,-115.044977540696,36.977995195432,16991.1808815458
2022-07-17T18:46:42.797,-115.044951413488,36.9775476982579,16982.6670586481
2022-07-17T18:46:43.195,-115.044931294117,36.9772032194722,16976.0826257217
2022-07-17T18:46:43.883,-115.04489650638,36.9766089197382,16964.7004904119
2022-07-17T18:46:44.195,-115.044880693481,36.9763398653394,16959.4932975046
2022-07-17T18:46:44.867,-115.044846500009,36.97576122284,16948.2778050893
2022-07-17T18:46:45.352,-115.044821727724,36.9753444822508,16940.0931659366
2022-07-17T18:46:45.797,-115.04479895815,36.9749628666795,16932.4849649548
2022-07-17T18:46:46.195,-115.04477858159,36.9746221942215,16925.6803267734
2022-07-17T18:46:46.906,-115.044742223313,36.9740148079134,16913.3259116989
2022-07-17T18:46:47.359,-115.044719158446,36.9736284457933,16905.2869051564
2022-07-17T18:46:47.797,-115.044696972922,36.9732550602698,16897.5372739765
2022-07-17T18:46:48.453,-115.044663991825,36.9726959933695,16885.8726156254
2022-07-17T18:46:48.898,-115.044641747924,36.972316802924,16877.8316744232
2022-07-17T18:46:49.398,-115.044616828092,36.971890726344,16868.7969090276
2022-07-17T18:46:49.930,-115.044590337211,36.9714371965722,16859.1112079149
2022-07-17T18:46:50.398,-115.044566990971,36.9710379297321,16850.5561447687
2022-07-17T18:46:51.000,-115.044536891445,36.9705238263804,16839.5137238874
2022-07-17T18:46:51.523,-115.044510713901,36.9700766762816,16829.8915543961
2022-07-17T18:46:51.797,-115.044496994127,36.9698422527367,16824.8370131261
2022-07-17T18:46:52.070,-115.044483325087,36.9696085830138,16819.800919087
2022-07-17T18:46:52.398,-115.044466898548,36.9693277067689,16813.7393041346
2022-07-17T18:46:53.125,-115.044430411667,36.9687047422644,16800.2657379625
2022-07-17T18:46:53.539,-115.044409579745,36.9683497974805,16792.5831210284
2022-07-17T18:46:53.797,-115.0443965832,36.9681285387311,16787.7967189491
2022-07-17T18:46:54.133,-115.044379651461,36.967840288669,16781.5662416432
2022-07-17T18:46:54.656,-115.04435332525,36.9673912864758,16771.8682070271
2022-07-17T18:46:55.063,-115.044332879692,36.9670415112849,16764.3342104375
2022-07-17T18:46:55.617,-115.044305130657,36.9665649168889,16754.0790897723
2022-07-17T18:46:56.141,-115.044279008406,36.966113590895,16744.3887834182
2022-07-17T18:46:56.602,-115.044256146048,36.9657160017377,16735.8610465851
2022-07-17T18:46:57.023,-115.0442353396,36.9653524180753,16728.0732435335
2022-07-17T18:46:57.523,-115.044210668061,36.9649200268779,16718.8143692478
2022-07-17T18:46:58.031,-115.044185571553,36.9644801606559,16709.4058239921
2022-07-17T18:46:58.555,-115.044159586085,36.9640257744704,16699.7112461514
2022-07-17T18:46:59.109,-115.044131950569,36.9635446390625,16689.4896545947
2022-07-17T18:46:59.594,-115.044107571454,36.9631229117313,16680.5808718712
2022-07-17T18:47:00.141,-115.044079876346,36.9626466834826,16670.5972302287
2022-07-17T18:47:00.586,-115.044057242292,36.9622588462265,16662.579363209
2022-07-17T18:47:01.148,-115.044028625284,36.9617690226688,16652.4534277817
2022-07-17T18:47:01.594,-115.044005974037,36.9613804398517,16644.591217388
2022-07-17T18:47:02.227,-115.043973977752,36.9608292745791,16633.4325196767
2022-07-17T18:47:02.797,-115.043945270854,36.9603334438439,16623.5928054634
2022-07-17T18:47:03.195,-115.043925264009,36.9599875958866,16616.8705585262
2022-07-17T18:47:03.781,-115.043895921898,36.9594792385721,16606.972978865
2022-07-17T18:47:04.797,-115.043845583183,36.9586014591906,16590.2308071607
2022-07-17T18:47:05.594,-115.043806778594,36.9579174441324,16577.2998938564
2022-07-17T18:47:06.195,-115.043778032461,36.9574047061373,16567.6262693139
2022-07-17T18:47:06.758,-115.043751581815,36.956927026834,16558.6076963755
2022-07-17T18:47:07.797,-115.043704568645,36.9560517457057,16541.85529966
2022-07-17T18:47:08.195,-115.043687320639,36.9557182064283,16535.2867346521
2022-07-17T18:47:08.914,-115.043657240476,36.9551178060586,16523.4204074143
2022-07-17T18:47:09.484,-115.043634378413,36.9546422060209,16513.880368836
2022-07-17T18:47:09.953,-115.043616158169,36.9542500380252,16505.9894185405
2022-07-17T18:47:10.594,-115.043591684454,36.9537125859266,16495.1829972591
2022-07-17T18:47:24.594,-115.043048753954,36.9418470812136,16252.432720479
2022-07-17T18:47:25.797,-115.043015795953,36.9408416222286,16230.7293041223
2022-07-17T18:47:26.594,-115.042992550173,36.9401742295297,16216.565088625
2022-07-17T18:47:26.922,-115.042982927162,36.9398994310707,16210.7233991622
2022-07-17T18:47:27.195,-115.042974944977,36.9396707069296,16205.8612612862
2022-07-17T18:47:27.797,-115.042957532377,36.9391663943609,16194.7803789996
2022-07-17T18:47:28.594,-115.042934940409,36.9384996804339,16179.5660833411
2022-07-17T18:47:28.875,-115.042927050894,36.9382650302614,16174.2318116257
2022-07-17T18:47:29.797,-115.042901160594,36.9374967311891,16156.7293257837
2022-07-17T18:47:30.398,-115.042884325123,36.9369967886324,16145.5117410301
2022-07-17T18:47:31.031,-115.0428667686,36.9364707243356,16133.8608025497
2022-07-17T18:47:32.078,-115.042838104085,36.935601769997,16114.8740849957
2022-07-17T18:47:32.398,-115.04282941119,36.9353365025303,16109.1783084325
2022-07-17T18:47:32.984,-115.042813621383,36.9348511094621,16098.7479176016
2022-07-17T18:47:33.594,-115.042797419139,36.9343463221922,16088.057750075
2022-07-17T18:47:34.039,-115.042785764959,36.9339783484394,16080.3986156705
2022-07-17T18:47:34.797,-115.042766234009,36.9333518392843,16067.352269876
2022-07-17T18:47:35.109,-115.042758324743,36.9330939793355,16062.0673377637
2022-07-17T18:47:35.398,-115.042751071916,36.9328550972091,16057.1720000055
2022-07-17T18:47:36.031,-115.042735425409,36.9323316657743,16046.5438408729
2022-07-17T18:47:36.594,-115.042721733539,36.931865730572,16037.1577412633
2022-07-17T18:47:37.148,-115.042708387145,36.9314066651926,16027.9678872063
2022-07-17T18:47:37.680,-115.042695654255,36.9309650778844,16019.1763236377
2022-07-17T18:47:38.133,-115.042684913003,36.9305883793195,16011.714957409
2022-07-17T18:47:38.680,-115.042672142567,36.9301328076944,16002.7053165106
2022-07-17T18:47:39.133,-115.042661742603,36.9297550352114,15995.2535147406
2022-07-17T18:47:39.727,-115.042648249163,36.9292591709987,15985.4822779828
2022-07-17T18:47:40.203,-115.042637452892,36.9288614527549,15977.6526703749
2022-07-17T18:47:40.609,-115.042628188897,36.9285219447634,15970.970413889
2022-07-17T18:47:41.055,-115.042617941001,36.9281486390865,15963.6298070104
2022-07-17T18:47:41.648,-115.042604267858,36.9276515576218,15953.8551659748
2022-07-17T18:47:42.063,-115.042594755444,36.927303343747,15946.9934773883
2022-07-17T18:47:42.539,-115.042583977469,36.9269038497955,15939.1232032503
2022-07-17T18:47:42.797,-115.042578210738,36.9266873839359,15934.835247135
2022-07-17T18:47:43.523,-115.042562256913,36.9260790656759,15922.7691380666
2022-07-17T18:47:44.016,-115.042551597824,36.9256669933218,15914.5372891415
2022-07-17T18:47:44.547,-115.042540229946,36.9252238726262,15905.6433512767
2022-07-17T18:47:44.797,-115.042534909043,36.925015497607,15901.4466091373
2022-07-17T18:47:45.195,-115.042526437511,36.924684111359,15894.7653956513
2022-07-17T18:47:45.469,-115.042520616789,36.92445619438,15890.1652454532
2022-07-17T18:47:46.070,-115.042507889232,36.9239568331282,15880.0751349816
2022-07-17T18:47:46.398,-115.042500975264,36.9236846196284,15874.5850446404
2022-07-17T18:47:47.086,-115.042486579352,36.9231143579312,15863.0692453881
2022-07-17T18:47:47.492,-115.042478129633,36.9227783327202,15856.2989735039
2022-07-17T18:47:48.070,-115.042466117274,36.9223005750842,15846.6605076196
2022-07-17T18:47:48.398,-115.042459297988,36.9220297521437,15841.2007381637
2022-07-17T18:47:49.086,-115.042445042747,36.9214623642322,15829.7689434653
2022-07-17T18:47:49.664,-115.042433150613,36.9209863636472,15820.1680031864
2022-07-17T18:47:50.164,-115.042422861754,36.9205749881483,15811.861117241
2022-07-17T18:47:50.609,-115.042413594493,36.9202090136171,15804.4622698909
2022-07-17T18:47:51.039,-115.042404446926,36.9198554456805,15797.3128218894
2022-07-17T18:47:51.563,-115.042392976635,36.9194246211597,15788.5897886872
2022-07-17T18:47:52.094,-115.042380937838,36.918988011207,15779.7368471291
2022-07-17T18:47:52.672,-115.042367353523,36.9185127025092,15770.0802939622
2022-07-17T18:47:53.203,-115.042354512392,36.9180758982389,15761.1893279094
2022-07-17T18:47:53.633,-115.042343936226,36.9177220033761,15753.9695185053
2022-07-17T18:47:54.063,-115.042333261996,36.9173680053063,15746.7497091013
2022-07-17T18:47:54.555,-115.042321043685,36.9169629301272,15738.4667458004
2022-07-17T18:47:55.055,-115.042308717251,36.9165511483213,15730.0362754957
2022-07-17T18:47:55.539,-115.042296907155,36.9161523047135,15721.8649907465
2022-07-17T18:47:55.992,-115.042286025832,36.9157786987814,15714.2078280467
2022-07-17T18:47:56.438,-115.042275539826,36.915410537068,15706.6689879492
2022-07-17T18:47:56.984,-115.042263091785,36.9149592966647,15697.432903112
2022-07-17T18:47:57.445,-115.042252959296,36.9145778446604,15689.6302954954
2022-07-17T18:47:57.797,-115.04224544812,36.9142863407273,15683.6725560572
2022-07-17T18:47:58.313,-115.042234675128,36.9138587200502,15674.9370060369
2022-07-17T18:47:58.820,-115.042224178295,36.9134382517144,15666.3566190477
2022-07-17T18:47:59.391,-115.042212256211,36.9129641473484,15656.6943054027
2022-07-17T18:47:59.828,-115.042202941922,36.9126007112963,15649.292563999
2022-07-17T18:48:00.422,-115.042189948999,36.9121057888049,15639.2316157289
2022-07-17T18:48:00.945,-115.042178224798,36.9116695009572,15630.3520299371
2022-07-17T18:48:01.477,-115.042166110058,36.9112256293375,15621.2988038628
2022-07-17T18:48:01.953,-115.042155089215,36.9108287205235,15613.1760056683
2022-07-17T18:48:02.398,-115.042144559119,36.9104579758841,15605.5398090423
2022-07-17T18:48:02.992,-115.04213004156,36.9099635432064,15595.3467735464
2022-07-17T18:48:03.563,-115.042115482902,36.909488655479,15585.4770883909
2022-07-17T18:48:04.055,-115.042102444632,36.9090796776292,15576.9259642813
2022-07-17T18:48:04.500,-115.04209031351,36.9087098743253,15569.1387665234
2022-07-17T18:48:04.992,-115.042076594203,36.9083011231244,15560.5291006878
2022-07-17T18:48:05.461,-115.042063204958,36.9079116295057,15552.2709480461
2022-07-17T18:48:05.875,-115.042051148585,36.907567962925,15544.9392669318
2022-07-17T18:48:06.383,-115.042036148116,36.9071464986703,15535.9429045984
2022-07-17T18:48:06.797,-115.042023879062,36.9068032057181,15528.5701182267
2022-07-17T18:48:07.195,-115.042012133051,36.9064733316991,15521.4822704587
2022-07-17T18:48:07.742,-115.041996162256,36.9060200507645,15511.7156058812
2022-07-17T18:48:08.336,-115.041979105092,36.905527656035,15501.1040273582
2022-07-17T18:48:08.789,-115.041966307746,36.9051518214995,15493.0203251919
2022-07-17T18:48:09.219,-115.041954339886,36.9047946752478,15485.3470538202
2022-07-17T18:48:09.695,-115.041941329591,36.9043988131625,15476.8792589891
2022-07-17T18:48:10.250,-115.04192645137,36.9039365685701,15467.0518480766
2022-07-17T18:48:10.773,-115.04191275156,36.9035004382032,15457.8539306404
2022-07-17T18:48:11.305,-115.041899179553,36.9030564244576,15448.575712147
2022-07-17T18:48:11.766,-115.041887722841,36.9026714719661,15440.6460269642
2022-07-17T18:48:12.195,-115.041877303746,36.9023131269756,15433.2667754601
2022-07-17T18:48:12.758,-115.041863849662,36.90184275226,15423.726446522
2022-07-17T18:48:13.195,-115.041853379242,36.90147760495,15416.4405212685
2022-07-17T18:48:13.875,-115.041836694925,36.900909433024,15405.1031547417
2022-07-17T18:48:14.781,-115.041813529362,36.9001534129894,15390.2309356529
2022-07-17T18:48:15.242,-115.041801304668,36.8997697898968,15382.723457899
2022-07-17T18:48:15.594,-115.041791829547,36.8994775035783,15376.991067076
2022-07-17T18:48:16.398,-115.041769737481,36.8988112514196,15363.935422509
2022-07-17T18:48:16.758,-115.041759595667,36.8985132278747,15358.0865000076
2022-07-17T18:48:17.305,-115.041743867103,36.8980605131347,15349.1993872069
2022-07-17T18:48:17.594,-115.04173540489,36.8978213287002,15344.4962579154
2022-07-17T18:48:17.859,-115.04172756318,36.8976019790675,15340.1836999146
2022-07-17T18:48:18.195,-115.041717514159,36.8973238046572,15334.7086191567
2022-07-17T18:48:18.961,-115.041694202502,36.8966893030367,15322.2267386197
2022-07-17T18:48:19.477,-115.041678283414,36.8962615828366,15313.8190003465
2022-07-17T18:48:19.953,-115.041663534633,36.8958669410561,15306.0724347217
2022-07-17T18:48:20.500,-115.041646648433,36.8954134789343,15297.1900025207
2022-07-17T18:48:20.938,-115.041633269671,36.895050440169,15290.1042619907
2022-07-17T18:48:21.422,-115.041618631316,36.8946492304986,15282.2743569299
2022-07-17T18:48:21.797,-115.041607388907,36.8943382412173,15276.2507858111
2022-07-17T18:48:22.438,-115.04158832969,36.8938060357682,15265.9489523206
2022-07-17T18:48:22.797,-115.041577682734,36.8935074345672,15260.1879294944
2022-07-17T18:48:23.461,-115.04155794073,36.8929537024235,15249.5833440714
2022-07-17T18:48:24.055,-115.041540195528,36.8924564779352,15240.1170305702
2022-07-17T18:48:24.594,-115.041524033218,36.8920041021758,15231.5346239769
2022-07-17T18:48:25.172,-115.041506652019,36.8915181118431,15222.3374176267
2022-07-17T18:48:25.594,-115.041493945359,36.8911628878044,15215.6274524744
2022-07-17T18:48:26.164,-115.041476753408,36.8906826230948,15206.564229401
2022-07-17T18:48:26.570,-115.041464477634,36.8903402279995,15200.0932887824
2022-07-17T18:48:26.984,-115.041451909191,36.8899908096356,15193.4948419448
2022-07-17T18:48:27.578,-115.041433738544,36.8894890114983,15183.9757168412
2022-07-17T18:48:28.164,-115.041415605894,36.8889934917544,15174.5296497019
2022-07-17T18:48:28.688,-115.041399205213,36.8885499339623,15166.0275245453
2022-07-17T18:48:29.125,-115.041385368885,36.8881796509055,15158.8740053325
2022-07-17T18:48:29.547,-115.041371875069,36.887821746427,15151.9660302575
2022-07-17T18:48:30.078,-115.041354765512,36.8873709050044,15143.1988656658
2022-07-17T18:48:30.398,-115.041344408089,36.8870989149429,15137.8765635872
2022-07-17T18:48:31.008,-115.041324608216,36.8865798409225,15127.7309252501
2022-07-17T18:48:31.398,-115.041311950591,36.8862476154076,15121.1947442873
2022-07-17T18:48:32.086,-115.041289686712,36.8856609979476,15109.6642506913
2022-07-17T18:48:32.500,-115.041276315375,36.8853078036365,15102.6931055485
2022-07-17T18:48:33.023,-115.041259467899,36.8848616548479,15093.8865622884
2022-07-17T18:48:33.594,-115.041241217052,36.8843746609556,15084.2593856241
2022-07-17T18:48:34.063,-115.041226462142,36.8839747087873,15076.3506774979
2022-07-17T18:48:34.594,-115.041210049158,36.8835218077107,15067.3961621193
2022-07-17T18:48:35.156,-115.041192916272,36.8830424485085,15057.9217558726
2022-07-17T18:48:36.070,-115.041165228278,36.8822628910609,15042.5261795206
2022-07-17T18:48:36.594,-115.041149327236,36.8818159559939,15033.7071506561
2022-07-17T18:48:37.047,-115.041135547162,36.8814294225618,15026.0974311038
2022-07-17T18:48:37.398,-115.041124858323,36.881129711419,15020.2011583382
2022-07-17T18:48:38.133,-115.041102413419,36.8805013255443,15007.9116879051
2022-07-17T18:48:39.133,-115.041071664101,36.8796447692085,14991.3232554899
2022-07-17T18:48:39.398,-115.04106353423,36.8794175374606,14986.9603911006
2022-07-17T18:48:40.055,-115.041043585603,36.878853822655,14976.143780143
2022-07-17T18:48:40.625,-115.041026494907,36.8783642988079,14966.7924116074
2022-07-17T18:48:41.094,-115.041012544432,36.8779611159944,14959.1068420391
2022-07-17T18:48:42.094,-115.04098300617,36.8770998867882,14942.7197560298
2022-07-17T18:48:42.594,-115.040968293966,36.8766683245699,14934.5174660606
2022-07-17T18:48:43.117,-115.040952915562,36.8762163347964,14925.9232703824
2022-07-17T18:48:43.594,-115.040938878985,36.8758035806923,14918.0695432808
2022-07-17T18:48:44.141,-115.040922740374,36.8753295042533,14909.0497364581
2022-07-17T18:48:44.594,-115.040909334719,36.8749362035892,14901.5725982666
2022-07-17T18:48:45.133,-115.040893368345,36.874467539312,14892.6759592262
2022-07-17T18:48:45.594,-115.040879742209,36.8740661815543,14885.0827607865
2022-07-17T18:48:46.141,-115.040863655091,36.8735894413097,14876.0730437657
2022-07-17T18:48:46.586,-115.040850630853,36.8732013145343,14868.7774672405
2022-07-17T18:48:47.156,-115.040833990277,36.8727039177472,14859.4325714663
2022-07-17T18:48:47.594,-115.040821208771,36.8723214940506,14852.2751265365
2022-07-17T18:48:48.078,-115.040807098572,36.8718986225931,14844.3659864771
2022-07-17T18:48:48.398,-115.040797781651,36.8716189416617,14839.1322352719
2022-07-17T18:48:49.016,-115.040779815129,36.8710789341631,14829.0245532571
2022-07-17T18:48:49.797,-115.040757045056,36.8703968379932,14816.2127937947
2022-07-17T18:48:50.594,-115.040733641823,36.8697010879728,14803.0816983219
2022-07-17T18:48:51.117,-115.040718218126,36.8692445283815,14794.4240126032
2022-07-17T18:48:51.797,-115.04069810439,36.8686509539059,14783.114196005
2022-07-17T18:48:52.195,-115.040686328046,36.8683036213847,14776.4298445986
2022-07-17T18:48:53.336,-115.040652806919,36.8673083972768,14757.2669175772
2022-07-17T18:48:53.750,-115.040640779999,36.8669474975388,14750.2362673807
2022-07-17T18:48:54.195,-115.040627948788,36.866559789645,14742.6791675317
2022-07-17T18:48:54.727,-115.04061274374,36.8660965478886,14733.589512318
2022-07-17T18:48:55.141,-115.040600988625,36.8657361627743,14726.4923060174
2022-07-17T18:48:55.594,-115.040588166797,36.8653418281957,14718.7265223119
2022-07-17T18:48:56.180,-115.040571568786,36.8648315021206,14708.6807616136
2022-07-17T18:48:57.211,-115.04054226595,36.8639322875098,14691.065129225
2022-07-17T18:48:57.594,-115.04053131682,36.8635976948361,14684.5624450452
2022-07-17T18:48:58.109,-115.040516524585,36.8631473926858,14675.8186268922
2022-07-17T18:48:58.594,-115.040502586277,36.8627230638651,14667.6241727191
2022-07-17T18:48:59.195,-115.040485368633,36.8621970668768,14657.508336433
2022-07-17T18:48:59.688,-115.040471274735,36.8617653791816,14649.2466671542
2022-07-17T18:49:00.242,-115.04045550848,36.8612799334075,14640.009023981
2022-07-17T18:49:00.656,-115.040443829284,36.8609168630871,14633.1643943389
2022-07-17T18:49:01.227,-115.040427860713,36.8604155924211,14623.724095968
2022-07-17T18:49:01.672,-115.040415492759,36.8600244543849,14616.45193039
2022-07-17T18:49:02.133,-115.040402693086,36.8596187353826,14608.9182936904
2022-07-17T18:49:03.031,-115.040377839224,36.85882662889,14594.4595564141
2022-07-17T18:49:03.398,-115.04036770561,36.8585022093716,14588.6634737229
2022-07-17T18:49:04.109,-115.040348115382,36.8578726789903,14577.43455058
2022-07-17T18:49:05.117,-115.040320558553,36.8569786668908,14561.784467195
2022-07-17T18:49:05.594,-115.040307596466,36.8565550208315,14554.4451844201
2022-07-17T18:49:06.188,-115.04029152369,36.8560270439145,14545.3376729377
2022-07-17T18:49:07.195,-115.040264606878,36.8551315969556,14529.8691087067
2022-07-17T18:49:08.234,-115.040237238225,36.8542084560618,14513.7059473435
2022-07-17T18:49:08.672,-115.040225759508,36.853819437078,14506.7563137022
2022-07-17T18:49:09.094,-115.040214704903,36.8534445758167,14500.0605479568
2022-07-17T18:49:09.398,-115.040206721929,36.853174524171,14495.1767018182
2022-07-17T18:49:10.016,-115.040190381764,36.8526256498472,14485.081846111
2022-07-17T18:49:11.039,-115.040162929048,36.8517179612535,14468.0638076402
2022-07-17T18:49:11.633,-115.040146765158,36.8511917824303,14458.0244682737
2022-07-17T18:49:12.156,-115.040132455713,36.8507291979232,14449.1067868193
2022-07-17T18:49:12.797,-115.040114901165,36.850163156379,14438.1031939581
2022-07-17T18:49:13.180,-115.040104428184,36.8498254171664,14431.4565400941
2022-07-17T18:49:14.258,-115.040074947413,36.8488764791556,14412.7487258236
2022-07-17T18:49:14.773,-115.04006082858,36.8484235938413,14403.7093372096
2022-07-17T18:49:15.313,-115.040046021437,36.8479488182294,14394.1702476653
2022-07-17T18:49:15.594,-115.040038337438,36.8477017635453,14389.164519097
2022-07-17T18:49:16.203,-115.040021757407,36.8471662826748,14378.3158048692
2022-07-17T18:49:16.797,-115.040005677524,36.8466439068293,14367.6428482429
2022-07-17T18:49:17.398,-115.0399894883,36.8461152701395,14356.7510179145
2022-07-17T18:49:17.898,-115.039976097716,36.8456754195058,14347.6280166032
2022-07-17T18:49:18.195,-115.039968205439,36.8454142166296,14342.1658458097
2022-07-17T18:49:18.898,-115.039949802543,36.844796421145,14329.2368691507
2022-07-17T18:49:19.594,-115.039932110417,36.8441857422605,14316.3643884114
2022-07-17T18:49:19.945,-115.039923422759,36.8438781244022,14309.8637858388
2022-07-17T18:49:20.367,-115.039913178454,36.8435085985003,14302.0482465639
2022-07-17T18:49:20.969,-115.039898904621,36.8429821317683,14290.9083915849
2022-07-17T18:49:21.398,-115.039888957959,36.8426074656104,14283.0037786318
2022-07-17T18:49:21.961,-115.039876219768,36.8421163215727,14272.6301257356
2022-07-17T18:49:22.797,-115.039857859184,36.8413875941987,14257.3287962848
2022-07-17T18:49:23.398,-115.039844876531,36.8408635918574,14246.4098060293
2022-07-17T18:49:24.047,-115.03983095043,36.8402972952568,14234.7299258173
2022-07-17T18:49:24.594,-115.039819178265,36.8398194374761,14225.0038251587
2022-07-17T18:49:25.164,-115.039806784206,36.8393208825469,14215.005068429
2022-07-17T18:49:25.797,-115.03979291015,36.8387666357161,14204.0865631283
2022-07-17T18:49:26.180,-115.03978449202,36.8384310162816,14197.6276926168
2022-07-17T18:49:26.664,-115.039773837103,36.8380067155753,14189.4655690456
2022-07-17T18:49:27.195,-115.03976209559,36.8375410762292,14180.6895622318
2022-07-17T18:49:27.594,-115.039753192046,36.8371911206525,14174.1987876324
2022-07-17T18:49:28.203,-115.039739336188,36.8366568352706,14164.2918158752
2022-07-17T18:49:28.594,-115.039730246547,36.8363137264062,14157.9932394708
2022-07-17T18:49:29.203,-115.039715790023,36.8357791830846,14148.1829248155
2022-07-17T18:49:29.750,-115.039702543136,36.8352989420231,14139.3745500999
2022-07-17T18:49:30.195,-115.039691573748,36.8349080430898,14132.1813941897
2022-07-17T18:49:30.836,-115.039675570227,36.8343444940846,14121.8200168002
2022-07-17T18:49:31.305,-115.03966379138,36.8339319475337,14114.2015674889
2022-07-17T18:49:31.594,-115.039656528251,36.8336776705899,14109.4753886764
2022-07-17T18:49:32.422,-115.039635733611,36.8329493997516,14095.9346410751
2022-07-17T18:49:32.797,-115.039626417267,36.8326202463961,14089.7602635417
2022-07-17T18:49:33.195,-115.039616661993,36.8322717293795,14083.173695761
2022-07-17T18:49:33.805,-115.039601984832,36.8317391471353,14073.0360358397
2022-07-17T18:49:34.336,-115.039589414299,36.8312768798033,14064.1698131476
2022-07-17T18:49:34.594,-115.039583364773,36.831052652184,14059.8415975301
2022-07-17T18:49:35.273,-115.039567593549,36.830463136941,14048.4506734824
2022-07-17T18:49:36.227,-115.039545697236,36.8296346608108,14032.3430794244
2022-07-17T18:49:36.594,-115.039537311433,36.829315648067,14026.1011884851
2022-07-17T18:49:37.359,-115.039519895755,36.8286499061503,14013.0901624128
2022-07-17T18:49:37.930,-115.039507122092,36.8281522622623,14003.3146773399
2022-07-17T18:49:38.383,-115.039497069868,36.827756912233,13995.493866702
2022-07-17T18:49:39.492,-115.039472996198,36.8267863244368,13976.3475554497
2022-07-17T18:49:40.398,-115.039454248106,36.825991246694,13960.6107587677
2022-07-17T18:49:41.477,-115.039433633842,36.8250434852788,13941.6574439895
2022-07-17T18:49:41.797,-115.039428382715,36.8247624843489,13935.9895740071
2022-07-17T18:49:42.445,-115.039419624765,36.8241934606925,13924.5121372929
2022-07-17T18:49:43.289,-115.039413373866,36.8234518046139,13909.4352239174
2022-07-17T18:49:43.742,-115.039413138856,36.8230534488109,13901.3104273985
2022-07-17T18:49:44.313,-115.039416548328,36.8225509943272,13891.0692379673
2022-07-17T18:49:44.797,-115.039422861523,36.822124886504,13882.3904606901
2022-07-17T18:49:45.422,-115.03943585213,36.8215745338666,13871.2231975526
2022-07-17T18:49:45.797,-115.039446351111,36.821244357493,13864.583588733
2022-07-17T18:49:46.391,-115.039467515711,36.8207215789935,13854.0664483627
2022-07-17T18:49:46.797,-115.039485289552,36.8203645095892,13846.9901125305
2022-07-17T18:49:47.539,-115.039524430886,36.819712436204,13834.0574987683
2022-07-17T18:49:47.984,-115.039551944741,36.8193215792603,13826.4374152527
2022-07-17T18:49:48.453,-115.03958406106,36.8189096531094,13818.4063609406
2022-07-17T18:49:49.039,-115.039628692001,36.818394822054,13808.5072978276
2022-07-17T18:49:49.398,-115.039658599012,36.8180792908688,13802.5355684861
2022-07-17T18:49:50.125,-115.039725247477,36.8174398757606,13790.4424007111
2022-07-17T18:49:50.398,-115.039752401959,36.817199560339,13785.9892154224
2022-07-17T18:49:51.195,-115.039837607489,36.8164971751822,13772.9885243046
2022-07-17T18:49:51.688,-115.039893717222,36.8160621674111,13765.042157053
2022-07-17T18:49:52.594,-115.0400032629,36.8152620538634,13750.5286998106
2022-07-17T18:49:53.172,-115.040077338084,36.8147513964969,13741.2862589025
2022-07-17T18:49:53.633,-115.040138402345,36.8143441393049,13733.8819153862
2022-07-17T18:49:54.398,-115.04024340291,36.8136685841329,13721.5948811344
2022-07-17T18:49:54.688,-115.04028440439,36.8134125804774,13716.8904771453
2022-07-17T18:49:55.195,-115.040357542894,36.8129651229343,13708.6658812054
2022-07-17T18:49:55.617,-115.040419755389,36.8125927795466,13701.744783286
2022-07-17T18:49:56.195,-115.040506895151,36.8120829301752,13692.2674216305
2022-07-17T18:49:56.633,-115.040574423683,36.8116966630591,13685.0816660199
2022-07-17T18:49:57.398,-115.040695288911,36.8110219995618,13672.4821617342
2022-07-17T18:49:58.594,-115.040890240669,36.8099670428751,13652.8809254924
2022-07-17T18:49:59.570,-115.041053689634,36.8091067108235,13637.1741017337
2022-07-17T18:49:59.977,-115.041122801636,36.8087482237993,13630.8056600711
2022-07-17T18:50:00.398,-115.04119477275,36.808377562599,13624.2181565329
2022-07-17T18:50:01.508,-115.041386902145,36.8074004447886,13607.4932596369
2022-07-17T18:50:01.797,-115.041437497832,36.8071460177145,13603.2917584692
2022-07-17T18:50:02.102,-115.041491166698,36.8068775356568,13598.8576482405
2022-07-17T18:50:02.625,-115.041583835215,36.8064172599391,13591.4275798744
2022-07-17T18:50:03.063,-115.041662041259,36.806031882144,13585.4452272313
2022-07-17T18:50:03.617,-115.041761743502,36.8055444911744,13577.8166070793
2022-07-17T18:50:04.125,-115.041853939436,36.8050976308525,13570.9400708225
2022-07-17T18:50:04.578,-115.041936766524,36.8046992226068,13565.0456396899
2022-07-17T18:50:05.039,-115.042021646868,36.8042938602506,13559.047112643
2022-07-17T18:50:05.539,-115.042114364794,36.8038543330414,13552.7376346097
2022-07-17T18:50:05.797,-115.042162446912,36.8036276009739,13549.5328494318
2022-07-17T18:50:06.070,-115.042213478269,36.803387761789,13546.1924053102
2022-07-17T18:50:06.484,-115.042291127743,36.8030242592581,13541.2372848962
2022-07-17T18:50:06.797,-115.042350018968,36.8027496414675,13537.4910223608
2022-07-17T18:50:07.609,-115.042503518352,36.8020381514269,13528.1136675791
2022-07-17T18:50:08.039,-115.042585207452,36.8016618438503,13523.3352945456
2022-07-17T18:50:08.578,-115.042687970992,36.8011905169113,13517.3456595108
2022-07-17T18:50:09.141,-115.042795716585,36.8006986444192,13511.2627249134
2022-07-17T18:50:09.398,-115.042845035779,36.8004742714557,13508.5523652403
2022-07-17T18:50:10.109,-115.04298186886,36.7998542740145,13501.0540550162
2022-07-17T18:50:10.398,-115.043037658435,36.7996026282786,13498.0713367083
2022-07-17T18:50:10.648,-115.043086064673,36.7993852916177,13495.4911305596
2022-07-17T18:50:11.172,-115.043187523236,36.7989297538783,13490.1475353897
2022-07-17T18:50:11.594,-115.043269433479,36.7985635541801,13485.8932323038
2022-07-17T18:50:12.188,-115.043384896468,36.7980488822326,13479.9049478653
2022-07-17T18:50:12.734,-115.043491212229,36.7975765142187,13474.4421290754
2022-07-17T18:50:13.195,-115.043581144121,36.7971782403576,13469.8448086788
2022-07-17T18:50:13.750,-115.043689647462,36.7966994459571,13464.3100737114
2022-07-17T18:50:14.328,-115.043802872285,36.7962017925115,13458.5569676273
2022-07-17T18:50:14.594,-115.043855043164,36.795973166416,13455.9107803379
2022-07-17T18:50:14.844,-115.043904145794,36.795758781937,13453.4237622087
2022-07-17T18:50:15.352,-115.044003921472,36.7953231525813,13448.3692371954
2022-07-17T18:50:15.914,-115.044114487748,36.794842656401,13442.7715177701
2022-07-17T18:50:16.195,-115.044169822436,36.7946028680586,13439.9620430486
2022-07-17T18:50:16.516,-115.044233071949,36.7943292976703,13436.7526430999
2022-07-17T18:50:16.992,-115.044326956397,36.7939243427408,13431.9627419589
2022-07-17T18:50:17.555,-115.044438169256,36.7934464481789,13426.251410731
2022-07-17T18:50:18.023,-115.044530752724,36.7930500416255,13421.4570027706
2022-07-17T18:50:18.398,-115.044605016784,36.7927328957977,13417.5603936886
2022-07-17T18:50:18.922,-115.044708897355,36.79229031508,13412.1155319314
2022-07-17T18:50:19.195,-115.044763076857,36.7920599220422,13409.2214720564
2022-07-17T18:50:19.836,-115.044890449725,36.7915192849557,13402.426261874
2022-07-17T18:50:20.398,-115.045002279118,36.7910454675264,13396.3765412792
2022-07-17T18:50:21.000,-115.045122249668,36.7905378137781,13389.8439093949
2022-07-17T18:50:21.492,-115.045220470399,36.7901226746997,13384.4771705935
2022-07-17T18:50:21.992,-115.045320485952,36.789700539163,13379.007283489
2022-07-17T18:50:22.438,-115.04540992946,36.7893238111308,13374.1256568362
2022-07-17T18:50:22.961,-115.045515159204,36.7888818110695,13368.4012381379
2022-07-17T18:50:23.391,-115.045601997512,36.7885182120915,13363.7239136972
2022-07-17T18:50:23.797,-115.045684278235,36.7881746710427,13359.3076492253
2022-07-17T18:50:24.352,-115.045797271866,36.7877043692698,13353.3301516389
2022-07-17T18:50:24.813,-115.04589162192,36.7873128685421,13348.4442855063
2022-07-17T18:50:25.289,-115.045989515209,36.7869078646925,13343.3994432521
2022-07-17T18:50:25.594,-115.046052475158,36.7866480265863,13340.2645400587
2022-07-17T18:50:26.586,-115.046258243476,36.7858019178797,13330.0683959017
2022-07-17T18:50:27.398,-115.046427689114,36.78510837584,13322.0019390341
2022-07-17T18:50:27.906,-115.04653413233,36.7846742624914,13317.0636028811
2022-07-17T18:50:28.359,-115.046629294356,36.7842872401917,13312.762369256
2022-07-17T18:50:29.320,-115.046831638794,36.7834671832585,13303.6376771724
2022-07-17T18:50:29.797,-115.046932256364,36.7830607635481,13299.1786182338
2022-07-17T18:50:30.195,-115.047016287343,36.7827219973083,13295.4843003343
2022-07-17T18:50:30.859,-115.047156618543,36.7821574617472,13289.3209156981
2022-07-17T18:50:31.195,-115.047227713396,36.7818720952332,13286.2254337117
2022-07-17T18:50:32.398,-115.047482834117,36.7808520059468,13275.1425026716
2022-07-17T18:50:33.547,-115.047727243726,36.7798791208792,13264.5807384077
2022-07-17T18:50:34.109,-115.04784684144,36.7794030230157,13259.4199258665
2022-07-17T18:50:34.594,-115.047950040792,36.7789918243048,13254.9726711739
2022-07-17T18:50:35.195,-115.048077871574,36.778481748204,13249.4705696731
2022-07-17T18:50:35.695,-115.0481842328,36.7780569594164,13244.9011780515
2022-07-17T18:50:36.000,-115.048249147632,36.7777976819825,13242.1188038991
2022-07-17T18:50:36.625,-115.048382305111,36.7772660961093,13236.4172175211
2022-07-17T18:50:37.156,-115.04849560333,36.7768142107977,13231.5880832165
2022-07-17T18:50:37.578,-115.048585770571,36.7764549221612,13227.7783952719
2022-07-17T18:50:38.398,-115.048761315585,36.7757562950737,13220.3756840999
2022-07-17T18:50:39.195,-115.048932149881,36.7750770714002,13213.2624951156
2022-07-17T18:50:39.734,-115.049047585855,36.774618039625,13208.4931003395
2022-07-17T18:50:40.594,-115.049231499913,36.7738863581636,13200.9402047793
2022-07-17T18:50:40.852,-115.049286659352,36.7736669703559,13198.6775989982
2022-07-17T18:50:41.398,-115.049403480413,36.7732027556179,13193.8892937406
2022-07-17T18:50:41.945,-115.049520654258,36.7727376938999,13189.061943226
2022-07-17T18:50:42.195,-115.049574337304,36.7725251949419,13186.8263378366
2022-07-17T18:50:42.883,-115.049722044229,36.7719403975974,13180.6739518051
2022-07-17T18:50:43.398,-115.04983265522,36.7715029964727,13175.9886255432
2022-07-17T18:50:43.805,-115.049920177036,36.7711576093262,13172.2130013239
2022-07-17T18:50:44.250,-115.050015938255,36.7707803125635,13168.0848618211
2022-07-17T18:50:44.750,-115.05012356061,36.7703568462479,13163.3467106782
2022-07-17T18:50:45.195,-115.050219398869,36.7699802984482,13159.024413094
2022-07-17T18:50:45.664,-115.050320470628,36.7695837175641,13154.4690028313
2022-07-17T18:50:46.703,-115.050544505477,36.768705557117,13144.0389585704
2022-07-17T18:50:47.273,-115.050667222418,36.7682231882672,13138.1878948588
2022-07-17T18:50:47.688,-115.05075643404,36.7678714427946,13133.8651906695
2022-07-17T18:50:48.234,-115.050873797351,36.7674080176166,13128.1779702179
2022-07-17T18:50:48.766,-115.05098832576,36.7669558758498,13122.5808843011
2022-07-17T18:50:49.211,-115.051084252263,36.7665772953591,13117.8723647203
2022-07-17T18:50:49.656,-115.051180246197,36.7661983572574,13113.1638451394
2022-07-17T18:50:50.094,-115.051274772117,36.7658250259423,13108.5140631181
2022-07-17T18:50:50.508,-115.051364160179,36.7654718207469,13104.1190636733
2022-07-17T18:50:50.977,-115.051465480961,36.7650712287008,13099.1256193607
2022-07-17T18:50:51.406,-115.051558225845,36.7647042771305,13094.5484427628
2022-07-17T18:50:51.898,-115.051664676129,36.7642828823792,13089.2773244455
2022-07-17T18:50:52.195,-115.051728978676,36.7640282681579,13086.0806350423
2022-07-17T18:50:53.219,-115.05195100598,36.7631496176784,13075.0590527229
2022-07-17T18:50:54.297,-115.052185349182,36.7622249296618,13063.3488636867
2022-07-17T18:50:55.297,-115.052403357471,36.7613693624797,13052.3713999825
2022-07-17T18:50:55.797,-115.052512605516,36.7609427475315,13046.8482145202
2022-07-17T18:50:56.328,-115.052628779717,36.7604898174812,13040.9685147827
2022-07-17T18:50:56.594,-115.052686985682,36.7602629060781,13038.0235061243
2022-07-17T18:50:57.227,-115.052825477348,36.7597225895124,13031.0152712342
2022-07-17T18:50:57.805,-115.052951930485,36.7592285702646,13024.6481292985
2022-07-17T18:50:58.195,-115.053037266683,36.7588949635929,13020.4420758751
2022-07-17T18:50:59.195,-115.05325626163,36.758039657931,13009.6573235078
2022-07-17T18:51:00.094,-115.053453460472,36.7572705621554,13000.3668277633
2022-07-17T18:51:00.594,-115.053563256618,36.7568412185217,12995.381254633
2022-07-17T18:51:01.172,-115.053690369708,36.7563430631998,12989.7981640601
2022-07-17T18:51:01.703,-115.0538074206,36.7558842661961,12984.854873196
2022-07-17T18:51:02.203,-115.053917878077,36.7554514525655,12980.3665456258
2022-07-17T18:51:02.797,-115.054049178755,36.7549363435244,12975.2332823963
2022-07-17T18:51:03.242,-115.054147542609,36.7545497729644,12971.5583000165
2022-07-17T18:51:03.594,-115.054225344965,36.7542435631401,12968.6513476621
2022-07-17T18:51:04.305,-115.054382486467,36.7536237666977,12963.0252216998
2022-07-17T18:51:05.344,-115.054612113467,36.7527151649447,12955.0875402895
2022-07-17T18:51:05.883,-115.054731193465,36.7522433153422,12951.0743673523
2022-07-17T18:51:06.352,-115.054834713553,36.7518332981092,12947.7104326412
2022-07-17T18:51:08.469,-115.055295402869,36.7499986237199,12933.7669599724
2022-07-17T18:51:23.047,-115.05861630292,36.7371978431715,12885.2300234467
2022-07-17T18:51:23.398,-115.058696357325,36.7368939308188,12884.8775211658
2022-07-17T18:51:23.969,-115.058826792414,36.7363998655396,12884.3040772845
2022-07-17T18:51:24.797,-115.059015895418,36.7356826681747,12883.6261662471
2022-07-17T18:51:25.195,-115.059106669948,36.7353376775947,12884.0069957882
2022-07-17T18:51:25.984,-115.059286453607,36.7346535461782,12884.7619568636
2022-07-17T18:51:26.398,-115.059380731302,36.7342945081092,12885.5972636099
2022-07-17T18:51:27.063,-115.059532100277,36.733717747795,12886.9390002918
2022-07-17T18:51:27.797,-115.059699195213,36.7330810691617,12887.8828077484
2022-07-17T18:51:28.078,-115.059763195101,36.7328372965876,12888.0094627991
2022-07-17T18:51:29.039,-115.059982263578,36.7320031349064,12888.442614058
2022-07-17T18:51:30.016,-115.060205619866,36.7311535136874,12888.0834068612
2022-07-17T18:51:31.094,-115.060453106314,36.7302148678101,12886.9851673141
2022-07-17T18:51:32.172,-115.060701492559,36.7292764709209,12885.4041472394
2022-07-17T18:51:33.281,-115.060957702021,36.7283129770314,12883.5317568126
2022-07-17T18:51:33.594,-115.061030085444,36.7280415680563,12882.9779585564
2022-07-17T18:51:34.195,-115.061169136294,36.7275210081229,12881.9145951316
2022-07-17T18:51:35.398,-115.061447410691,36.7264811730105,12879.7324182985
2022-07-17T18:51:36.195,-115.061631807663,36.7257931420104,12878.2481295733
2022-07-17T18:51:36.508,-115.061704273015,36.7255230041604,12877.649503177
2022-07-17T18:51:37.391,-115.061908820415,36.7247606012533,12875.9607264743
2022-07-17T18:51:38.195,-115.062095082791,36.7240659816397,12874.4332795818
2022-07-17T18:51:38.461,-115.062156665085,36.723836099963,12873.9589590617
2022-07-17T18:51:39.273,-115.062344429124,36.723134556692,12872.5110332634
2022-07-17T18:51:39.797,-115.062465418761,36.7226822032699,12871.6536276138
2022-07-17T18:51:40.219,-115.062562782579,36.7223181253172,12871.0272567929
2022-07-17T18:51:40.594,-115.06264927478,36.7219947423862,12870.4706476512
2022-07-17T18:51:41.281,-115.06280766353,36.7214025692877,12869.5902657918
2022-07-17T18:51:41.797,-115.062926560178,36.7209579916243,12869.0267848786
2022-07-17T18:51:42.305,-115.063043575847,36.7205204838682,12868.5552458215
2022-07-17T18:51:42.797,-115.06315689858,36.7200970231104,12868.1864230525
2022-07-17T18:51:43.328,-115.063279237115,36.7196404852277,12867.9045454237
2022-07-17T18:51:43.797,-115.063387377823,36.7192378573835,12867.7718086812
2022-07-17T18:51:44.297,-115.063502803696,36.7188092796272,12867.7584301532
2022-07-17T18:51:45.320,-115.063739396641,36.7179344898273,12868.1375982443
2022-07-17T18:51:45.797,-115.063849754924,36.7175273724191,12868.483545636
2022-07-17T18:51:46.383,-115.063985204331,36.7170275640135,12869.0289115523
2022-07-17T18:51:47.320,-115.064201386682,36.7162288360388,12870.1149748974
2022-07-17T18:51:47.594,-115.064264493902,36.715995358876,12870.4804475256
2022-07-17T18:51:48.336,-115.064435068693,36.7153630172231,12871.4701580735
2022-07-17T18:51:49.445,-115.064689398072,36.7144167648585,12872.9717286456
2022-07-17T18:51:50.578,-115.064949049252,36.7134477296344,12874.289034475
2022-07-17T18:51:51.531,-115.065167789966,36.7126310541654,12875.0765371399
2022-07-17T18:51:52.398,-115.0653669405,36.7118871670307,12875.5259430071
2022-07-17T18:51:53.398,-115.06559645032,36.7110288179623,12875.7988933502
2022-07-17T18:51:54.195,-115.065778832744,36.710345161637,12875.8645439826
2022-07-17T18:51:54.453,-115.065837714554,36.7101240561383,12875.8509853792
2022-07-17T18:51:55.195,-115.066006744926,36.7094887838673,12875.8119912561
2022-07-17T18:51:55.563,-115.06609050769,36.7091741383899,12875.7537136354
2022-07-17T18:51:56.438,-115.066289695334,36.7084272641338,12875.6151459232
2022-07-17T18:51:56.797,-115.066371470926,36.7081213910836,12875.524214329
2022-07-17T18:51:57.398,-115.066508485241,36.7076102747817,12875.3719862284
2022-07-17T18:51:58.539,-115.066769214671,36.7066419858834,12874.9821950272
2022-07-17T18:51:58.797,-115.066828294371,36.7064231455558,12874.876381227
2022-07-17T18:51:59.195,-115.066919515526,36.7060855471683,12874.7131490856
2022-07-17T18:52:00.414,-115.067199291993,36.7050511955143,12874.1417591669
2022-07-17T18:52:00.797,-115.067287265181,36.7047261240409,12873.9586097424
2022-07-17T18:52:01.445,-115.067436204698,36.7041761871296,12873.6487381313
2022-07-17T18:52:02.461,-115.067670217308,36.7033143062591,12873.2517624087
2022-07-17T18:52:03.320,-115.067868755139,36.7025860794612,12873.0489766688
2022-07-17T18:52:03.797,-115.067979326887,36.7021817403228,12873.0087393316
2022-07-17T18:52:04.328,-115.068102689195,36.7017315469549,12873.0298391319
2022-07-17T18:52:05.211,-115.068308300788,36.7009826200602,12873.2115095025
2022-07-17T18:52:06.242,-115.06854876882,36.7001075420826,12873.6464554252
2022-07-17T18:52:06.797,-115.068678201147,36.6996361770793,12873.9775937054
2022-07-17T18:52:07.141,-115.068758375876,36.6993439210537,12874.2439577792
2022-07-17T18:52:08.148,-115.068992828314,36.6984879608474,12875.0236921464
2022-07-17T18:52:08.398,-115.069050926938,36.6982753462859,12875.2580850547
2022-07-17T18:52:09.234,-115.06924520637,36.6975643629056,12876.0418949401
2022-07-17T18:52:10.195,-115.06946816393,36.6967468205184,12877.0145855245
2022-07-17T18:52:11.273,-115.069718005268,36.6958285240066,12878.1394661879
2022-07-17T18:52:11.797,-115.069839644203,36.6953821007953,12878.6939711129
2022-07-17T18:52:12.320,-115.069961311168,36.6949367880531,12879.249493534
2022-07-17T18:52:13.203,-115.070167298977,36.6941855614421,12880.1874754607
2022-07-17T18:52:13.594,-115.070258708552,36.6938531714849,12880.6011433497
2022-07-17T18:52:14.203,-115.070401364536,36.6933357475125,12881.2454496013
2022-07-17T18:52:14.594,-115.070493170604,36.693003807948,12881.6541649475
2022-07-17T18:52:15.195,-115.070634657639,36.6924941896068,12882.2823949299
2022-07-17T18:52:16.195,-115.070870907237,36.6916479573862,12883.3114275901
2022-07-17T18:52:17.195,-115.071107946148,36.6908035467747,12884.3179542672
2022-07-17T18:52:18.367,-115.071386460272,36.6898144305007,12885.4868381004
2022-07-17T18:52:19.438,-115.071640869108,36.688909881242,12886.5347967689
2022-07-17T18:52:19.797,-115.071726025459,36.6886063644167,12886.8700454797
2022-07-17T18:52:20.422,-115.071874135434,36.6880774985505,12887.4536957423
2022-07-17T18:52:21.195,-115.072057032105,36.687422779516,12888.1317786604
2022-07-17T18:52:22.352,-115.072329213622,36.6864418118164,12889.056143234
2022-07-17T18:52:23.289,-115.072548124095,36.6856469010416,12889.7342471884
2022-07-17T18:52:23.797,-115.072666726403,36.6852159223167,12890.0733617804
2022-07-17T18:52:24.203,-115.072761703334,36.68487148481,12890.3199872133
2022-07-17T18:52:24.594,-115.072853395514,36.6845397840391,12890.5575008691
2022-07-17T18:52:25.289,-115.073017008178,36.6839501851824,12890.9283298935
2022-07-17T18:52:25.594,-115.073089071072,36.6836914500204,12891.0667078083
2022-07-17T18:52:26.352,-115.073268848923,36.6830485572381,12891.4106109541
2022-07-17T18:52:27.000,-115.073423261809,36.6824991948447,12891.656828183
2022-07-17T18:52:27.305,-115.073496159415,36.6822406912003,12891.7512429979
2022-07-17T18:52:28.289,-115.073732186543,36.681406996222,12892.0558468598
2022-07-17T18:52:28.797,-115.073854575828,36.6809769320466,12892.1815320361
2022-07-17T18:52:29.328,-115.073982807461,36.6805277501435,12892.2981929822
2022-07-17T18:52:30.414,-115.074245580758,36.6796099638201,12892.4819488222
2022-07-17T18:52:31.336,-115.074468816988,36.6788312374857,12892.5644311204
2022-07-17T18:52:31.594,-115.074531317305,36.6786133518294,12892.5590196441
2022-07-17T18:52:32.398,-115.074726066287,36.6779342799316,12892.5421559738
2022-07-17T18:52:33.398,-115.074967869511,36.6770893415318,12892.4030924596
2022-07-17T18:52:34.539,-115.075242674642,36.6761245090225,12892.1732227256
2022-07-17T18:52:35.508,-115.075475342225,36.6753040792389,12892.0033389583
2022-07-17T18:52:36.523,-115.075719014334,36.6744440776817,12891.9043410644
2022-07-17T18:52:37.594,-115.075976637854,36.6735371062174,12891.8766440301
2022-07-17T18:52:38.195,-115.076121222707,36.6730284254627,12891.8761186179
2022-07-17T18:52:38.672,-115.076235846539,36.6726246364408,12891.8762333652
2022-07-17T18:52:39.758,-115.076496535853,36.6717044198729,12891.8764946636
2022-07-17T18:52:40.594,-115.076697074475,36.6709951762919,12891.8766958264
2022-07-17T18:52:41.594,-115.076936046258,36.6701446054523,12891.8769364179
2022-07-17T18:52:42.398,-115.077129222453,36.6694605519674,12891.8771298175
2022-07-17T18:52:42.672,-115.077195140285,36.66922730104,12891.8771957293
2022-07-17T18:52:43.398,-115.077369979309,36.6686090141076,12891.8773703714
2022-07-17T18:52:43.656,-115.077432160543,36.6683892375163,12891.877432469
2022-07-17T18:52:44.570,-115.07765254563,36.6676106114316,12891.8776524581
2022-07-17T18:52:45.438,-115.07786182155,36.6668712123544,12891.8778615371
2022-07-17T18:52:46.398,-115.078093396309,36.6660536466455,12891.8780928621
2022-07-17T18:52:47.438,-115.078344747363,36.6651685623479,12891.8783433789
2022-07-17T18:52:47.797,-115.078431508193,36.6648632667471,12891.878429794
2022-07-17T18:52:48.398,-115.078576629368,36.6643522035798,12891.878574461
2022-07-17T18:52:49.531,-115.078849880032,36.663388445074,12891.8788469122
2022-07-17T18:52:49.797,-115.078913993344,36.6631621821203,12891.8789108137
2022-07-17T18:52:50.469,-115.079075875311,36.6625907412649,12891.8790722492
2022-07-17T18:52:50.797,-115.079154818076,36.662311964786,12891.8791510023
2022-07-17T18:52:51.195,-115.079250520179,36.6619738592986,12891.8792465623
2022-07-17T18:52:51.461,-115.07931441453,36.6617479938001,12891.8793104019
2022-07-17T18:52:52.195,-115.079490373294,36.6611249958587,12891.8794865607
2022-07-17T18:52:52.469,-115.07955590614,36.6608923784648,12891.8795522814
2022-07-17T18:52:53.398,-115.079777560344,36.6601021441094,12891.8797751081
2022-07-17T18:52:54.398,-115.080016073707,36.6592483055527,12891.8800148251
2022-07-17T18:52:55.523,-115.080284835762,36.6582861953495,12891.8802843779
2022-07-17T18:52:55.797,-115.080350328195,36.6580517422266,12891.8803500119
2022-07-17T18:52:56.195,-115.080445443308,36.6577111223115,12891.8804453489
2022-07-17T18:52:56.625,-115.080548158155,36.6573430338933,12891.8805483363
2022-07-17T18:52:57.195,-115.080684249839,36.6568549846044,12891.8806848545
2022-07-17T18:52:57.648,-115.080792375484,36.6564670767277,12891.8807933275
2022-07-17T18:52:58.594,-115.081018191699,36.6556569734635,12891.8810198515
2022-07-17T18:52:59.398,-115.08121021747,36.6549683659635,12891.8812123031
2022-07-17T18:53:00.594,-115.081495919939,36.6539443213902,12891.8814984743
2022-07-17T18:53:01.664,-115.081751674368,36.653028813437,12891.8817544846
2022-07-17T18:53:02.398,-115.081927452549,36.6524010795271,12891.8819301443
2022-07-17T18:53:02.844,-115.08203447125,36.652019721743,12891.882036914
2022-07-17T18:53:03.195,-115.082118792375,36.6517196198757,12891.8821209413
2022-07-17T18:53:03.891,-115.08228622164,36.6511245147061,12891.8822876177
2022-07-17T18:53:04.398,-115.082408303328,36.6506908436681,12891.8824090621
2022-07-17T18:53:04.938,-115.082538371004,36.6502287134493,12891.8825384327
2022-07-17T18:53:05.594,-115.082696397138,36.6496669795962,12891.8826956209
2022-07-17T18:53:06.031,-115.082801612868,36.6492925918045,12891.8828003589
2022-07-17T18:53:06.594,-115.082937065008,36.6488100548578,12891.882935296
2022-07-17T18:53:06.930,-115.083017860285,36.648521973289,12891.8830158522
2022-07-17T18:53:07.594,-115.08317744529,36.6479525340616,12891.8831750466
2022-07-17T18:53:07.852,-115.083239434011,36.6477312579724,12891.8832369233
2022-07-17T18:53:08.398,-115.083370558387,36.6472630052419,12891.8833678716
2022-07-17T18:53:08.766,-115.0834588663,36.6469474063497,12891.8834561514
2022-07-17T18:53:09.195,-115.083561713547,36.6465794557044,12891.8835590646
2022-07-17T18:53:09.758,-115.083696492153,36.6460964528539,12891.8836941292
2022-07-17T18:53:10.594,-115.083896294817,36.6453788506813,12891.8838946894
2022-07-17T18:53:11.195,-115.084039806491,36.6448625471052,12891.8840388773
2022-07-17T18:53:11.797,-115.084183535661,36.6443449035646,12891.8841833154
2022-07-17T18:53:12.195,-115.084278561301,36.644002430411,12891.8842788249
2022-07-17T18:53:12.859,-115.08443714687,36.643430780747,12891.8844381673
2022-07-17T18:53:13.195,-115.084517420992,36.6431414970403,12891.8845188368
2022-07-17T18:53:13.734,-115.084646208019,36.6426775552919,12891.8846482441
2022-07-17T18:53:14.195,-115.084756378206,36.6422808103079,12891.884759008
2022-07-17T18:53:14.727,-115.084883580477,36.6418229472168,12891.884886831
2022-07-17T18:53:15.195,-115.084995562873,36.6414201097866,12891.8849993521
2022-07-17T18:53:15.867,-115.085156545161,36.6408414934296,12891.8851610165
2022-07-17T18:53:16.398,-115.085283965769,36.6403840159189,12891.8852888622
2022-07-17T18:53:16.992,-115.085426821651,36.6398718396648,12891.8854320062
2022-07-17T18:53:17.797,-115.085620871451,36.6391768346588,12891.8856262303
2022-07-17T18:53:18.164,-115.085709456276,36.6388596893363,12891.8857149014
2022-07-17T18:53:18.594,-115.085813282756,36.6384879802688,12891.8858187939
2022-07-17T18:53:19.195,-115.085958458266,36.6379683391908,12891.8859641909
2022-07-17T18:53:20.359,-115.086240058278,36.6369617208182,12891.8862462431
2022-07-17T18:53:21.344,-115.086479092997,36.6361100566008,12891.8864853306
2022-07-17T18:53:21.594,-115.086539990872,36.6358939291412,12891.8865460956
2022-07-17T18:53:22.383,-115.086732182298,36.6352118305995,12891.8867378703
2022-07-17T18:53:23.398,-115.086980407264,36.6343344226469,12891.8869849211
2022-07-17T18:53:24.195,-115.087175733489,36.6336455352529,12891.8871791423
2022-07-17T18:53:25.367,-115.087463549121,36.6326322913737,12891.8874650506
2022-07-17T18:53:26.430,-115.087724832047,36.6317126727071,12891.8877245504
2022-07-17T18:53:27.195,-115.087912948719,36.6310508144315,12891.8879113245
2022-07-17T18:53:28.195,-115.08815855397,36.630185212607,12891.8881554573
2022-07-17T18:53:29.359,-115.088443659646,36.6291765114269,12891.8884396474
2022-07-17T18:53:30.195,-115.088648285496,36.6284513645272,12891.8886437949
2022-07-17T18:53:31.141,-115.088879531624,36.6276295854607,12891.8888748659
2022-07-17T18:53:32.008,-115.089090699458,36.6268762528077,12891.8890866611
2022-07-17T18:53:32.992,-115.089329731157,36.6260224281564,12891.8893270189
2022-07-17T18:53:33.797,-115.089524998171,36.6253248376492,12891.8895236449
2022-07-17T18:53:34.195,-115.089621449508,36.6249802519598,12891.8896208708
2022-07-17T18:53:35.125,-115.089846728031,36.6241757417212,12891.889848057
2022-07-17T18:53:36.133,-115.090091219694,36.6233047518473,12891.8900944022
2022-07-17T18:53:36.398,-115.090155598718,36.6230759472989,12891.8901592091
2022-07-17T18:53:37.203,-115.090351488057,36.6223812771443,12891.8903560754
2022-07-17T18:53:38.039,-115.090555489172,36.6216600800947,12891.8905606813
2022-07-17T18:53:38.992,-115.090788904128,36.6208372853077,12891.8939583772
2022-07-17T18:53:40.070,-115.091053976956,36.6199048477817,12891.9350235796
2022-07-17T18:53:40.594,-115.091183089491,36.6194507226387,12891.9811353814
2022-07-17T18:53:41.078,-115.091302460393,36.6190307907525,12892.0389445357
2022-07-17T18:53:42.109,-115.091557108676,36.6181353353774,12892.1933999885
2022-07-17T18:53:43.031,-115.09178530617,36.6173340919334,12892.3543152872
2022-07-17T18:53:43.797,-115.09197522092,36.6166678968786,12892.4915781044
2022-07-17T18:53:44.398,-115.092124229737,36.6161446435479,12892.5897261208
2022-07-17T18:53:44.992,-115.092271305425,36.6156270098305,12892.6667999864
2022-07-17T18:53:45.797,-115.09247023191,36.6149251458338,12892.7218352664
2022-07-17T18:53:46.750,-115.092705265952,36.6140948416557,12892.6921499031
2022-07-17T18:53:47.594,-115.092913207822,36.6133605442056,12892.5703021726
2022-07-17T18:53:48.594,-115.093159495757,36.612491447952,12892.3266904639
2022-07-17T18:53:48.898,-115.093234298976,36.6122273665445,12892.2248659838
2022-07-17T18:53:49.797,-115.093455212004,36.611446724724,12891.9237468799
2022-07-17T18:53:50.398,-115.09360266525,36.6109251638661,12891.6803538558
2022-07-17T18:53:51.039,-115.093759827979,36.6103691401128,12891.386409952
2022-07-17T18:53:52.203,-115.09404515925,36.6093592606342,12890.7412555426
2022-07-17T18:53:52.594,-115.094141009932,36.6090198489917,12890.4686643496
2022-07-17T18:53:53.266,-115.094305677613,36.6084362852004,12890.0001700229
2022-07-17T18:53:53.594,-115.094386006936,36.608151349408,12889.7253437923
2022-07-17T18:53:54.125,-115.094515998836,36.6076899358281,12889.2804269373
2022-07-17T18:53:54.398,-115.094582813551,36.6074526322619,12889.0123234411
2022-07-17T18:53:55.055,-115.094743564807,36.6068813255426,12888.3671073349
2022-07-17T18:53:55.914,-115.094953619078,36.606134044709,12887.386929164
2022-07-17T18:53:56.398,-115.09507191097,36.6057128525724,12886.7716310449
2022-07-17T18:53:56.875,-115.095188475004,36.6052976679796,12886.120043804
2022-07-17T18:53:57.594,-115.095364194832,36.6046717620534,12885.0603755817
2022-07-17T18:53:57.930,-115.095446330223,36.6043792645373,12884.5211986796
2022-07-17T18:53:58.797,-115.095658357595,36.6036246097238,12883.1299297091
2022-07-17T18:53:59.594,-115.095853464022,36.6029310083162,12881.762906499
2022-07-17T18:53:59.922,-115.095933850523,36.6026455771619,12881.1753287898
2022-07-17T18:54:00.398,-115.096050647854,36.6022313940414,12880.3226245534
2022-07-17T18:54:00.789,-115.096146709403,36.6018912043654,12879.595747039
2022-07-17T18:54:01.398,-115.09629647949,36.6013613988964,12878.4636027776
2022-07-17T18:54:01.820,-115.096400302324,36.6009943191834,12877.6689942202
2022-07-17T18:54:02.398,-115.096542529996,36.6004915882454,12876.5806441108
2022-07-17T18:54:02.836,-115.096650306049,36.6001105990918,12875.7718251432
2022-07-17T18:54:03.195,-115.096738640488,36.5997982555195,12875.1088890488
2022-07-17T18:54:03.945,-115.096923161458,36.5991452814067,12873.7793170663
2022-07-17T18:54:04.398,-115.097034600334,36.5987504913221,12873.0314686847
2022-07-17T18:54:04.898,-115.097157615053,36.5983144309302,12872.2060289699
2022-07-17T18:54:05.398,-115.097280606117,36.5978781415618,12871.4500258798
2022-07-17T18:54:05.875,-115.097397853334,36.5974617900964,12870.7845767138
2022-07-17T18:54:06.398,-115.097526252172,36.5970051844848,12870.1270346106
2022-07-17T18:54:06.836,-115.097633612825,36.5966227206975,12869.6940268755
2022-07-17T18:54:07.594,-115.097818830125,36.5959606641293,12868.9446664572
2022-07-17T18:54:08.195,-115.09796496544,36.5954356936408,12868.5342657001
2022-07-17T18:54:08.914,-115.098138874843,36.5948078977568,12868.2271947782
2022-07-17T18:54:09.398,-115.098255473201,36.5943856034513,12868.1409324406
2022-07-17T18:54:09.906,-115.098377602361,36.5939426636528,12868.1614809353
2022-07-17T18:54:10.789,-115.098589585165,36.5931734104512,12868.4842040573
2022-07-17T18:54:11.797,-115.098831439682,36.5922962508579,12869.2973688117
2022-07-17T18:54:12.594,-115.099022458788,36.591603751392,12870.2421117405
2022-07-17T18:54:13.023,-115.099125212522,36.5912315134512,12870.8795633832
2022-07-17T18:54:13.594,-115.099261949263,36.5907365984589,12871.7280130055
2022-07-17T18:54:14.016,-115.099362994206,36.5903711191355,12872.4562179693
2022-07-17T18:54:14.398,-115.099454464024,36.5900404689101,12873.115398766
2022-07-17T18:54:15.031,-115.099606105116,36.5894929171514,12874.3036467134
2022-07-17T18:54:15.930,-115.099821609381,36.5887156689068,12876.11046331
2022-07-17T18:54:16.594,-115.099980855162,36.588141637402,12877.5090333405
2022-07-17T18:54:17.016,-115.100082077582,36.5877768062057,12878.4203356606
2022-07-17T18:54:17.797,-115.100269337123,36.5871017528327,12880.1068927981
2022-07-17T18:54:18.141,-115.100351754954,36.5868045330723,12880.8524318224
2022-07-17T18:54:18.398,-115.10041328722,36.5865825625458,12881.4094188261
2022-07-17T18:54:19.242,-115.100615025735,36.5858542653831,12883.2214556397
2022-07-17T18:54:19.594,-115.100698972399,36.5855508607968,12883.9515926118
2022-07-17T18:54:20.234,-115.100851285837,36.5849996351691,12885.2791143793
2022-07-17T18:54:21.055,-115.101046032684,36.5842928619884,12886.8718273681
2022-07-17T18:54:21.594,-115.101173525366,36.583828749813,12887.8451127605
2022-07-17T18:54:22.188,-115.101313751295,36.5833169332133,12888.840990427
2022-07-17T18:54:22.594,-115.101409495719,36.5829668490679,12889.4418307885
2022-07-17T18:54:23.047,-115.101516362284,36.5825759810331,12890.1122265613
2022-07-17T18:54:24.195,-115.101788125075,36.5815844764912,12891.4693674967
2022-07-17T18:54:25.133,-115.102011222286,36.5807741953256,12892.2623421588
2022-07-17T18:54:25.594,-115.102121052199,36.5803761518889,12892.5143559062
2022-07-17T18:54:25.977,-115.102212360376,36.5800455709175,12892.7237295835
2022-07-17T18:54:26.398,-115.102312788974,36.5796823144537,12892.833928479
2022-07-17T18:54:27.063,-115.102471579958,36.5791088339858,12893.0079956179
2022-07-17T18:54:27.594,-115.102598597159,36.5786513002618,12893.0537291823
2022-07-17T18:54:28.102,-115.102720293495,36.57821397135,12893.0557756697
2022-07-17T18:54:28.797,-115.102886851493,36.5776160179355,12893.0048026673
2022-07-17T18:54:29.078,-115.102954157372,36.5773742964769,12892.9655026985
2022-07-17T18:54:29.398,-115.103030748912,36.5770990516874,12892.9207482857
2022-07-17T18:54:30.133,-115.103206439435,36.5764670162065,12892.7808634603
2022-07-17T18:54:30.398,-115.103269726013,36.5762392073534,12892.7223437722
2022-07-17T18:54:31.141,-115.103447030081,36.5756009167907,12892.5582678165
2022-07-17T18:54:31.594,-115.103555004711,36.575212151888,12892.4622830088
2022-07-17T18:54:32.133,-115.103683287638,36.5747498568686,12892.3480759197
2022-07-17T18:54:32.797,-115.103840964773,36.5741805159018,12892.2244711465
2022-07-17T18:54:33.141,-115.103922492723,36.5738855975863,12892.167683898
2022-07-17T18:54:33.398,-115.103983345613,36.5736652819249,12892.1252585408
2022-07-17T18:54:34.195,-115.104171818934,36.5729819984765,12892.0179525263
2022-07-17T18:54:35.234,-115.104416970135,36.5720906127446,12891.9303749013
2022-07-17T18:54:36.313,-115.104671279438,36.5711637837105,12891.8698668044
2022-07-17T18:54:36.594,-115.104737524627,36.5709223369106,12891.8504152336
2022-07-17T18:54:37.195,-115.10487929632,36.5704059659454,12891.8088124077
2022-07-17T18:54:38.336,-115.105148723555,36.5694261502104,12891.6907611903
2022-07-17T18:54:39.195,-115.105351405566,36.5686891391443,12891.5619863435
2022-07-17T18:54:40.406,-115.105636424406,36.5676514210946,12891.3742132883
2022-07-17T18:54:41.438,-115.105878694121,36.5667680622365,12891.2730833256
2022-07-17T18:54:42.383,-115.106099880475,36.5659593850566,12891.2563190214
2022-07-17T18:54:42.797,-115.106196602688,36.565605012129,12891.2813918873
2022-07-17T18:54:43.273,-115.106307811771,36.565197447321,12891.3102196269
2022-07-17T18:54:43.594,-115.106382847805,36.5649225392762,12891.3556032002
2022-07-17T18:54:44.281,-115.106543619237,36.5643340445051,12891.4527325299
2022-07-17T18:54:45.383,-115.106802148302,36.5633889563015,12891.7533924864
2022-07-17T18:54:46.195,-115.106993301148,36.5626913711993,12892.1160031385
2022-07-17T18:54:47.367,-115.107270354235,36.5616830816276,12892.9023484629
2022-07-17T18:54:48.195,-115.107466291674,36.5609712410026,12893.6440099587
2022-07-17T18:54:49.211,-115.107706780669,36.5600984313336,12894.7168831836
2022-07-17T18:54:50.297,-115.10796383186,36.5591655623165,12896.0016294941
2022-07-17T18:54:50.594,-115.108034102131,36.558910411851,12896.3695217909
2022-07-17T18:54:51.195,-115.108176206103,36.5583940355149,12897.1139772467
2022-07-17T18:54:52.398,-115.108460321436,36.5573602174287,12898.5490867459
2022-07-17T18:54:53.195,-115.108648964836,36.5566750606499,12899.4187908801
2022-07-17T18:54:54.359,-115.108925582559,36.5556737625051,12900.5433067393
2022-07-17T18:54:55.336,-115.109158656347,36.5548336051733,12901.4005714522
2022-07-17T18:54:55.594,-115.10922035778,36.5546119023222,12901.6333723513
2022-07-17T18:54:56.195,-115.109364191705,36.5540955922775,12902.1756721202
2022-07-17T18:54:57.188,-115.109601874291,36.5532421124028,12903.1649892157
2022-07-17T18:54:57.797,-115.109747550899,36.5527181048911,12903.8388860647
2022-07-17T18:54:58.156,-115.109833387072,36.5524089804521,12904.2947859507
2022-07-17T18:54:59.227,-115.110089509858,36.5514857706743,12905.6548661122
2022-07-17T18:55:00.313,-115.110349524567,36.5505484191274,12907.3167577933
2022-07-17T18:55:00.797,-115.110465550606,36.550130159138,12908.1760807169
2022-07-17T18:55:01.258,-115.11057621092,36.5497314262721,12909.1119394804
2022-07-17T18:55:01.594,-115.110656970865,36.5494406069988,12909.7940404448
2022-07-17T18:55:02.266,-115.110818715539,36.5488583906833,12911.3758079345
2022-07-17T18:55:03.273,-115.111061372326,36.5479842244141,12914.115980171
2022-07-17T18:55:04.313,-115.111312221125,36.547079160457,12917.2476535641
2022-07-17T18:55:04.797,-115.111429133742,36.5466570211629,12918.7512125683
2022-07-17T18:55:05.195,-115.111525375548,36.5463094515566,12919.9581297609
2022-07-17T18:55:06.148,-115.111756095383,36.5454762462263,12922.8711006746
2022-07-17T18:55:06.594,-115.11186416816,36.5450860963791,12924.2005346666
2022-07-17T18:55:07.125,-115.111992918641,36.5446215328173,12925.7088595766
2022-07-17T18:55:07.398,-115.112059127935,36.5443827108993,12926.4538092623
2022-07-17T18:55:08.047,-115.112216454584,36.5438151537721,12928.1427783489
2022-07-17T18:55:08.984,-115.112443190452,36.5429963940211,12930.3185691708
2022-07-17T18:55:09.906,-115.112665795137,36.5421915668422,12932.1339104519
2022-07-17T18:55:10.594,-115.112831518029,36.5415915161704,12933.2624169946
2022-07-17T18:55:10.992,-115.112927222001,36.5412445868363,12933.7698514494
2022-07-17T18:55:11.398,-115.113024766838,36.5408907865471,12934.2874855918
2022-07-17T18:55:11.930,-115.113152488231,36.5404273254387,12934.7719302788
2022-07-17T18:55:12.797,-115.113360430186,36.5396724247769,12935.148011066
2022-07-17T18:55:13.797,-115.113599890758,36.5388031698766,12934.7009894314
2022-07-17T18:55:14.398,-115.113743771827,36.5382816654108,12933.8755673025
2022-07-17T18:55:15.102,-115.113912390502,36.5376711191316,12932.3221624957
2022-07-17T18:55:16.070,-115.114144315818,36.5368314557391,12928.9449285743
2022-07-17T18:55:16.797,-115.114318447531,36.5362002150205,12925.3107381937
2022-07-17T18:55:17.094,-115.114389548631,36.5359420871791,12923.3557960781
2022-07-17T18:55:17.594,-115.114509176463,36.5355072443856,12920.0646477352
2022-07-17T18:55:18.063,-115.11462130583,36.5350991549469,12916.2574710648
2022-07-17T18:55:18.594,-115.114748183284,36.5346370170294,12911.2302160432
2022-07-17T18:55:18.930,-115.114828437112,36.5343445792987,12907.4202630295
2022-07-17T18:55:19.398,-115.114940184734,36.5339372261111,12902.1135427604
2022-07-17T18:55:19.883,-115.115055955431,36.5335150065223,12895.9253047973
2022-07-17T18:55:20.195,-115.115130404868,36.533243369012,12892.4442365106
2022-07-17T18:55:20.820,-115.115279480476,36.5326992561524,12885.4709426672
2022-07-17T18:55:21.797,-115.115512911444,36.5318481336653,12876.9025796322
2022-07-17T18:55:22.398,-115.115657461028,36.5313236519338,12871.0914688954
2022-07-17T18:55:22.859,-115.115769302279,36.5309203015441,12865.9297194921
2022-07-17T18:55:23.195,-115.11585151719,36.5306254476724,12861.801726564
2022-07-17T18:55:37.805,-115.119207428807,36.5178735684492,12558.2634555249
2022-07-17T18:55:38.398,-115.119342533759,36.5173431579211,12547.9467796483
2022-07-17T18:55:38.852,-115.119444494134,36.5169422836561,12540.0531619746
2022-07-17T18:55:39.797,-115.119654707206,36.516117321348,12522.7272689497
2022-07-17T18:55:40.797,-115.119875957692,36.515251278005,12503.6460829689
2022-07-17T18:55:41.594,-115.120052003206,36.5145640162035,12488.5779895404
2022-07-17T18:55:41.938,-115.120127945648,36.5142679379383,12482.1438799388
2022-07-17T18:55:42.398,-115.120229492334,36.513872403087,12473.5401287272
2022-07-17T18:55:42.813,-115.120321104495,36.5135158676994,12465.8821440347
2022-07-17T18:55:43.195,-115.120405401094,36.5131879430741,12458.8331075221
2022-07-17T18:55:43.891,-115.120558785226,36.5125910408463,12446.1917701616
2022-07-17T18:55:44.594,-115.120713299012,36.5119889359539,12433.6451193258
2022-07-17T18:55:44.961,-115.120793832051,36.5116749623147,12427.3149602884
2022-07-17T18:55:46.039,-115.121029969517,36.5107543486087,12408.72119614
2022-07-17T18:55:46.797,-115.121195675855,36.5101085145973,12396.1482409993
2022-07-17T18:55:47.219,-115.121287803391,36.5097493083948,12389.3311122437
2022-07-17T18:55:47.594,-115.121369528637,36.5094301578525,12383.2732371645
2022-07-17T18:55:48.172,-115.121495174452,36.5089381579209,12374.1626265163
2022-07-17T18:55:48.797,-115.121630547517,36.508406236337,12364.5459988581
2022-07-17T18:55:49.094,-115.12169469099,36.5081535718462,12360.0433867253
2022-07-17T18:55:50.023,-115.121894568559,36.507363969102,12346.2568649321
2022-07-17T18:55:50.398,-115.121974944496,36.5070456151865,12340.8253201689
2022-07-17T18:55:50.977,-115.122098713032,36.5065545896956,12332.4390150546
2022-07-17T18:55:51.594,-115.122230102705,36.5060321481216,12323.6278951315
2022-07-17T18:55:51.898,-115.122294627577,36.5057751222034,12319.3125601274
2022-07-17T18:55:52.398,-115.122400487261,36.5053530262868,12312.2149696601
2022-07-17T18:55:52.891,-115.122504664602,36.504937638721,12305.22328976
2022-07-17T18:55:53.398,-115.122611712787,36.5045112507342,12298.0279067385
2022-07-17T18:55:53.906,-115.122718948885,36.5040845838574,12290.805555504
2022-07-17T18:55:54.594,-115.122864105221,36.5035071296671,12280.9918462988
2022-07-17T18:55:54.930,-115.12293493563,36.5032251307248,12276.1678985305
2022-07-17T18:55:55.594,-115.123074743499,36.5026675701863,12266.6348588929
2022-07-17T18:55:55.984,-115.123156755965,36.5023397833504,12260.9905572889
2022-07-17T18:55:56.398,-115.123243736155,36.5019915897234,12254.9989140477
2022-07-17T18:55:57.094,-115.123389919554,36.5014058124005,12244.860740422
2022-07-17T18:55:57.922,-115.123563999213,36.5007079279272,12232.723470991
2022-07-17T18:55:58.398,-115.123664207329,36.500306172486,12225.7053713235
2022-07-17T18:55:58.906,-115.123771306314,36.4998771259836,12218.1751769954
2022-07-17T18:55:59.195,-115.123832315969,36.4996329916033,12213.8486466318
2022-07-17T18:55:59.836,-115.123967846445,36.4990915670639,12204.2524322269
2022-07-17T18:56:00.906,-115.124194468797,36.4981885777839,12187.9830278479
2022-07-17T18:56:01.594,-115.124340199538,36.4976087333433,12177.3896802826
2022-07-17T18:56:02.039,-115.124434374876,36.4972340916209,12170.4622117364
2022-07-17T18:56:02.594,-115.124551699156,36.4967673819815,12161.8223352352
2022-07-17T18:56:03.016,-115.124640834211,36.4964129850595,12155.1789761732
2022-07-17T18:56:03.797,-115.124805881828,36.4957584073218,12142.8840391415
2022-07-17T18:56:04.797,-115.125017732741,36.4949231365288,12127.0540395631
2022-07-17T18:56:05.594,-115.125186585299,36.4942596449402,12114.4136045621
2022-07-17T18:56:05.898,-115.125250907148,36.4940070797909,12109.5862768698
2022-07-17T18:56:06.398,-115.12535659342,36.4935921914767,12101.6465931655
2022-07-17T18:56:07.070,-115.125498469637,36.4930353305796,12090.9686758833
2022-07-17T18:56:07.797,-115.125651670072,36.4924335195522,12079.434638104
2022-07-17T18:56:08.164,-115.12572885051,36.4921298110246,12073.6493926515
2022-07-17T18:56:08.797,-115.125861707843,36.4916059244764,12063.6710265167
2022-07-17T18:56:09.063,-115.125917454966,36.4913856854724,12059.5107113411
2022-07-17T18:56:09.398,-115.125987617165,36.4911082013775,12054.2712166646
2022-07-17T18:56:10.086,-115.126131621979,36.490537882403,12043.5848057052
2022-07-17T18:56:10.797,-115.126280256088,36.4899480916264,12032.6138599871
2022-07-17T18:56:11.141,-115.126352135277,36.4896625418029,12027.3371294548
2022-07-17T18:56:12.156,-115.126564296483,36.4888192820999,12011.7677065179
2022-07-17T18:56:12.594,-115.126655960586,36.4884551361372,12005.0625259363
2022-07-17T18:56:13.219,-115.126786926988,36.4879354537884,11995.4946312707
2022-07-17T18:56:13.594,-115.126865565211,36.4876237015138,11989.6956737577
2022-07-17T18:56:14.258,-115.127004883932,36.4870719474608,11979.4276529881
2022-07-17T18:56:15.195,-115.127201591956,36.4862941566821,11964.6717200287
2022-07-17T18:56:16.164,-115.127405177885,36.4854901526953,11948.999034865
2022-07-17T18:56:17.063,-115.127594458936,36.4847433654019,11933.9624244539
2022-07-17T18:56:17.906,-115.127772501861,36.4840420771114,11919.3927692305
2022-07-17T18:56:18.398,-115.127876708772,36.4836322683369,11910.6701605628
2022-07-17T18:56:18.969,-115.127998029391,36.4831561199678,11900.3326996152
2022-07-17T18:56:19.797,-115.128174581747,36.4824646548242,11884.9138131434
2022-07-17T18:56:20.102,-115.128239755543,36.4822097222477,11879.0178212361
2022-07-17T18:56:21.109,-115.128455312323,36.4813673897607,11859.5513823811
2022-07-17T18:56:21.398,-115.128517305871,36.4811255078582,11853.7872588523
2022-07-17T18:56:22.094,-115.128666890576,36.4805427071285,11839.9054942296
2022-07-17T18:56:22.797,-115.12881846874,36.4799536947132,11825.6064805515
2022-07-17T18:56:23.797,-115.129035605758,36.4791153487009,11804.9071175247
2022-07-17T18:56:24.398,-115.129167110826,36.4786112684137,11792.2948291059
2022-07-17T18:56:24.938,-115.129285962541,36.4781583144067,11780.82471553
2022-07-17T18:56:25.398,-115.129387768724,36.4777725076985,11770.959646032
2022-07-17T18:56:25.984,-115.129518267103,36.4772811597509,11758.392405324
2022-07-17T18:56:27.133,-115.129776597367,36.4763185639841,11733.4825808354
2022-07-17T18:56:27.797,-115.129927316461,36.4757631394501,11718.9734145573
2022-07-17T18:56:28.047,-115.129984618662,36.4755542239437,11713.468060529
2022-07-17T18:56:29.031,-115.130210156947,36.47473208377,11691.7989870739
2022-07-17T18:56:29.594,-115.13034011034,36.4742614544581,11679.3080549522
2022-07-17T18:56:29.977,-115.130428781015,36.4739410665284,11670.7372872143
2022-07-17T18:56:30.797,-115.130619228235,36.473254456795,11652.3873406213
2022-07-17T18:56:31.594,-115.13080488964,36.4725864188998,11634.3924123638
2022-07-17T18:56:31.914,-115.130879543319,36.472318097683,11627.1278694142
2022-07-17T18:56:32.195,-115.130945141376,36.4720824337903,11620.7486926367
2022-07-17T18:56:33.000,-115.131133275933,36.4714069881552,11602.4079571456
2022-07-17T18:56:33.797,-115.131319728618,36.4707376628175,11584.2106360985
2022-07-17T18:56:34.148,-115.131401781512,36.4704426799664,11576.1866727228
2022-07-17T18:56:34.797,-115.131553154033,36.4698969591718,11561.3328478247
2022-07-17T18:56:35.172,-115.131640412351,36.4695814663754,11552.7473255556
2022-07-17T18:56:36.195,-115.131878202044,36.4687201315423,11529.3260208054
2022-07-17T18:56:37.164,-115.132103546986,36.4679035190445,11507.1631593941
2022-07-17T18:56:37.594,-115.132203804503,36.4675409371657,11497.3401588431
2022-07-17T18:56:38.086,-115.132318935575,36.467125886259,11486.111659375
2022-07-17T18:56:38.938,-115.132519813597,36.4664065607216,11466.727058727
2022-07-17T18:56:39.594,-115.132676185706,36.4658520560075,11451.9410598945
2022-07-17T18:56:39.961,-115.13276443594,36.4655416165113,11443.7321446106
2022-07-17T18:56:40.797,-115.132967449426,36.4648342238647,11425.0328171517
2022-07-17T18:56:41.078,-115.133036302931,36.4645964459926,11418.8392190361
2022-07-17T18:56:41.398,-115.133115104998,36.464325667792,11411.7860112173
2022-07-17T18:56:42.078,-115.133284050831,36.4637502153894,11397.0543878244
2022-07-17T18:56:43.000,-115.133516386137,36.4629694513635,11377.6066688885
2022-07-17T18:56:43.797,-115.133720461697,36.4622942464393,11361.2957081368
2022-07-17T18:56:44.195,-115.133823377343,36.461957088419,11353.316923011
2022-07-17T18:56:44.883,-115.134002580002,36.461374377158,11339.7630259519
2022-07-17T18:56:45.594,-115.13418940755,36.4607726072731,11326.0429153402
2022-07-17T18:56:46.594,-115.134454526267,36.459927388672,11307.1787127922
2022-07-17T18:56:47.617,-115.134726954972,36.4590638483341,11288.3637714375
2022-07-17T18:56:48.195,-115.134880999214,36.4585763879783,11277.9142770721
2022-07-17T18:56:48.656,-115.13500396204,36.4581878640624,11269.6840990978
2022-07-17T18:56:49.398,-115.135201913282,36.4575633359065,11256.4372616639
2022-07-17T18:56:50.594,-115.135520670371,36.4565582107796,11235.1802612622
2022-07-17T18:56:51.195,-115.135680363346,36.4560531910879,11224.444894195
2022-07-17T18:56:51.766,-115.135832014866,36.4555732755497,11214.1904085004
2022-07-17T18:56:52.195,-115.1359460305,36.4552126141871,11206.4171186213
2022-07-17T18:56:52.734,-115.136089325659,36.4547592522827,11196.6506774913
2022-07-17T18:56:53.758,-115.136359642617,36.4538971478962,11177.841942926
2022-07-17T18:56:54.594,-115.136576631882,36.4531924858665,11162.2925706505
2022-07-17T18:56:55.594,-115.136829642454,36.4523484161892,11143.4750945142
2022-07-17T18:56:56.742,-115.13710948499,36.4513770262333,11121.6082955105
2022-07-17T18:56:57.797,-115.137354703323,36.4504817955448,11101.325210978
2022-07-17T18:56:58.594,-115.137530260296,36.4498038571785,11086.0049235058
2022-07-17T18:56:58.953,-115.137606429886,36.449498082895,11079.1639837245
2022-07-17T18:56:59.398,-115.13769840314,36.4491188081,11070.6842672823
2022-07-17T18:56:59.906,-115.137800210342,36.4486855470671,11061.0992151632
2022-07-17T18:57:00.797,-115.137970899013,36.4479249373016,11044.470186532
2022-07-17T18:57:01.398,-115.138080615911,36.4474112862629,11033.3873891105
2022-07-17T18:57:01.742,-115.138141573663,36.4471170151932,11027.1173109099
2022-07-17T18:57:02.195,-115.138220188929,36.4467292321693,11018.8604928141
2022-07-17T18:57:02.703,-115.138306655881,36.4462939730242,11009.7129894294
2022-07-17T18:57:03.398,-115.138422454693,36.4456975888185,10997.3612561459
2022-07-17T18:57:03.750,-115.1384799774,36.445395057349,10991.2125882631
2022-07-17T18:57:04.195,-115.138551753491,36.445012252498,10983.4394143769
2022-07-17T18:57:04.875,-115.138659979158,36.4444270421924,10971.7722200325
2022-07-17T18:57:05.195,-115.138710401967,36.4441516678489,10966.4157967934
2022-07-17T18:57:05.852,-115.13881327641,36.4435865189019,10955.418390331
2022-07-17T18:57:06.594,-115.138928470676,36.4429485879292,10943.4017000503
2022-07-17T18:57:06.875,-115.138971971849,36.4427071228254,10939.0392888973
2022-07-17T18:57:07.594,-115.139083580281,36.4420897413947,10927.8771051999
2022-07-17T18:57:07.859,-115.139125001908,36.4418624056981,10924.1091847852
2022-07-17T18:57:08.797,-115.139273973042,36.4410588048981,10910.661435701
2022-07-17T18:57:09.594,-115.139403979092,36.4403775595051,10899.4399699945
2022-07-17T18:57:10.594,-115.139571552014,36.439524902502,10886.3539897259
2022-07-17T18:57:11.195,-115.139675032323,36.4390136071401,10878.7669178606
2022-07-17T18:57:11.727,-115.139768342831,36.43856157476,10872.1990999388
2022-07-17T18:57:12.609,-115.139926283307,36.4378131479239,10861.6050438338
2022-07-17T18:57:13.195,-115.140033370906,36.4373165562776,10854.7398600445
2022-07-17T18:57:13.648,-115.140117347694,36.4369331146733,10849.5147668767
2022-07-17T18:57:14.195,-115.140220233549,36.4364706363855,10843.2054380404
2022-07-17T18:57:14.758,-115.140327946223,36.4359951344684,10836.7235286414
2022-07-17T18:57:15.703,-115.140513175862,36.4351978429493,10825.7194515407
2022-07-17T18:57:16.594,-115.140692971912,36.4344468939939,10815.1658372248
2022-07-17T18:57:17.398,-115.140859444954,36.4337698305952,10805.3604134635
2022-07-17T18:57:17.688,-115.140920460026,36.4335257868006,10801.7416953395
2022-07-17T18:57:18.594,-115.141114300826,36.4327642458133,10790.4363207862
2022-07-17T18:57:19.195,-115.141245499335,36.4322599744326,10782.789389898
2022-07-17T18:57:19.680,-115.141352744666,36.4318535238464,10776.5528160829
2022-07-17T18:57:20.195,-115.141467858512,36.431422355848,10769.865552189
2022-07-17T18:57:20.711,-115.141584401737,36.4309907647264,10763.0804063813
2022-07-17T18:57:21.195,-115.141694629034,36.4305862255191,10756.6148722464
2022-07-17T18:57:21.859,-115.141847180932,36.4300315174767,10747.5374077139
2022-07-17T18:57:22.797,-115.142065083831,36.4292485333841,10734.1968086416
2022-07-17T18:57:23.594,-115.142251659124,36.4285838179982,10722.2936164587
2022-07-17T18:57:23.883,-115.142319505495,36.4283428318889,10717.7802610603
2022-07-17T18:57:24.398,-115.142440604947,36.4279134267958,10709.7374305061
2022-07-17T18:57:24.891,-115.14255678147,36.4275023591209,10701.7882272129
2022-07-17T18:57:25.195,-115.142628585397,36.4272488573725,10696.6431944184
2022-07-17T18:57:25.906,-115.142797016138,36.4266558134729,10684.6881639303
2022-07-17T18:57:26.797,-115.143008913343,36.4259124302802,10669.5302255476
2022-07-17T18:57:27.398,-115.143152213231,36.4254110017144,10658.8306048934
2022-07-17T18:57:28.008,-115.143297981389,36.424902345589,10647.6240144246
2022-07-17T18:57:28.398,-115.143391433638,36.4245774052666,10640.2406428264
2022-07-17T18:57:28.883,-115.143507838982,36.4241734700225,10630.8212318323
2022-07-17T18:57:29.594,-115.143678709706,36.4235811804618,10616.4538416638
2022-07-17T18:57:29.891,-115.143750108685,36.4233335875789,10610.1871720123
2022-07-17T18:57:30.195,-115.143823181501,36.4230800223921,10603.7728030761
2022-07-17T18:57:30.984,-115.144012549111,36.422421339974,10586.3322553271
2022-07-17T18:57:31.594,-115.144158599513,36.4219118934854,10572.1969553793
2022-07-17T18:57:31.922,-115.144237040703,36.4216379950987,10564.0774888744
2022-07-17T18:57:32.195,-115.14430229098,36.4214100488195,10557.3461752623
2022-07-17T18:57:33.000,-115.144494337123,36.4207378226834,10537.3921690818
2022-07-17T18:57:33.797,-115.144683051975,36.4200708607064,10516.2519086605
2022-07-17T18:57:34.398,-115.144823457605,36.419565942583,10499.6185585984
2022-07-17T18:57:34.813,-115.144919148596,36.4192161311366,10487.8003622832
2022-07-17T18:57:35.719,-115.145124155873,36.4184496447279,10460.7320224095
2022-07-17T18:57:36.594,-115.145317046053,36.4177058297063,10432.9698067407
2022-07-17T18:57:37.398,-115.145489373881,36.4170192177752,10406.0619457142
2022-07-17T18:57:37.703,-115.145553394247,36.4167578877981,10394.4559604108
2022-07-17T18:57:38.688,-115.145754489544,36.4159102624373,10357.0979202854
2022-07-17T18:57:39.617,-115.145935683267,36.4151058140866,10322.40319941
2022-07-17T18:57:40.594,-115.14611805245,36.4142560007109,10285.5681947116
2022-07-17T18:57:41.195,-115.146226721123,36.4137319962659,10262.3291107179
2022-07-17T18:57:41.656,-115.146308330709,36.4133294354543,10244.0347803933
2022-07-17T18:57:42.195,-115.146402001729,36.4128580635926,10222.1711067864
2022-07-17T18:57:42.711,-115.146489873689,36.4124059506183,10201.2991689105
2022-07-17T18:57:43.195,-115.146570591547,36.4119811091133,10181.795072471
2022-07-17T18:57:43.648,-115.146644611382,36.4115828586252,10163.6049942083
2022-07-17T18:57:44.195,-115.146732351003,36.4111013048978,10141.7747571593
2022-07-17T18:57:44.633,-115.146801678685,36.4107151893938,10124.4529212308
2022-07-17T18:57:45.664,-115.146962490769,36.4098042527014,10084.4740915328
2022-07-17T18:57:46.773,-115.147133883894,36.408821161564,10043.1240623085
2022-07-17T18:57:47.781,-115.14729128913,36.4079253895521,10007.512649455
2022-07-17T18:57:48.195,-115.14735692406,36.4075570610923,9993.482759891
2022-07-17T18:57:48.781,-115.147450942038,36.4070354438426,9974.2247747158
2022-07-17T18:57:49.195,-115.147518156247,36.4066668783389,9961.029664645
2022-07-17T18:57:49.852,-115.147626090638,36.4060820174936,9940.6163566879
2022-07-17T18:57:50.594,-115.147749741759,36.4054216567547,9918.4896031612
2022-07-17T18:57:50.953,-115.147810268565,36.405102217392,9908.4966291893
2022-07-17T18:57:51.977,-115.147985716814,36.4041911099657,9879.9929931242
2022-07-17T18:57:52.594,-115.148093472016,36.4036423137686,9864.1165897493
2022-07-17T18:57:52.977,-115.148161129699,36.4033018217191,9854.8861942227
2022-07-17T18:57:53.398,-115.148236173127,36.4029279001324,9844.7399892183
2022-07-17T18:57:54.031,-115.148350271811,36.4023669028456,9830.513103251
2022-07-17T18:57:54.594,-115.148452979726,36.4018693481151,9818.4876225037
2022-07-17T18:57:55.008,-115.148529103154,36.4015043522065,9809.9024309155
2022-07-17T18:57:55.867,-115.148688397188,36.4007491823177,9792.6989497844
2022-07-17T18:57:56.594,-115.148824463327,36.4001123057484,9778.6349363293
2022-07-17T18:57:56.914,-115.148884713212,36.3998326293285,9772.6572429004
2022-07-17T18:57:57.195,-115.148937774292,36.3995874249229,9767.3931888103
2022-07-17T18:57:57.773,-115.149047314392,36.3990844317809,9756.6108721024
2022-07-17T18:57:58.594,-115.149203138757,36.398373859548,9741.8428243737
2022-07-17T18:57:59.195,-115.149316816723,36.3978569646958,9731.2449985586
2022-07-17T18:57:59.875,-115.149444802973,36.3972746210533,9719.2953229818
2022-07-17T18:58:00.398,-115.149542449784,36.3968273152937,9709.9768028203
2022-07-17T18:58:00.789,-115.149614923717,36.3964929787105,9702.8893894949
2022-07-17T18:58:01.398,-115.149727004121,36.3959725541521,9691.8682097983
2022-07-17T18:58:01.906,-115.149819604087,36.3955389542836,9682.6422266194
2022-07-17T18:58:02.594,-115.149943187927,36.39495212501,9669.8864152217
2022-07-17T18:58:03.008,-115.150016380948,36.3945990032102,9662.0124080661
2022-07-17T18:58:03.594,-115.150118386618,36.3940991121372,9650.8670742665
2022-07-17T18:58:03.969,-115.150182690257,36.3937790322624,9643.3815620089
2022-07-17T18:58:05.109,-115.150373261261,36.3928042683817,9620.6256047461
2022-07-17T18:58:06.219,-115.150551450355,36.3918525132857,9597.1198083639
2022-07-17T18:58:07.195,-115.15070128737,36.3910139650766,9575.3446187785
2022-07-17T18:58:08.344,-115.150870368928,36.3900256658994,9548.3865779904
2022-07-17T18:58:08.594,-115.15090619729,36.3898106143155,9542.314015148
2022-07-17T18:58:09.195,-115.150990953478,36.3892936297662,9527.4571427772
2022-07-17T18:58:10.391,-115.151153869795,36.3882654847479,9496.6313460357
2022-07-17T18:58:10.797,-115.151207731606,36.3879170559584,9485.5838298375
2022-07-17T18:58:11.367,-115.151282505491,36.3874287080492,9470.0737701507
2022-07-17T18:58:12.383,-115.151413987375,36.3865605294555,9440.9990235852
2022-07-17T18:58:13.195,-115.151518031779,36.3858672776132,9416.6855199169
2022-07-17T18:58:13.484,-115.15155494033,36.3856202238498,9407.3052844009
2022-07-17T18:58:14.594,-115.151696074359,36.3846689831294,9371.6508005948
2022-07-17T18:58:15.398,-115.151797580385,36.3839774084164,9345.181510081
2022-07-17T18:58:16.195,-115.151897600947,36.3832903144309,9317.2040525487
2022-07-17T18:58:16.617,-115.151950154894,36.3829258749305,9301.7997110157
2022-07-17T18:58:17.594,-115.152070191202,36.3820796123918,9264.8342800546
2022-07-17T18:58:18.766,-115.152210654042,36.3810581412683,9218.3122853222
2022-07-17T18:58:19.594,-115.152307934883,36.3803322445848,9184.2388107046
2022-07-17T18:58:19.875,-115.152340671814,36.3800851884026,9172.5316730909
2022-07-17T18:58:20.398,-115.15240126028,36.3796244049106,9150.7311325588
2022-07-17T18:58:20.820,-115.152449891034,36.3792516176526,9133.1606942836
2022-07-17T18:58:21.398,-115.152515993314,36.3787393855971,9109.1554092264
2022-07-17T18:58:21.719,-115.152552430457,36.3784540468911,9095.8806414675
2022-07-17T18:58:22.195,-115.152606112106,36.3780297620925,9076.2964228566
2022-07-17T18:58:22.797,-115.152673785008,36.3774912750702,9051.6703746125
2022-07-17T18:58:23.594,-115.152763672198,36.3767753682776,9019.275457341
2022-07-17T18:58:23.953,-115.152804361512,36.376451880908,9004.7381562762
2022-07-17T18:58:24.922,-115.152915764392,36.3755763472056,8965.5750419282
2022-07-17T18:58:25.195,-115.152947827769,36.3753292074317,8954.549156871
2022-07-17T18:58:25.836,-115.153024673618,36.374748217209,8928.7132902748
2022-07-17T18:58:26.195,-115.153068781959,36.3744223482632,8914.2367609188
2022-07-17T18:58:26.813,-115.153146583101,36.3738605656881,8889.2016036755
2022-07-17T18:58:27.398,-115.153222121421,36.3733278791493,8865.7911495203
2022-07-17T18:58:27.758,-115.153269479148,36.3729996766201,8852.2642945743
2022-07-17T18:58:28.594,-115.15338198397,36.3722363068516,8820.5916037059
2022-07-17T18:58:29.594,-115.153521699499,36.3713213704418,8782.3674804776
2022-07-17T18:58:30.758,-115.153691594788,36.3702553227973,8739.5405033579
2022-07-17T18:58:31.594,-115.153817472006,36.3694902049411,8710.8159989158
2022-07-17T18:58:32.797,-115.154002986225,36.3683903641573,8670.7231753009
2022-07-17T18:58:33.398,-115.1540976898,36.3678411192603,8651.3696592174
2022-07-17T18:58:33.813,-115.154164021719,36.3674618918996,8638.307478172
2022-07-17T18:58:34.742,-115.154315156639,36.366612981316,8609.0670777107
2022-07-17T18:58:35.398,-115.154423640785,36.3660135768171,8588.9467863525
2022-07-17T18:58:35.742,-115.154481047445,36.365699263612,8578.6407461347
2022-07-17T18:58:36.195,-115.154557217944,36.3652853718829,8565.0442754612
2022-07-17T18:58:36.867,-115.154671483579,36.3646714322804,8544.9363994921
2022-07-17T18:58:37.594,-115.154796921589,36.3640075516567,8523.6341131564
2022-07-17T18:58:37.859,-115.154843134338,36.3637657196389,8515.9901345597
2022-07-17T18:58:38.594,-115.154972561393,36.3630955370201,8494.7889109047
2022-07-17T18:58:39.797,-115.155186604678,36.3620001242601,8460.7863621365
2022-07-17T18:58:40.797,-115.155364315855,36.3610901203044,8432.999106088
2022-07-17T18:58:41.797,-115.155540508463,36.3601813135571,8405.5612247964
2022-07-17T18:58:42.797,-115.155714689808,36.3592741239272,8378.4228026133
2022-07-17T18:58:43.148,-115.155775237576,36.3589559869618,8368.9618723552
2022-07-17T18:58:43.594,-115.155851773291,36.3585518937845,8356.9402914574
2022-07-17T18:58:44.141,-115.155945087408,36.3580563754158,8342.2542065577
2022-07-17T18:58:45.063,-115.156101012407,36.3572209828441,8317.5865649494
2022-07-17T18:58:45.594,-115.156190167736,36.3567395355875,8303.4348730936
2022-07-17T18:58:45.977,-115.156254265975,36.3563921150626,8293.2852530448
2022-07-17T18:58:46.398,-115.156324593933,36.3560101236312,8282.1286210852
2022-07-17T18:58:47.047,-115.156432929352,36.355421112503,8265.0695634253
2022-07-17T18:58:47.398,-115.156491590727,36.3551025092655,8255.9252200213
2022-07-17T18:58:47.938,-115.156581934203,36.3546123741176,8241.8569993998
2022-07-17T18:58:48.594,-115.156691501353,36.3540170899987,8224.9079271079
2022-07-17T18:58:48.977,-115.156755286577,36.3536696370288,8215.0649099628
2022-07-17T18:58:50.039,-115.156931545651,36.352706739276,8187.9299860391
2022-07-17T18:58:50.797,-115.157056808459,36.3520200216975,8168.7101700673
2022-07-17T18:58:51.398,-115.157155692429,36.351475983885,8153.5468526255
2022-07-17T18:58:51.781,-115.157218468673,36.3511295740588,8143.9309970121
2022-07-17T18:58:52.711,-115.157369954745,36.3502895684461,8120.581791476
2022-07-17T18:58:53.664,-115.157523139389,36.3494305674345,8096.730606158
2022-07-17T18:58:54.195,-115.157607279674,36.3489525264665,8083.4546133416
2022-07-17T18:58:54.742,-115.157692924805,36.3484604270946,8069.789359137
2022-07-17T18:58:55.797,-115.157855337171,36.3475122180723,8043.4547806882
2022-07-17T18:58:56.398,-115.157946422092,36.3469725423843,8028.4845222273
2022-07-17T18:58:56.781,-115.158004046696,36.346628795427,8018.9597694162
2022-07-17T18:58:57.195,-115.158065986128,36.34625728429,8008.6640836097
2022-07-17T18:58:57.789,-115.158154341476,36.3457241661589,7993.9214008041
2022-07-17T18:58:58.711,-115.158290495593,36.3448963997975,7971.0604146197
2022-07-17T18:58:59.398,-115.158391308651,36.3442795956922,7954.0200646696
2022-07-17T18:58:59.727,-115.158439425647,36.3439844870605,7945.8531146583
2022-07-17T18:59:00.594,-115.158566157901,36.3432084129946,7924.3310913761
2022-07-17T18:59:01.594,-115.158713655956,36.3423163830422,7899.5149977475
2022-07-17T18:59:02.711,-115.158880819947,36.3413227815716,7871.8517243271
2022-07-17T18:59:03.398,-115.158984617196,36.3407127873924,7854.914689503
2022-07-17T18:59:04.398,-115.159137667155,36.3398258289006,7830.420250319
2022-07-17T18:59:04.664,-115.159178765599,36.3395900652819,7823.9656899564
2022-07-17T18:59:05.641,-115.159331109516,36.338724627185,7800.2585265194
2022-07-17T18:59:06.680,-115.159495868164,36.3378049603119,7775.2271017644
2022-07-17T18:59:07.750,-115.159668611925,36.3368587780001,7749.4633325837
2022-07-17T18:59:08.594,-115.159806791335,36.3361137118061,7729.0365808738
2022-07-17T18:59:08.930,-115.159862148974,36.3358173733727,7720.8691342258
2022-07-17T18:59:09.797,-115.160005884509,36.335053157254,7699.6198221074
2022-07-17T18:59:10.195,-115.160072362101,36.3347024278028,7689.7345729919
2022-07-17T18:59:11.000,-115.16020806184,36.3339929522614,7669.7405389772
2022-07-17T18:59:11.797,-115.160344085797,36.3332904765261,7649.7070382269
2022-07-17T18:59:12.797,-115.1605170232,36.3324093336245,7624.2843549262
2022-07-17T18:59:13.094,-115.160568827569,36.3321478094852,7616.6854297867
2022-07-17T18:59:13.797,-115.160692214518,36.3315291476312,7598.5711454099
2022-07-17T18:59:14.164,-115.160757005555,36.3312063492939,7589.005897576
2022-07-17T18:59:15.281,-115.160955245937,36.3302243747505,7559.8931405446
2022-07-17T18:59:16.180,-115.161115579302,36.3294342202307,7536.2457403302
2022-07-17T18:59:17.219,-115.161301824439,36.3285204622029,7508.7532914627
2022-07-17T18:59:17.594,-115.161368941245,36.3281903690344,7498.7539647586
2022-07-17T18:59:18.281,-115.161491171385,36.3275851099786,7480.4351982364
2022-07-17T18:59:18.594,-115.161546407021,36.327309106238,7472.0331747624
2022-07-17T18:59:19.000,-115.16161758483,36.326950855667,7461.1347034189
2022-07-17T18:59:19.453,-115.161696280747,36.3265508486813,7448.8817691017
2022-07-17T18:59:20.469,-115.161869573006,36.325653055428,7421.4005742531
2022-07-17T18:59:20.797,-115.161924646235,36.3253631075391,7412.436106768
2022-07-17T18:59:21.516,-115.16204397872,36.3247274175049,7392.7853381045
2022-07-17T18:59:21.797,-115.162090053082,36.324478955577,7385.030698451
2022-07-17T18:59:22.367,-115.162182416899,36.3239749157187,7369.3006464852
2022-07-17T18:59:22.797,-115.162250982408,36.323594617664,7357.323617909
2022-07-17T18:59:23.289,-115.162328073563,36.3231594538328,7343.6196689338
2022-07-17T18:59:24.195,-115.162466370308,36.3223578398201,7318.1767938673
2022-07-17T18:59:25.414,-115.162646836005,36.3212781740618,7283.5305185232
2022-07-17T18:59:25.797,-115.162702425606,36.3209386592571,7272.5823038514
2022-07-17T18:59:26.414,-115.162790989637,36.3203915835149,7254.9572709356
2022-07-17T18:59:26.797,-115.162845386447,36.3200519832164,7244.0464599639
2022-07-17T18:59:27.398,-115.162929858206,36.3195191845057,7226.8801084074
2022-07-17T18:59:28.195,-115.163040577594,36.3188127628778,7204.2205755296
2022-07-17T18:59:28.469,-115.163078424433,36.3185699196871,7196.5057222024
2022-07-17T18:59:29.289,-115.163191165986,36.3178431854694,7173.4174750179
2022-07-17T18:59:29.594,-115.163232926494,36.3175728856128,7164.888817283
2022-07-17T18:59:30.141,-115.163307638333,36.3170881472953,7149.6844330282
2022-07-17T18:59:31.008,-115.163425988824,36.3163200594649,7125.7968063097
2022-07-17T18:59:31.398,-115.163479396926,36.3159746788801,7115.1904939036
2022-07-17T18:59:31.961,-115.163557006295,36.3154760794284,7099.879330097
2022-07-17T18:59:32.594,-115.163645292863,36.3149153189573,7082.8271394319
2022-07-17T18:59:33.031,-115.163706945112,36.3145280613342,7071.1606283285
2022-07-17T18:59:33.398,-115.163759130136,36.3142028014133,7061.4095366311
2022-07-17T18:59:34.063,-115.163854429587,36.3136135802766,7043.8159336021
2022-07-17T18:59:34.594,-115.163931044357,36.3131434736484,7029.8489534366
2022-07-17T18:59:35.047,-115.163996766901,36.3127428102143,7018.0097612527
2022-07-17T18:59:35.398,-115.164047998617,36.3124326381404,7008.8363474416
2022-07-17T18:59:36.055,-115.16414466715,36.3118526653317,6991.7973385004
2022-07-17T18:59:36.797,-115.164255040193,36.3111986139779,6972.7132290103
2022-07-17T18:59:37.172,-115.164311435594,36.310868454917,6963.1174954723
2022-07-17T18:59:38.117,-115.16445592185,36.3100372976227,6939.2057076596
2022-07-17T18:59:38.398,-115.164499687354,36.3097903251298,6932.2306750654
2022-07-17T18:59:39.195,-115.164626071618,36.3090904303272,6912.4473975652
2022-07-17T18:59:40.195,-115.164789787508,36.3082136785122,6888.0580495074
2022-07-17T18:59:41.398,-115.164994956957,36.3071610807261,6859.5886089236
2022-07-17T18:59:42.383,-115.165169620337,36.3063011090719,6836.9341489467
2022-07-17T18:59:43.328,-115.165342091004,36.305477542851,6815.3483664337
2022-07-17T18:59:43.797,-115.165429280307,36.3050692905205,6804.5178428436
2022-07-17T18:59:44.195,-115.165504001618,36.304723116316,6795.200365563
2022-07-17T18:59:45.289,-115.165712363242,36.3037730041342,6768.8767635853
2022-07-17T18:59:45.797,-115.165810649161,36.3033324856589,6756.2593386362
2022-07-17T18:59:46.195,-115.165888412903,36.3029875779406,6746.1842271003
2022-07-17T18:59:47.273,-115.166101934686,36.3020538495779,6718.0692926233
2022-07-17T18:59:48.219,-115.16629114245,36.3012346552933,6692.4205861396
2022-07-17T18:59:48.594,-115.166366099231,36.3009100001942,6681.9928264739
2022-07-17T18:59:49.180,-115.166483136558,36.3004026631247,6665.4418327153
2022-07-17T18:59:50.141,-115.166674447949,36.29957013523,6637.6221771722
2022-07-17T18:59:50.398,-115.166725441541,36.2993473254773,6629.9974183377
2022-07-17T18:59:51.078,-115.166860146297,36.2987573801799,6609.8229591648
2022-07-17T18:59:51.977,-115.167037885027,36.2979764637741,6582.4860265841
2022-07-17T18:59:52.398,-115.167121039134,36.2976104460904,6569.4253328697
2022-07-17T18:59:52.898,-115.167219779877,36.2971755282751,6553.7219743779
2022-07-17T18:59:53.594,-115.167357195051,36.2965697804541,6531.5077267574
2022-07-17T18:59:54.594,-115.167553628282,36.2956988027336,6498.9078209007
2022-07-17T18:59:55.594,-115.16774760312,36.294826959319,6465.7487384872
2022-07-17T18:59:56.398,-115.167900901949,36.2941255294908,6438.8829594596
2022-07-17T18:59:57.602,-115.168125987085,36.2930740499723,6398.5720987543
2022-07-17T18:59:58.195,-115.168235044516,36.2925558026364,6378.8115194679
2022-07-17T18:59:58.453,-115.16828216867,36.2923302723541,6370.2783978711
2022-07-17T18:59:59.000,-115.168381488584,36.2918520094008,6352.1868571202
2022-07-17T18:59:59.508,-115.16847305406,36.291407744987,6335.5517898684
2022-07-17T19:00:00.398,-115.168632132413,36.2906289351488,6306.7366642311
2022-07-17T19:00:01.195,-115.168773268327,36.2899302600377,6281.2568154037
2022-07-17T19:00:02.430,-115.168990071559,36.2888446970599,6242.304783069
2022-07-17T19:00:02.797,-115.169054367507,36.2885216097191,6230.8622856117
2022-07-17T19:00:03.398,-115.169159689996,36.2879921870053,6212.1240268337
2022-07-17T19:00:04.195,-115.169299007611,36.28728953589,6187.4519896779
2022-07-17T19:00:05.195,-115.169471559285,36.2864068594971,6157.0089232169
2022-07-17T19:00:05.492,-115.169522159719,36.286144490135,6148.0778601979
2022-07-17T19:00:06.195,-115.169640751355,36.2855226789838,6126.9380039601
2022-07-17T19:00:06.445,-115.16968216589,36.2853012036777,6119.6358429938
2022-07-17T19:00:07.398,-115.169840035888,36.2844569395973,6091.7012523472
2022-07-17T19:00:08.516,-115.170019286288,36.2834643741591,6059.1447415494
2022-07-17T19:00:08.797,-115.170062892572,36.2832144570381,6051.1213584649
2022-07-17T19:00:09.555,-115.17017799786,36.2825397436983,6029.7995118175
2022-07-17T19:00:10.398,-115.170302755073,36.2817888493918,6006.4679613431
2022-07-17T19:00:11.594,-115.170473861528,36.280722902189,5974.0917006145
2022-07-17T19:00:12.195,-115.170559045918,36.2801872271554,5958.1451500284
2022-07-17T19:00:12.648,-115.170623468203,36.2797835238636,5946.2437816632
2022-07-17T19:00:13.195,-115.170701586253,36.2792960714357,5932.0590940006
2022-07-17T19:00:13.586,-115.170757611162,36.2789476193203,5922.1362516538
2022-07-17T19:00:14.398,-115.170874399608,36.2782239363766,5901.529223557
2022-07-17T19:00:14.727,-115.170922130108,36.2779307221696,5893.4411924097
2022-07-17T19:00:15.594,-115.171050517036,36.2771584013266,5872.1271407235
2022-07-17T19:00:16.594,-115.171205376123,36.2762691475435,5848.2343326179
2022-07-17T19:00:17.742,-115.171390911945,36.2752517405145,5821.3655131999
2022-07-17T19:00:18.195,-115.171466260287,36.2748516074243,5810.9368791778
2022-07-17T19:00:18.602,-115.171534993783,36.2744929564293,5801.5672234454
2022-07-17T19:00:19.797,-115.171741180401,36.2734444062245,5774.5138103596
2022-07-17T19:00:20.117,-115.171797149643,36.2731646658855,5767.4773121515
2022-07-17T19:00:20.398,-115.171846479466,36.2729193832457,5761.2971926311
2022-07-17T19:00:21.195,-115.171987356651,36.2722255880125,5743.7157192772
2022-07-17T19:00:22.195,-115.172165771311,36.2713598446065,5721.7840519116
2022-07-17T19:00:22.453,-115.172211937322,36.2711375206592,5716.1874401713
2022-07-17T19:00:23.336,-115.17237006752,36.2703799920646,5697.0331449505
2022-07-17T19:00:23.797,-115.172452705756,36.2699865729502,5686.9041121074
2022-07-17T19:00:24.320,-115.172546710346,36.2695421057359,5675.4128232207
2022-07-17T19:00:24.797,-115.172632735883,36.2691386111825,5664.7817881209
2022-07-17T19:00:25.461,-115.172753056966,36.2685798884843,5649.779655095
2022-07-17T19:00:26.195,-115.172887042955,36.2679662256133,5632.836399068
2022-07-17T19:00:27.031,-115.17304112901,36.2672723741501,5612.9667661976
2022-07-17T19:00:27.398,-115.173109336225,36.2669694731571,5604.0397638902
2022-07-17T19:00:28.000,-115.173222125007,36.2664746750444,5589.1246579545
2022-07-17T19:00:28.594,-115.173334876139,36.2659888528535,5574.0869993948
2022-07-17T19:00:29.008,-115.173414270478,36.2656516058861,5563.3971354677
2022-07-17T19:00:29.594,-115.17352674402,36.265176020747,5547.9524899689
2022-07-17T19:00:30.055,-115.173614520255,36.2648032246394,5535.5778160549
2022-07-17T19:00:30.594,-115.173716417734,36.2643688336067,5520.7713174289
2022-07-17T19:00:31.047,-115.173801652485,36.2640050721704,5507.8269727747
2022-07-17T19:00:31.398,-115.17386737329,36.2637240338568,5497.8234871142
2022-07-17T19:00:31.992,-115.173977878267,36.2632500141394,5480.8238696887
2022-07-17T19:00:32.594,-115.174088800727,36.2627715140924,5462.9720717356
2022-07-17T19:00:32.914,-115.174147261266,36.2625178736648,5453.2032740315
2022-07-17T19:00:33.797,-115.174304814824,36.2618195930609,5426.2474978671
2022-07-17T19:00:35.141,-115.174526984434,36.2607573029808,5383.8633884902
2022-07-17T19:00:36.008,-115.174654769655,36.2600713808137,5355.8775954464
2022-07-17T19:00:36.594,-115.174734377721,36.2596074505451,5336.6359558034
2022-07-17T19:00:37.047,-115.174792551584,36.2592486437907,5321.5526949054
2022-07-17T19:00:37.797,-115.17488289009,36.2586542794238,5296.1982534901
2022-07-17T19:00:38.195,-115.174928060383,36.2583387446359,5282.6008267735
2022-07-17T19:00:39.047,-115.175019825584,36.2576629203836,5253.3345062582
2022-07-17T19:00:40.047,-115.175120092904,36.2568695223322,5219.0562044834
2022-07-17T19:00:40.594,-115.175171929937,36.2564356217246,5200.4763510584
2022-07-17T19:00:40.891,-115.175199214574,36.2562000962703,5190.4496573296
2022-07-17T19:00:41.398,-115.175244549455,36.2557981096045,5173.4347152578
2022-07-17T19:00:41.906,-115.175288822793,36.2553953801922,5156.5181316696
2022-07-17T19:00:42.398,-115.175331605745,36.2550055478134,5140.2478235338
2022-07-17T19:00:42.820,-115.175369001787,36.2546715808417,5126.3812579653
2022-07-17T19:00:43.797,-115.175458417006,36.2538999815847,5094.5649209066
2022-07-17T19:00:44.594,-115.175534146827,36.2532723418358,5068.9249073907
2022-07-17T19:00:44.906,-115.175564629122,36.2530271876187,5059.0436367552
2022-07-17T19:00:45.195,-115.175593384017,36.2528004393139,5049.8809834621
2022-07-17T19:00:45.875,-115.175662726785,36.2522683240481,5028.3546904551
2022-07-17T19:00:46.594,-115.17573792192,36.2517079147438,5005.9757906095
2022-07-17T19:00:46.922,-115.175772617776,36.2514530323816,4995.9111069749
2022-07-17T19:00:47.398,-115.175823263914,36.2510839475258,4981.3050417008
2022-07-17T19:00:47.852,-115.175871827574,36.2507327653092,4967.5983040475
2022-07-17T19:00:48.195,-115.17590870331,36.250467943635,4957.242773177
2022-07-17T19:00:48.906,-115.175985845004,36.2499202415591,4936.1029367001
2022-07-17T19:00:49.594,-115.176061396995,36.2493917348135,4916.0345144015
2022-07-17T19:00:50.594,-115.176171762608,36.2486260871758,4887.2485059566
2022-07-17T19:00:50.852,-115.176200073048,36.2484290347736,4879.8692655525
2022-07-17T19:00:51.594,-115.176280704618,36.2478632762109,4858.7105216677
2022-07-17T19:00:52.750,-115.176402197726,36.2469842474651,4825.8029275468
2022-07-17T19:00:53.398,-115.176467179068,36.2464928041526,4807.3037892086
2022-07-17T19:00:53.813,-115.176507330584,36.2461786530925,4795.4221987269
2022-07-17T19:00:54.195,-115.176543498431,36.2458899204787,4784.4854094156
2022-07-17T19:00:54.711,-115.176593392808,36.2455005873234,4769.6488856217
2022-07-17T19:00:55.195,-115.176642032181,36.2451360980387,4755.6867385745
2022-07-17T19:00:55.797,-115.176705351731,36.2446836241874,4738.2528669766
2022-07-17T19:00:56.797,-115.176816025506,36.2439340907599,4709.0929420329
2022-07-17T19:00:57.758,-115.176928812538,36.2432168172325,4680.8512461237
2022-07-17T19:00:58.195,-115.1769832205,36.2428918317951,4667.9591064406
2022-07-17T19:00:58.672,-115.177044640761,36.2425379794379,4653.8430620913
2022-07-17T19:00:59.719,-115.177193672745,36.24176429179,4622.6232140356
2022-07-17T19:01:00.703,-115.177360838009,36.2410405838838,4592.9004639654
2022-07-17T19:01:01.195,-115.177453048555,36.2406798026126,4577.8849338804
2022-07-17T19:01:01.797,-115.177571551046,36.2402392575065,4559.3670374597
2022-07-17T19:01:02.195,-115.177652394139,36.2399484738809,4546.9792806001
2022-07-17T19:01:02.781,-115.17777381933,36.2395208003359,4528.7400205006
2022-07-17T19:01:03.594,-115.177945786646,36.2389279070252,4503.0729915451
2022-07-17T19:01:04.570,-115.178155804902,36.238216181112,4471.6662139406
2022-07-17T19:01:05.594,-115.178378462059,36.2374693061432,4437.8551356801
2022-07-17T19:01:05.875,-115.178439742057,36.2372642904705,4428.3792468897
2022-07-17T19:01:06.398,-115.178553736632,36.2368825330743,4410.7426282516
2022-07-17T19:01:06.828,-115.178647035202,36.2365683976684,4396.031210904
2022-07-17T19:01:07.195,-115.178725880953,36.2363000368336,4383.4751872601
2022-07-17T19:01:07.766,-115.178846014918,36.2358819216737,4363.7444551827
2022-07-17T19:01:08.195,-115.17893444245,36.235567290366,4348.8195507266
2022-07-17T19:01:08.867,-115.179070652789,36.2350735699644,4325.3001671296
2022-07-17T19:01:09.594,-115.179216088478,36.2345382968601,4299.6260475152
2022-07-17T19:01:09.906,-115.179278198719,36.2343082376805,4288.5360206119
2022-07-17T19:01:10.789,-115.179452890577,36.2336559957275,4256.9390712029
2022-07-17T19:01:11.195,-115.179532599949,36.2333556724154,4242.3180986214
2022-07-17T19:01:11.875,-115.179665326559,36.2328521272196,4217.7234841462
2022-07-17T19:01:12.914,-115.179874654258,36.2320840214708,4179.9256247328
2022-07-17T19:01:13.797,-115.180067605438,36.2314347776463,4147.5654511667
2022-07-17T19:01:14.195,-115.180159370676,36.2311431978742,4132.897096803
2022-07-17T19:01:14.930,-115.18033607446,36.2306062786427,4105.6582216085
2022-07-17T19:01:15.195,-115.180402115965,36.230413254367,4095.7935970713
2022-07-17T19:01:15.844,-115.180570084344,36.2299423199232,4071.6345732062
2022-07-17T19:01:16.797,-115.180835435543,36.2292563253475,4035.9140849374
2022-07-17T19:01:17.195,-115.180952614325,36.228971782145,4020.9384436911
2022-07-17T19:01:18.039,-115.18121126784,36.2283716487511,3989.2025463122
2022-07-17T19:01:18.797,-115.181454977083,36.2278365268077,3960.8632704385
2022-07-17T19:01:19.797,-115.181792855438,36.2271365649727,3923.9478634011
2022-07-17T19:01:20.797,-115.182146667798,36.2264424291985,3887.8454351258
2022-07-17T19:01:21.133,-115.182268723642,36.2262102859271,3875.9156093616
2022-07-17T19:01:21.398,-115.182366159328,36.2260275890025,3866.5066693987
2022-07-17T19:01:22.055,-115.182612354526,36.2255760761947,3843.4514756382
2022-07-17T19:01:23.102,-115.183016639931,36.2248603997321,3807.3112915855
2022-07-17T19:01:23.398,-115.183133423039,36.2246588656244,3797.3485647976
2022-07-17T19:01:24.094,-115.18341222328,36.2241863136567,3773.9226937021
2022-07-17T19:01:24.797,-115.183699658915,36.2237109407562,3750.7736424306
2022-07-17T19:01:25.594,-115.184032312898,36.22317433509,3725.2616459966
2022-07-17T19:01:26.398,-115.184374638991,36.2226357946433,3700.1614853969
2022-07-17T19:01:26.688,-115.184499638082,36.2224422600454,3691.2355803345
2022-07-17T19:01:27.797,-115.184984637932,36.2217067112205,3657.732668451
2022-07-17T19:01:28.398,-115.18525208839,36.2213119119842,3640.0387782642
2022-07-17T19:01:28.703,-115.1853890593,36.2211127409406,3631.1956807327
2022-07-17T19:01:29.555,-115.185776068653,36.2205606514159,3607.046769218
2022-07-17T19:01:30.594,-115.186256437842,36.2198967687476,3578.920929862
2022-07-17T19:01:31.102,-115.186494517083,36.2195766355294,3565.7222401633
2022-07-17T19:01:31.398,-115.186634247339,36.2193915743392,3558.1956445075
2022-07-17T19:01:32.148,-115.186991819548,36.2189273075452,3539.6264913803
2022-07-17T19:01:32.594,-115.187206724456,36.2186543237129,3528.8757365664
2022-07-17T19:01:33.195,-115.187498813063,36.2182901258541,3514.6595036763
2022-07-17T19:01:34.117,-115.187952412368,36.2177395379416,3493.4694640782
2022-07-17T19:01:34.398,-115.188091955877,36.2175735396946,3487.2177719771
2022-07-17T19:01:35.109,-115.188447616964,36.2171571618108,3471.3994336006
2022-07-17T19:01:35.797,-115.188795345872,36.2167590606591,3456.5136246768
2022-07-17T19:01:36.063,-115.188930815823,36.2166063730065,3450.8935873498
2022-07-17T19:01:36.594,-115.189202960085,36.2163034420289,3439.6746406551
2022-07-17T19:01:37.055,-115.189440950378,36.2160424466203,3430.3059068478
2022-07-17T19:01:38.125,-115.189997246412,36.2154429716522,3408.5606895506
2022-07-17T19:01:38.594,-115.190241578616,36.2151820652683,3399.3120997258
2022-07-17T19:01:39.023,-115.190465189606,36.2149441856517,3390.9596635538
2022-07-17T19:01:39.594,-115.190763119954,36.2146288025222,3379.8425515394
2022-07-17T19:01:40.070,-115.191011792037,36.214366970445,3370.662117922
2022-07-17T19:01:40.797,-115.191391791421,36.2139688465895,3356.7534964728
2022-07-17T19:01:41.070,-115.191534459045,36.2138198058329,3351.5627235613
2022-07-17T19:01:41.594,-115.191808342054,36.2135343878547,3341.6684666278
2022-07-17T19:01:42.102,-115.19207399189,36.2132585079776,3332.1767421801
2022-07-17T19:01:42.797,-115.192437786223,36.2128824016676,3319.4028079017
2022-07-17T19:01:43.070,-115.192580851558,36.2127351437089,3314.6630163179
2022-07-17T19:01:44.586,-115.193380259905,36.2119244631673,3288.0924536491
2022-07-17T19:01:45.398,-115.193814729979,36.2114968546734,3274.2445738015
2022-07-17T19:01:46.398,-115.194357463731,36.2109780275243,3258.1921758632
2022-07-17T19:01:46.867,-115.194613443006,36.2107377049337,3250.9452417065
2022-07-17T19:01:47.195,-115.194792543914,36.2105707053612,3246.0394229536
2022-07-17T19:01:47.820,-115.195134084672,36.2102547815921,3236.6914451473
2022-07-17T19:01:48.828,-115.195689359479,36.2097521927264,3222.1509188413
2022-07-17T19:01:49.594,-115.196114882709,36.2093763874771,3211.4438673105
2022-07-17T19:01:50.594,-115.196677795854,36.2088933518649,3197.7289341433
2022-07-17T19:01:51.594,-115.197225586809,36.2084133109892,3184.1092749397
2022-07-17T19:01:52.195,-115.197539013589,36.2081223507133,3175.9241497982
2022-07-17T19:01:52.719,-115.197803296646,36.2078652345114,3168.7890225993
2022-07-17T19:01:53.398,-115.198134814432,36.2075270188303,3159.5716510026
2022-07-17T19:01:53.656,-115.198257887856,36.2073974055845,3156.0958306237
2022-07-17T19:01:54.398,-115.198601311456,36.2070215539293,3146.0994789914
2022-07-17T19:01:54.781,-115.198771403047,36.206825371425,3140.9959449384
2022-07-17T19:01:55.195,-115.198949154302,36.2066115584243,3135.4793311057
2022-07-17T19:01:55.797,-115.199196892457,36.2062971824678,3127.5709272875
2022-07-17T19:01:56.398,-115.199430745818,36.2059787617064,3119.767466612
2022-07-17T19:01:57.594,-115.199851046923,36.2053278860015,3104.2824800309
2022-07-17T19:01:58.594,-115.200150596066,36.2047669159574,3090.953007056
2022-07-17T19:01:59.406,-115.200355315671,36.2043005594376,3092
2022-07-17T19:02:00.414,-115.200558967052,36.2037084779888,3067
2022-07-17T19:02:01.195,-115.200680705324,36.2032417885426,3049.6
2022-07-17T19:02:02.344,-115.200808439097,36.2025448247023,3026.5
2022-07-17T19:02:03.344,-115.200863952771,36.2019330389759,3007
2022-07-17T19:02:03.594,-115.200865746739,36.2017799830643,3002.1
2022-07-17T19:02:04.305,-115.200870848734,36.20134469203,2987.3
2022-07-17T19:02:04.797,-115.200856868225,36.2010426579474,2976.3
2022-07-17T19:02:05.195,-115.200836905465,36.2007981432742,2966.8
2022-07-17T19:02:06.289,-115.200742216895,36.2001270496213,2937
2022-07-17T19:02:06.594,-115.2007054438,36.1999402140217,2927.4
2022-07-17T19:02:08.398,-115.200393933114,36.1988347508503,2858.6
2022-07-17T19:02:09.398,-115.200150250109,36.1982343649358,2832.7
2022-07-17T19:02:10.313,-115.199881564755,36.1976991889747,2819.2
2022-07-17T19:02:10.797,-115.199721627613,36.1974222875794,2814.2
2022-07-17T19:02:11.203,-115.199577717783,36.1971934473965,2810.3
2022-07-17T19:02:11.594,-115.199436454117,36.1969756490743,2806.4
2022-07-17T19:02:13.273,-115.198732925447,36.1960670062524,2781.6
2022-07-17T19:02:14.375,-115.198189849918,36.1955048271924,2757
2022-07-17T19:02:15.344,-115.197667772373,36.1950380580623,2734.7
2022-07-17T19:02:15.797,-115.197411286794,36.1948304528728,2724.3
2022-07-17T19:02:16.594,-115.196943381414,36.1944838884333,2707.1
2022-07-17T19:02:16.906,-115.196755053925,36.1943547295532,2700.7
2022-07-17T19:02:17.195,-115.196578301347,36.1942380731673,2695.1
2022-07-17T19:02:17.844,-115.19617416247,36.1939869581094,2683.9
2022-07-17T19:02:18.797,-115.195565976068,36.1936477104321,2674.1
2022-07-17T19:02:19.195,-115.195308030908,36.1935167120499,2671.5
2022-07-17T19:02:19.945,-115.194817721268,36.1932865029865,2668.6
2022-07-17T19:02:20.797,-115.194257177035,36.1930538091506,2667
2022-07-17T19:02:21.398,-115.193861721295,36.1929122256265,2665.8
2022-07-17T19:02:21.867,-115.193549622114,36.1928148012592,2664.7
2022-07-17T19:02:22.594,-115.193032307785,36.1926853915744,2662.7
2022-07-17T19:02:23.719,-115.192218166888,36.1925394364047,2658.5
2022-07-17T19:02:24.195,-115.191875209608,36.1924980197006,2655.5
2022-07-17T19:02:24.625,-115.191566449464,36.1924711024991,2652.1
2022-07-17T19:02:25.594,-115.19087522936,36.19244700953,2643.4
2022-07-17T19:02:26.398,-115.190307622583,36.1924661123691,2635.1
2022-07-17T19:02:26.844,-115.18999550631,36.1924918744182,2629.9
2022-07-17T19:02:27.398,-115.189610896693,36.1925385991146,2622.8
2022-07-17T19:02:27.977,-115.189212952077,36.1926046473136,2614.6
2022-07-17T19:02:28.797,-115.188657405794,36.1927278976871,2602.5
2022-07-17T19:02:29.063,-115.188479544682,36.1927750883849,2598.4
2022-07-17T19:02:29.398,-115.188257397915,36.1928394861114,2593.3
2022-07-17T19:02:30.039,-115.187838661949,36.1929780723387,2583.2
2022-07-17T19:02:31.203,-115.187102846332,36.1932802713624,2564.7
2022-07-17T19:02:31.594,-115.186863776182,36.1933949056297,2558.8
2022-07-17T19:02:32.234,-115.18648231888,36.1935953811239,2549.7
2022-07-17T19:02:32.797,-115.186157654516,36.1937847254422,2542.1
2022-07-17T19:02:33.180,-115.185942995799,36.1939204268948,2537.2
2022-07-17T19:02:33.797,-115.185608361413,36.1941503809662,2529.7
2022-07-17T19:02:34.047,-115.185476867698,36.1942472662339,2526.7
2022-07-17T19:02:34.594,-115.185197645421,36.1944669297941,2520.4
2022-07-17T19:02:35.008,-115.184993978315,36.1946406574849,2515.6
2022-07-17T19:02:35.594,-115.184716782759,36.1948975748784,2508.6
2022-07-17T19:02:35.969,-115.184546104744,36.1950680053678,2503.8
2022-07-17T19:02:36.594,-115.184273289538,36.1953608537699,2495.2
2022-07-17T19:02:37.016,-115.184097778925,36.1955639611039,2489
2022-07-17T19:02:37.594,-115.183869998337,36.1958483368967,2480
2022-07-17T19:02:37.977,-115.183727547491,36.1960409002021,2473.7
2022-07-17T19:02:39.102,-115.183346316701,36.1966241318184,2455.4
2022-07-17T19:02:39.797,-115.183144101736,36.1969928779607,2444.7
2022-07-17T19:02:40.086,-115.1830686956002,36.197147348275834,2440.6000215887
2022-07-17T19:02:40.594,-115.18294765869933,36.19742028014864,2433.8071136034
2022-07-17T19:02:41.023,-115.18285669851174,36.197652692125054,2428.7363376818
2022-07-17T19:02:41.594,-115.18275180313309,36.1979646630002,2423.137465991
2022-07-17T19:02:42.203,-115.18266108884798,36.198300356126936,2418.462889003
2022-07-17T19:02:43.219,-115.18256119578865,36.19886460456704,2411.6321220422
2022-07-17T19:02:43.594,-115.18254134208001,36.199072828406464,2408.6756673444
2022-07-17T19:02:44.289,-115.18252907843524,36.19945652699065,2402.3779252782
2022-07-17T19:02:44.594,-115.1825336925359,36.19962341380483,2399.0908136393
2022-07-17T19:02:45.383,-115.18257391136171,36.20004922447099,2389.3942379342
2022-07-17T19:02:46.336,-115.18267871425077,36.200551010437266,2375.2623469468
2022-07-17T19:02:47.391,-115.18287133414553,36.20108420265021,2355.5811436096
2022-07-17T19:02:47.797,-115.18296731722195,36.20128270676836,2347.1799283004
2022-07-17T19:02:48.453,-115.18314742766124,36.201595782625645,2332.997885971
2022-07-17T19:02:48.797,-115.1832542565782,36.201756251891396,2325.6675769072
2022-07-17T19:02:49.508,-115.18350143320416,36.202078102732294,2310.7356725064
2022-07-17T19:02:49.797,-115.18361177126235,36.202204394212906,2305.0255353375
2022-07-17T19:02:50.195,-115.18377277185014,36.202373294070185,2297.7057285286
2022-07-17T19:02:50.500,-115.18390308528707,36.20249837748024,2292.6402416021
2022-07-17T19:02:51.195,-115.1842225828538,36.202768546309656,2283.064536391
2022-07-17T19:02:51.547,-115.18439710947283,36.20289799092838,2279.2648203257
2022-07-17T19:02:52.195,-115.18473697933783,36.20312309597318,2267.4137397292
