time,lat,lon,alt,Vx,Vy,Vz,source
2022-07-17T18:46:42.639,36.205766,-115.191457,2075,-25.00000,23.00000,-64,ADSB
2022-07-17T18:46:44.061,36.205938,-115.191672,2075,-28.00000,28.00000,-192,ADSB
2022-07-17T18:46:44.810,36.206045,-115.191801,2075,-30.00000,30.00000,-192,ADSB
2022-07-17T18:46:45.124,36.206088,-115.191886,2075,-29.00000,29.00000,-192,ADSB
2022-07-17T18:46:46.015,36.206238,-115.192015,2075,-33.00000,33.00000,-128,ADSB
2022-07-17T18:46:47.249,36.206410,-115.192273,2075,-36.00000,37.00000,-64,ADSB
2022-07-17T18:46:48.093,36.206560,-115.192466,2075,-37.00000,38.00000,-64,ADSB
2022-07-17T18:46:48.874,36.206753,-115.192659,2075,-41.00000,40.00000,-64,ADSB
2022-07-17T18:46:49.763,36.206861,-115.192809,2075,-44.00000,42.00000,-64,ADSB
2022-07-17T18:46:50.014,36.206903,-115.192916,2075,-41.00000,40.00000,0,ADSB
2022-07-17T18:46:51.123,36.207182,-115.193195,2075,-41.00000,40.00000,0,ADSB
2022-07-17T18:46:52.264,36.207418,-115.193539,2100,-47.00000,46.00000,0,ADSB
2022-07-17T18:46:53.170,36.207633,-115.193818,2100,-52.00000,49.00000,0,ADSB
2022-07-17T18:46:53.858,36.207783,-115.193989,2100,-53.00000,50.00000,-64,ADSB
2022-07-17T18:46:54.268,36.207869,-115.194118,2100,-53.00000,49.00000,-64,ADSB
2022-07-17T18:46:55.154,36.208105,-115.194418,2100,-55.00000,53.00000,-64,ADSB
2022-07-17T18:46:55.748,36.208234,-115.194569,2100,-55.00000,53.00000,-64,ADSB
2022-07-17T18:46:56.748,36.208470,-115.194933,2100,-57.00000,55.00000,-128,ADSB
2022-07-17T18:46:57.264,36.208642,-115.195084,2100,-59.00000,58.00000,-64,ADSB
2022-07-17T18:46:57.733,36.208749,-115.195277,2075,-58.00000,58.00000,-64,ADSB
2022-07-17T18:46:58.592,36.209028,-115.195620,2100,-60.00000,60.00000,-64,ADSB
2022-07-17T18:46:59.201,36.209178,-115.195770,2100,-62.00000,61.00000,-64,ADSB
2022-07-17T18:46:59.607,36.209307,-115.195985,2100,-63.00000,61.00000,-64,ADSB
2022-07-17T18:47:00.280,36.209478,-115.196135,2100,-64.00000,62.00000,128,ADSB
2022-07-17T18:47:00.640,36.209564,-115.196285,2100,-65.00000,62.00000,64,ADSB
2022-07-17T18:47:01.515,36.209822,-115.196607,2100,-66.00000,63.00000,256,ADSB
2022-07-17T18:47:02.421,36.210122,-115.196972,2100,-66.00000,64.00000,256,ADSB
2022-07-17T18:47:03.062,36.210294,-115.197208,2100,-68.00000,65.00000,576,ADSB
2022-07-17T18:47:03.968,36.210594,-115.197594,2125,-69.00000,66.00000,320,ADSB
2022-07-17T18:47:04.341,36.210701,-115.197766,2125,-69.00000,66.00000,320,ADSB
2022-07-17T18:47:05.375,36.211023,-115.198174,2125,-69.00000,66.00000,192,ADSB
2022-07-17T18:47:06.015,36.211238,-115.198388,2125,-69.00000,68.00000,512,ADSB
2022-07-17T18:47:06.265,36.211367,-115.198538,2125,-69.00000,68.00000,256,ADSB
2022-07-17T18:47:07.515,36.211753,-115.199032,2150,-69.00000,70.00000,384,ADSB
2022-07-17T18:47:08.734,36.212118,-115.199482,2150,-69.00000,71.00000,320,ADSB
2022-07-17T18:47:09.685,36.212440,-115.199890,2150,-70.00000,71.00000,512,ADSB
2022-07-17T18:47:10.624,36.212761,-115.200233,2175,-70.00000,72.00000,448,ADSB
2022-07-17T18:47:24.786,36.216946,-115.206435,2400,-89.00000,49.00000,576,ADSB
2022-07-17T18:47:25.717,36.217117,-115.206864,2400,-93.00000,45.00000,512,ADSB
2022-07-17T18:47:25.968,36.217160,-115.207100,2400,-91.00000,46.00000,512,ADSB
2022-07-17T18:47:26.906,36.217353,-115.207593,2400,-94.00000,42.00000,512,ADSB
2022-07-17T18:47:27.890,36.217504,-115.208130,2425,-97.00000,38.00000,448,ADSB
2022-07-17T18:47:28.703,36.217675,-115.208645,2425,-101.00000,30.00000,512,ADSB
2022-07-17T18:47:29.779,36.217782,-115.209289,2425,-102.00000,27.00000,448,ADSB
2022-07-17T18:47:30.811,36.217847,-115.209846,2425,-102.00000,27.00000,448,ADSB
2022-07-17T18:47:31.780,36.217933,-115.210426,2450,-106.00000,15.00000,512,ADSB
2022-07-17T18:47:32.624,36.217976,-115.210919,2475,-107.00000,8.00000,512,ADSB
2022-07-17T18:47:33.905,36.218019,-115.211756,2475,-108.00000,2.00000,512,ADSB
2022-07-17T18:47:34.904,36.217997,-115.212293,2475,-110.00000,-4.00000,384,ADSB
2022-07-17T18:47:35.734,36.217954,-115.212936,2475,-111.00000,-9.00000,256,ADSB
2022-07-17T18:47:36.922,36.217890,-115.213687,2475,-112.00000,-15.00000,320,ADSB
2022-07-17T18:47:37.656,36.217825,-115.214074,2475,-112.00000,-18.00000,256,ADSB
2022-07-17T18:47:38.031,36.217782,-115.214374,2500,-112.00000,-18.00000,256,ADSB
2022-07-17T18:47:39.078,36.217675,-115.215104,2500,-112.00000,-24.00000,128,ADSB
2022-07-17T18:47:39.967,36.217568,-115.215619,2500,-113.00000,-28.00000,256,ADSB
2022-07-17T18:47:40.812,36.217439,-115.216134,2500,-113.00000,-31.00000,384,ADSB
2022-07-17T18:47:41.390,36.217353,-115.216541,2525,-113.00000,-32.00000,320,ADSB
2022-07-17T18:47:42.359,36.217160,-115.217164,2525,-112.00000,-36.00000,64,ADSB
2022-07-17T18:47:43.374,36.216989,-115.217807,2525,-112.00000,-39.00000,192,ADSB
2022-07-17T18:47:44.015,36.216881,-115.218194,2525,-112.00000,-41.00000,256,ADSB
2022-07-17T18:47:44.872,36.216731,-115.218709,2525,-112.00000,-42.00000,320,ADSB
2022-07-17T18:47:45.330,36.216624,-115.219116,2525,-112.00000,-42.00000,320,ADSB
2022-07-17T18:47:46.486,36.216388,-115.219760,2550,-112.00000,-44.00000,384,ADSB
2022-07-17T18:47:46.877,36.216280,-115.220125,2550,-113.00000,-45.00000,384,ADSB
2022-07-17T18:47:48.127,36.216023,-115.220897,2550,-113.00000,-45.00000,384,ADSB
2022-07-17T18:47:49.189,36.215830,-115.221541,2575,-114.00000,-46.00000,512,ADSB
2022-07-17T18:47:50.045,36.215594,-115.222185,2575,-114.00000,-47.00000,512,ADSB
2022-07-17T18:47:50.858,36.215422,-115.222721,2575,-114.00000,-47.00000,512,ADSB
2022-07-17T18:47:51.561,36.215293,-115.223107,2600,-115.00000,-48.00000,384,ADSB
2022-07-17T18:47:52.093,36.215143,-115.223515,2575,-115.00000,-48.00000,384,ADSB
2022-07-17T18:47:52.687,36.215036,-115.223901,2600,-115.00000,-48.00000,320,ADSB
2022-07-17T18:47:53.984,36.214757,-115.224695,2600,-116.00000,-49.00000,256,ADSB
2022-07-17T18:47:54.797,36.214585,-115.225232,2600,-117.00000,-49.00000,256,ADSB
2022-07-17T18:47:55.499,36.214392,-115.225768,2600,-117.00000,-50.00000,320,ADSB
2022-07-17T18:47:55.936,36.214285,-115.226047,2600,-117.00000,-50.00000,320,ADSB
2022-07-17T18:47:56.671,36.214113,-115.226562,2625,-118.00000,-50.00000,384,ADSB
2022-07-17T18:47:57.811,36.213877,-115.227249,2625,-118.00000,-50.00000,384,ADSB
2022-07-17T18:47:58.530,36.213706,-115.227785,2625,-119.00000,-50.00000,384,ADSB
2022-07-17T18:47:58.921,36.213598,-115.228043,2650,-119.00000,-50.00000,384,ADSB
2022-07-17T18:47:59.982,36.213405,-115.228708,2650,-120.00000,-49.00000,320,ADSB
2022-07-17T18:48:00.468,36.213233,-115.229158,2650,-120.00000,-49.00000,384,ADSB
2022-07-17T18:48:01.015,36.213126,-115.229523,2650,-120.00000,-49.00000,384,ADSB
2022-07-17T18:48:01.968,36.212890,-115.230210,2650,-121.00000,-50.00000,384,ADSB
2022-07-17T18:48:02.687,36.212740,-115.230682,2675,-122.00000,-50.00000,576,ADSB
2022-07-17T18:48:03.749,36.212504,-115.231390,2675,-123.00000,-51.00000,448,ADSB
2022-07-17T18:48:04.109,36.212397,-115.231712,2675,-123.00000,-51.00000,448,ADSB
2022-07-17T18:48:04.795,36.212311,-115.231926,2700,-123.00000,-51.00000,448,ADSB
2022-07-17T18:48:05.671,36.212032,-115.232806,2700,-124.00000,-50.00000,512,ADSB
2022-07-17T18:48:06.609,36.211839,-115.233364,2700,-125.00000,-50.00000,448,ADSB
2022-07-17T18:48:06.937,36.211731,-115.233665,2700,-125.00000,-49.00000,448,ADSB
2022-07-17T18:48:07.641,36.211581,-115.234222,2725,-125.00000,-49.00000,768,ADSB
2022-07-17T18:48:08.532,36.211367,-115.234888,2725,-125.00000,-49.00000,576,ADSB
2022-07-17T18:48:09.283,36.211259,-115.235231,2725,-125.00000,-50.00000,512,ADSB
2022-07-17T18:48:09.592,36.211131,-115.235531,2725,-125.00000,-50.00000,512,ADSB
2022-07-17T18:48:10.593,36.210895,-115.236304,2750,-124.00000,-50.00000,704,ADSB
2022-07-17T18:48:11.062,36.210787,-115.236647,2775,-124.00000,-51.00000,896,ADSB
2022-07-17T18:48:11.468,36.210659,-115.236905,2775,-124.00000,-51.00000,896,ADSB
2022-07-17T18:48:12.593,36.210423,-115.237699,2800,-123.00000,-51.00000,1088,ADSB
2022-07-17T18:48:13.469,36.210208,-115.238342,2825,-122.00000,-51.00000,1216,ADSB
2022-07-17T18:48:14.388,36.209993,-115.239029,2850,-122.00000,-50.00000,1344,ADSB
2022-07-17T18:48:15.405,36.209779,-115.239694,2875,-122.00000,-50.00000,1280,ADSB
2022-07-17T18:48:16.093,36.209607,-115.240145,2900,-122.00000,-50.00000,1216,ADSB
2022-07-17T18:48:17.061,36.209393,-115.240831,2900,-122.00000,-50.00000,1024,ADSB
2022-07-17T18:48:18.155,36.209157,-115.241539,2900,-122.00000,-49.00000,768,ADSB
2022-07-17T18:48:18.530,36.209071,-115.241840,2925,-122.00000,-49.00000,768,ADSB
2022-07-17T18:48:19.498,36.208835,-115.242527,2925,-123.00000,-49.00000,640,ADSB
2022-07-17T18:48:20.499,36.208599,-115.243213,2950,-123.00000,-49.00000,640,ADSB
2022-07-17T18:48:21.437,36.208384,-115.243943,2950,-124.00000,-49.00000,512,ADSB
2022-07-17T18:48:22.437,36.208148,-115.244629,2950,-124.00000,-50.00000,512,ADSB
2022-07-17T18:48:23.609,36.207912,-115.245359,2950,-124.00000,-50.00000,448,ADSB
2022-07-17T18:48:24.686,36.207590,-115.246239,2975,-125.00000,-50.00000,384,ADSB
2022-07-17T18:48:25.718,36.207376,-115.246925,2975,-125.00000,-51.00000,384,ADSB
2022-07-17T18:48:26.655,36.207139,-115.247676,2975,-126.00000,-51.00000,320,ADSB
2022-07-17T18:48:27.765,36.206903,-115.248363,3000,-126.00000,-51.00000,384,ADSB
2022-07-17T18:48:28.828,36.206646,-115.249157,2975,-126.00000,-51.00000,384,ADSB
2022-07-17T18:48:29.701,36.206453,-115.249779,3000,-126.00000,-52.00000,448,ADSB
2022-07-17T18:48:30.734,36.206152,-115.250616,3000,-126.00000,-52.00000,512,ADSB
2022-07-17T18:48:31.843,36.205916,-115.251389,3050,-126.00000,-52.00000,704,ADSB
2022-07-17T18:48:32.828,36.205766,-115.251818,3050,-126.00000,-52.00000,768,ADSB
2022-07-17T18:48:32.937,36.205680,-115.252140,3025,-126.00000,-52.00000,768,ADSB
2022-07-17T18:48:33.859,36.205444,-115.252719,3050,-126.00000,-52.00000,832,ADSB
2022-07-17T18:48:34.530,36.205294,-115.253277,3075,-126.00000,-51.00000,896,ADSB
2022-07-17T18:48:35.812,36.204972,-115.254242,3125,-126.00000,-51.00000,960,ADSB
2022-07-17T18:48:36.812,36.204736,-115.254929,3100,-126.00000,-51.00000,1024,ADSB
2022-07-17T18:48:37.765,36.204522,-115.255573,3150,-126.00000,-50.00000,1024,ADSB
2022-07-17T18:48:38.781,36.204286,-115.256281,3150,-126.00000,-50.00000,1024,ADSB
2022-07-17T18:48:39.670,36.204071,-115.257010,3175,-125.00000,-50.00000,1024,ADSB
2022-07-17T18:48:40.749,36.203835,-115.257740,3175,-125.00000,-50.00000,1024,ADSB
2022-07-17T18:48:41.968,36.203578,-115.258598,3225,-125.00000,-49.00000,1024,ADSB
2022-07-17T18:48:42.843,36.203341,-115.259285,3225,-124.00000,-50.00000,1024,ADSB
2022-07-17T18:48:43.843,36.203148,-115.259864,3250,-123.00000,-52.00000,1024,ADSB
2022-07-17T18:48:44.404,36.202977,-115.260379,3250,-123.00000,-52.00000,960,ADSB
2022-07-17T18:48:45.452,36.202655,-115.261109,3275,-122.00000,-55.00000,1088,ADSB
2022-07-17T18:48:46.405,36.202419,-115.261710,3300,-121.00000,-57.00000,1088,ADSB
2022-07-17T18:48:46.952,36.202290,-115.262074,3300,-118.00000,-64.00000,1152,ADSB
2022-07-17T18:48:47.359,36.202140,-115.262418,3300,-117.00000,-65.00000,1088,ADSB
2022-07-17T18:48:48.437,36.201818,-115.263062,3325,-115.00000,-70.00000,1024,ADSB
2022-07-17T18:48:49.576,36.201389,-115.263813,3350,-111.00000,-76.00000,1024,ADSB
2022-07-17T18:48:50.140,36.201217,-115.264134,3325,-109.00000,-78.00000,896,ADSB
2022-07-17T18:48:50.499,36.201024,-115.264413,3350,-109.00000,-78.00000,896,ADSB
2022-07-17T18:48:51.499,36.200659,-115.264993,3375,-106.00000,-82.00000,704,ADSB
2022-07-17T18:48:52.500,36.200230,-115.265636,3375,-104.00000,-84.00000,768,ADSB
2022-07-17T18:48:53.468,36.199908,-115.266109,3400,-103.00000,-87.00000,768,ADSB
2022-07-17T18:48:54.499,36.199458,-115.266774,3400,-102.00000,-88.00000,704,ADSB
2022-07-17T18:48:55.372,36.199114,-115.267203,3425,-102.00000,-88.00000,704,ADSB
2022-07-17T18:48:55.888,36.198900,-115.267568,3450,-101.00000,-89.00000,704,ADSB
2022-07-17T18:48:56.326,36.198707,-115.267804,3425,-101.00000,-89.00000,704,ADSB
2022-07-17T18:48:57.373,36.198277,-115.268447,3425,-101.00000,-89.00000,640,ADSB
2022-07-17T18:48:58.404,36.197827,-115.269070,3475,-102.00000,-90.00000,640,ADSB
2022-07-17T18:48:59.436,36.197441,-115.269606,3450,-102.00000,-90.00000,576,ADSB
2022-07-17T18:49:00.077,36.197162,-115.270014,3475,-102.00000,-90.00000,576,ADSB
2022-07-17T18:49:00.515,36.196969,-115.270271,3475,-102.00000,-90.00000,576,ADSB
2022-07-17T18:49:01.437,36.196582,-115.270829,3500,-102.00000,-90.00000,512,ADSB
2022-07-17T18:49:02.375,36.196175,-115.271366,3500,-102.00000,-90.00000,512,ADSB
2022-07-17T18:49:02.953,36.195982,-115.271645,3500,-102.00000,-90.00000,512,ADSB
2022-07-17T18:49:03.641,36.195745,-115.271988,3525,-103.00000,-90.00000,576,ADSB
2022-07-17T18:49:04.467,36.195316,-115.272589,3525,-103.00000,-90.00000,704,ADSB
2022-07-17T18:49:04.982,36.195102,-115.272889,3525,-103.00000,-90.00000,640,ADSB
2022-07-17T18:49:05.468,36.194909,-115.273168,3525,-103.00000,-90.00000,704,ADSB
2022-07-17T18:49:06.124,36.194694,-115.273468,3550,-103.00000,-90.00000,704,ADSB
2022-07-17T18:49:06.968,36.194308,-115.273983,3550,-103.00000,-90.00000,768,ADSB
2022-07-17T18:49:07.609,36.194072,-115.274348,3575,-103.00000,-89.00000,768,ADSB
2022-07-17T18:49:08.140,36.193857,-115.274627,3575,-103.00000,-90.00000,768,ADSB
2022-07-17T18:49:09.031,36.193428,-115.275207,3600,-103.00000,-89.00000,832,ADSB
2022-07-17T18:49:09.701,36.193171,-115.275636,3625,-103.00000,-89.00000,832,ADSB
2022-07-17T18:49:10.484,36.192827,-115.276108,3625,-103.00000,-89.00000,832,ADSB
2022-07-17T18:49:11.562,36.192355,-115.276794,3625,-103.00000,-89.00000,768,ADSB
2022-07-17T18:49:13.078,36.191754,-115.277653,3650,-103.00000,-89.00000,832,ADSB
2022-07-17T18:49:14.156,36.191282,-115.278318,3650,-103.00000,-89.00000,704,ADSB
2022-07-17T18:49:14.920,36.191025,-115.278704,3675,-103.00000,-89.00000,704,ADSB
2022-07-17T18:49:15.703,36.190681,-115.279176,3675,-102.00000,-89.00000,768,ADSB
2022-07-17T18:49:16.875,36.190188,-115.279863,3700,-102.00000,-90.00000,768,ADSB
2022-07-17T18:49:17.531,36.189930,-115.280228,3725,-102.00000,-90.00000,768,ADSB
2022-07-17T18:49:17.875,36.189737,-115.280464,3700,-102.00000,-90.00000,768,ADSB
2022-07-17T18:49:18.719,36.189437,-115.280914,3725,-102.00000,-90.00000,768,ADSB
2022-07-17T18:49:19.857,36.188943,-115.281622,3750,-103.00000,-90.00000,704,ADSB
2022-07-17T18:49:20.938,36.188536,-115.282180,3775,-103.00000,-90.00000,704,ADSB
2022-07-17T18:49:21.844,36.188192,-115.282674,3750,-103.00000,-91.00000,640,ADSB
2022-07-17T18:49:22.860,36.187763,-115.283275,3775,-103.00000,-91.00000,576,ADSB
2022-07-17T18:49:23.188,36.187592,-115.283489,3750,-103.00000,-91.00000,512,ADSB
2022-07-17T18:49:23.907,36.187334,-115.283854,3775,-103.00000,-92.00000,448,ADSB
2022-07-17T18:49:24.686,36.186905,-115.284455,3800,-103.00000,-92.00000,448,ADSB
2022-07-17T18:49:25.676,36.186497,-115.284970,3800,-103.00000,-93.00000,512,ADSB
2022-07-17T18:49:26.410,36.186132,-115.285506,3800,-103.00000,-93.00000,576,ADSB
2022-07-17T18:49:27.738,36.185660,-115.286193,3825,-104.00000,-93.00000,640,ADSB
2022-07-17T18:49:28.254,36.185446,-115.286472,3825,-105.00000,-93.00000,768,ADSB
2022-07-17T18:49:28.645,36.185167,-115.286815,3850,-105.00000,-93.00000,768,ADSB
2022-07-17T18:49:29.779,36.184759,-115.287437,3850,-105.00000,-93.00000,768,ADSB
2022-07-17T18:49:30.546,36.184416,-115.287910,3875,-105.00000,-93.00000,704,ADSB
2022-07-17T18:49:31.780,36.183836,-115.288725,3875,-106.00000,-94.00000,704,ADSB
2022-07-17T18:49:32.671,36.183429,-115.289261,3900,-106.00000,-94.00000,640,ADSB
2022-07-17T18:49:33.702,36.183043,-115.289776,3900,-106.00000,-94.00000,640,ADSB
2022-07-17T18:49:34.031,36.182849,-115.290098,3900,-106.00000,-94.00000,640,ADSB
2022-07-17T18:49:34.779,36.182592,-115.290420,3900,-106.00000,-94.00000,576,ADSB
2022-07-17T18:49:35.593,36.182163,-115.290999,3925,-106.00000,-94.00000,640,ADSB
2022-07-17T18:49:36.249,36.181970,-115.291300,3925,-107.00000,-95.00000,704,ADSB
2022-07-17T18:49:36.687,36.181755,-115.291643,3925,-107.00000,-95.00000,704,ADSB
2022-07-17T18:49:37.078,36.181540,-115.291922,3925,-107.00000,-95.00000,704,ADSB
2022-07-17T18:49:37.562,36.181326,-115.292180,3950,-107.00000,-94.00000,704,ADSB
2022-07-17T18:49:38.687,36.180875,-115.292866,3950,-107.00000,-94.00000,768,ADSB
2022-07-17T18:49:39.670,36.180403,-115.293510,3975,-108.00000,-93.00000,896,ADSB
2022-07-17T18:49:40.796,36.179931,-115.294154,4000,-107.00000,-94.00000,832,ADSB
2022-07-17T18:49:41.563,36.179609,-115.294604,4025,-105.00000,-96.00000,832,ADSB
2022-07-17T18:49:42.876,36.178944,-115.295441,4025,-101.00000,-100.00000,832,ADSB
2022-07-17T18:49:43.657,36.178687,-115.295763,4050,-99.00000,-102.00000,832,ADSB
2022-07-17T18:49:43.923,36.178472,-115.295956,4025,-99.00000,-102.00000,832,ADSB
2022-07-17T18:49:44.764,36.178107,-115.296407,4050,-95.00000,-106.00000,896,ADSB
2022-07-17T18:49:45.690,36.177700,-115.296836,4050,-93.00000,-108.00000,896,ADSB
2022-07-17T18:49:46.081,36.177421,-115.297136,4100,-93.00000,-108.00000,896,ADSB
2022-07-17T18:49:47.034,36.176949,-115.297608,4100,-90.00000,-110.00000,896,ADSB
2022-07-17T18:49:48.081,36.176391,-115.298123,4125,-87.00000,-112.00000,896,ADSB
2022-07-17T18:49:48.831,36.176069,-115.298467,4150,-84.00000,-114.00000,960,ADSB
2022-07-17T18:49:49.050,36.175833,-115.298660,4150,-84.00000,-114.00000,896,ADSB
2022-07-17T18:49:50.045,36.175382,-115.299067,4175,-81.00000,-115.00000,960,ADSB
2022-07-17T18:49:50.640,36.175103,-115.299304,4175,-78.00000,-116.00000,1024,ADSB
2022-07-17T18:49:50.937,36.174803,-115.299518,4175,-78.00000,-116.00000,1024,ADSB
2022-07-17T18:49:51.624,36.174567,-115.299733,4200,-74.00000,-118.00000,1152,ADSB
2022-07-17T18:49:51.921,36.174309,-115.299883,4200,-74.00000,-118.00000,1152,ADSB
2022-07-17T18:49:52.640,36.174009,-115.300140,4200,-71.00000,-119.00000,1216,ADSB
2022-07-17T18:49:53.046,36.173666,-115.300376,4225,-70.00000,-119.00000,1216,ADSB
2022-07-17T18:49:53.750,36.173344,-115.300591,4200,-66.00000,-121.00000,1344,ADSB
2022-07-17T18:49:54.498,36.172893,-115.300891,4275,-62.00000,-122.00000,1344,ADSB
2022-07-17T18:49:55.076,36.172528,-115.301106,4250,-61.00000,-122.00000,1344,ADSB
2022-07-17T18:49:56.061,36.171970,-115.301406,4275,-56.00000,-124.00000,1408,ADSB
2022-07-17T18:49:57.015,36.171412,-115.301685,4325,-54.00000,-124.00000,1344,ADSB
2022-07-17T18:49:57.890,36.171005,-115.301921,4350,-52.00000,-125.00000,1280,ADSB
2022-07-17T18:49:58.484,36.170576,-115.302114,4350,-49.00000,-126.00000,1216,ADSB
2022-07-17T18:49:59.826,36.169782,-115.302458,4375,-47.00000,-126.00000,1088,ADSB
2022-07-17T18:50:00.874,36.169138,-115.302780,4400,-46.00000,-126.00000,960,ADSB
2022-07-17T18:50:01.874,36.168602,-115.303016,4375,-45.00000,-126.00000,832,ADSB
2022-07-17T18:50:02.953,36.168001,-115.303273,4425,-45.00000,-127.00000,640,ADSB
2022-07-17T18:50:03.828,36.167400,-115.303509,4425,-45.00000,-127.00000,576,ADSB
2022-07-17T18:50:05.030,36.166821,-115.303788,4425,-45.00000,-127.00000,512,ADSB
2022-07-17T18:50:05.687,36.166370,-115.304003,4450,-46.00000,-127.00000,448,ADSB
2022-07-17T18:50:06.078,36.166112,-115.304089,4450,-46.00000,-127.00000,448,ADSB
2022-07-17T18:50:06.875,36.165769,-115.304260,4450,-46.00000,-127.00000,512,ADSB
2022-07-17T18:50:07.140,36.165533,-115.304368,4450,-46.00000,-127.00000,512,ADSB
2022-07-17T18:50:08.172,36.164954,-115.304625,4450,-46.00000,-127.00000,512,ADSB
2022-07-17T18:50:08.781,36.164589,-115.304775,4450,-46.00000,-128.00000,512,ADSB
2022-07-17T18:50:09.514,36.164203,-115.304947,4475,-46.00000,-128.00000,512,ADSB
2022-07-17T18:50:10.359,36.163645,-115.305204,4475,-46.00000,-128.00000,512,ADSB
2022-07-17T18:50:11.297,36.163087,-115.305419,4500,-46.00000,-128.00000,576,ADSB
2022-07-17T18:50:12.031,36.162572,-115.305676,4475,-47.00000,-128.00000,832,ADSB
2022-07-17T18:50:12.719,36.162229,-115.305848,4525,-47.00000,-127.00000,768,ADSB
2022-07-17T18:50:13.406,36.161778,-115.306020,4525,-47.00000,-127.00000,768,ADSB
2022-07-17T18:50:14.326,36.161263,-115.306256,4525,-47.00000,-127.00000,768,ADSB
2022-07-17T18:50:15.154,36.160812,-115.306492,4525,-47.00000,-128.00000,832,ADSB
2022-07-17T18:50:16.577,36.159976,-115.306857,4550,-47.00000,-128.00000,704,ADSB
2022-07-17T18:50:17.452,36.159396,-115.307114,4575,-47.00000,-128.00000,640,ADSB
2022-07-17T18:50:18.390,36.158838,-115.307350,4575,-48.00000,-129.00000,512,ADSB
2022-07-17T18:50:19.285,36.158302,-115.307629,4575,-49.00000,-128.00000,512,ADSB
2022-07-17T18:50:20.139,36.157830,-115.307865,4575,-50.00000,-128.00000,704,ADSB
2022-07-17T18:50:21.093,36.157229,-115.308144,4625,-51.00000,-128.00000,768,ADSB
2022-07-17T18:50:22.437,36.156456,-115.308552,4625,-50.00000,-128.00000,832,ADSB
2022-07-17T18:50:23.437,36.155770,-115.308831,4675,-49.00000,-128.00000,896,ADSB
2022-07-17T18:50:24.608,36.155169,-115.309110,4700,-47.00000,-128.00000,960,ADSB
2022-07-17T18:50:25.709,36.154504,-115.309410,4725,-47.00000,-128.00000,1088,ADSB
2022-07-17T18:50:26.631,36.153946,-115.309646,4725,-45.00000,-128.00000,1280,ADSB
2022-07-17T18:50:27.568,36.153345,-115.309861,4750,-44.00000,-128.00000,1280,ADSB
2022-07-17T18:50:28.568,36.152787,-115.310161,4775,-44.00000,-128.00000,1216,ADSB
2022-07-17T18:50:29.671,36.152272,-115.310376,4800,-44.00000,-128.00000,1088,ADSB
2022-07-17T18:50:30.672,36.151521,-115.310676,4800,-43.00000,-128.00000,1024,ADSB
2022-07-17T18:50:31.703,36.150920,-115.310891,4825,-43.00000,-129.00000,1216,ADSB
2022-07-17T18:50:32.594,36.150427,-115.311148,4850,-42.00000,-129.00000,1152,ADSB
2022-07-17T18:50:33.484,36.149869,-115.311341,4850,-40.00000,-130.00000,1216,ADSB
2022-07-17T18:50:34.593,36.149182,-115.311577,4900,-40.00000,-130.00000,1216,ADSB
2022-07-17T18:50:35.108,36.148903,-115.311706,4925,-41.00000,-130.00000,1152,ADSB
2022-07-17T18:50:35.797,36.148474,-115.311856,4925,-41.00000,-130.00000,1152,ADSB
2022-07-17T18:50:36.782,36.147938,-115.312071,4950,-42.00000,-130.00000,1088,ADSB
2022-07-17T18:50:37.250,36.147637,-115.312221,4950,-42.00000,-130.00000,1088,ADSB
2022-07-17T18:50:38.172,36.147101,-115.312414,4975,-42.00000,-130.00000,1088,ADSB
2022-07-17T18:50:39.110,36.146500,-115.312650,4975,-42.00000,-130.00000,1024,ADSB
2022-07-17T18:50:40.062,36.146028,-115.312843,5000,-42.00000,-130.00000,896,ADSB
2022-07-17T18:50:40.313,36.145749,-115.312951,5000,-42.00000,-130.00000,896,ADSB
2022-07-17T18:50:41.376,36.145213,-115.313144,5025,-42.00000,-130.00000,832,ADSB
2022-07-17T18:50:41.657,36.144934,-115.313272,5000,-42.00000,-130.00000,704,ADSB
2022-07-17T18:50:42.313,36.144547,-115.313444,5025,-42.00000,-130.00000,704,ADSB
2022-07-17T18:50:43.313,36.143968,-115.313637,5050,-42.00000,-131.00000,640,ADSB
2022-07-17T18:50:44.311,36.143346,-115.313895,5050,-42.00000,-131.00000,640,ADSB
2022-07-17T18:50:45.217,36.142724,-115.314152,5050,-42.00000,-131.00000,576,ADSB
2022-07-17T18:50:46.453,36.142080,-115.314431,5075,-42.00000,-131.00000,576,ADSB
2022-07-17T18:50:46.953,36.141779,-115.314538,5075,-43.00000,-131.00000,640,ADSB
2022-07-17T18:50:47.594,36.141415,-115.314667,5100,-43.00000,-131.00000,704,ADSB
2022-07-17T18:50:48.438,36.140814,-115.314903,5100,-43.00000,-131.00000,704,ADSB
2022-07-17T18:50:49.390,36.140234,-115.315139,5100,-43.00000,-131.00000,768,ADSB
2022-07-17T18:50:50.155,36.139827,-115.315311,5100,-43.00000,-132.00000,768,ADSB
2022-07-17T18:50:50.781,36.139462,-115.315461,5150,-43.00000,-132.00000,768,ADSB
2022-07-17T18:50:51.485,36.138968,-115.315654,5125,-43.00000,-132.00000,768,ADSB
2022-07-17T18:50:52.516,36.138346,-115.315933,5150,-43.00000,-132.00000,704,ADSB
2022-07-17T18:50:53.469,36.137745,-115.316169,5150,-43.00000,-132.00000,640,ADSB
2022-07-17T18:50:54.467,36.137145,-115.316405,5175,-43.00000,-133.00000,640,ADSB
2022-07-17T18:50:55.468,36.136501,-115.316684,5175,-43.00000,-133.00000,576,ADSB
2022-07-17T18:50:56.405,36.135900,-115.316899,5200,-43.00000,-133.00000,640,ADSB
2022-07-17T18:50:57.593,36.135192,-115.317178,5200,-44.00000,-133.00000,576,ADSB
2022-07-17T18:50:58.577,36.134677,-115.317392,5225,-44.00000,-133.00000,640,ADSB
2022-07-17T18:50:59.561,36.134055,-115.317628,5225,-43.00000,-133.00000,704,ADSB
2022-07-17T18:51:00.469,36.133454,-115.317886,5250,-44.00000,-133.00000,704,ADSB
2022-07-17T18:51:01.939,36.132574,-115.318229,5275,-43.00000,-132.00000,832,ADSB
2022-07-17T18:51:03.048,36.131845,-115.318573,5300,-43.00000,-132.00000,832,ADSB
2022-07-17T18:51:03.689,36.131480,-115.318680,5300,-43.00000,-132.00000,832,ADSB
2022-07-17T18:51:04.111,36.131244,-115.318787,5300,-43.00000,-132.00000,832,ADSB
2022-07-17T18:51:04.998,36.130750,-115.318980,5300,-43.00000,-132.00000,896,ADSB
2022-07-17T18:51:05.843,36.130235,-115.319195,5325,-43.00000,-132.00000,896,ADSB
2022-07-17T18:51:06.609,36.129656,-115.319409,5350,-43.00000,-132.00000,896,ADSB
2022-07-17T18:51:07.515,36.129162,-115.319602,5350,-42.00000,-132.00000,896,ADSB
2022-07-17T18:51:08.625,36.128433,-115.319881,5375,-41.00000,-132.00000,832,ADSB
2022-07-17T18:51:23.079,36.119614,-115.323250,5600,-40.00000,-132.00000,832,ADSB
2022-07-17T18:51:24.032,36.118991,-115.323486,5600,-40.00000,-133.00000,768,ADSB
2022-07-17T18:51:25.437,36.118155,-115.323787,5625,-40.00000,-133.00000,704,ADSB
2022-07-17T18:51:26.437,36.117554,-115.324001,5625,-40.00000,-133.00000,704,ADSB
2022-07-17T18:51:27.406,36.116953,-115.324237,5650,-41.00000,-134.00000,704,ADSB
2022-07-17T18:51:28.468,36.116266,-115.324516,5650,-41.00000,-134.00000,704,ADSB
2022-07-17T18:51:29.359,36.115687,-115.324709,5675,-41.00000,-134.00000,704,ADSB
2022-07-17T18:51:30.218,36.115215,-115.324924,5675,-41.00000,-135.00000,704,ADSB
2022-07-17T18:51:31.313,36.114528,-115.325181,5700,-42.00000,-135.00000,640,ADSB
2022-07-17T18:51:32.422,36.113799,-115.325439,5700,-42.00000,-136.00000,576,ADSB
2022-07-17T18:51:33.594,36.113048,-115.325696,5700,-42.00000,-136.00000,448,ADSB
2022-07-17T18:51:34.514,36.112490,-115.325933,5725,-42.00000,-136.00000,448,ADSB
2022-07-17T18:51:35.484,36.111867,-115.326169,5725,-42.00000,-136.00000,512,ADSB
2022-07-17T18:51:36.406,36.111288,-115.326405,5750,-41.00000,-136.00000,640,ADSB
2022-07-17T18:51:37.297,36.110709,-115.326576,5750,-41.00000,-135.00000,768,ADSB
2022-07-17T18:51:38.109,36.110237,-115.326769,5750,-41.00000,-135.00000,960,ADSB
2022-07-17T18:51:39.047,36.109743,-115.326962,5800,-40.00000,-135.00000,1088,ADSB
2022-07-17T18:51:39.515,36.109357,-115.327113,5800,-40.00000,-135.00000,1088,ADSB
2022-07-17T18:51:40.093,36.108992,-115.327241,5800,-40.00000,-134.00000,1152,ADSB
2022-07-17T18:51:41.156,36.108370,-115.327456,5850,-39.00000,-133.00000,1216,ADSB
2022-07-17T18:51:41.969,36.107876,-115.327649,5875,-39.00000,-133.00000,1280,ADSB
2022-07-17T18:51:42.344,36.107640,-115.327756,5850,-39.00000,-133.00000,1216,ADSB
2022-07-17T18:51:43.610,36.106932,-115.327950,5900,-38.00000,-132.00000,1344,ADSB
2022-07-17T18:51:44.141,36.106524,-115.328121,5925,-38.00000,-132.00000,1344,ADSB
2022-07-17T18:51:44.484,36.106331,-115.328186,5925,-38.00000,-132.00000,1280,ADSB
2022-07-17T18:51:45.490,36.105645,-115.328443,5950,-38.00000,-132.00000,1280,ADSB
2022-07-17T18:51:46.162,36.105301,-115.328550,5925,-38.00000,-132.00000,1216,ADSB
2022-07-17T18:51:46.537,36.105022,-115.328636,5950,-38.00000,-132.00000,1216,ADSB
2022-07-17T18:51:47.318,36.104701,-115.328786,6000,-39.00000,-131.00000,1152,ADSB
2022-07-17T18:51:47.693,36.104314,-115.328915,5975,-39.00000,-131.00000,1152,ADSB
2022-07-17T18:51:48.693,36.103735,-115.329130,6025,-40.00000,-130.00000,1152,ADSB
2022-07-17T18:51:49.655,36.103177,-115.329323,6025,-40.00000,-130.00000,1152,ADSB
2022-07-17T18:51:50.703,36.102512,-115.329623,6050,-40.00000,-130.00000,1088,ADSB
2022-07-17T18:51:51.703,36.101890,-115.329838,6050,-40.00000,-130.00000,960,ADSB
2022-07-17T18:51:52.625,36.101332,-115.330052,6075,-41.00000,-130.00000,896,ADSB
2022-07-17T18:51:53.500,36.100838,-115.330267,6075,-41.00000,-130.00000,832,ADSB
2022-07-17T18:51:54.514,36.100237,-115.330503,6100,-41.00000,-129.00000,768,ADSB
2022-07-17T18:51:55.515,36.099637,-115.330739,6100,-41.00000,-129.00000,768,ADSB
2022-07-17T18:51:56.234,36.099293,-115.330846,6125,-41.00000,-129.00000,704,ADSB
2022-07-17T18:51:56.781,36.098928,-115.330997,6125,-41.00000,-130.00000,704,ADSB
2022-07-17T18:51:57.390,36.098564,-115.331147,6125,-41.00000,-130.00000,640,ADSB
2022-07-17T18:51:58.281,36.097963,-115.331383,6125,-41.00000,-130.00000,576,ADSB
2022-07-17T18:51:59.172,36.097491,-115.331554,6150,-41.00000,-130.00000,576,ADSB
2022-07-17T18:51:59.921,36.096997,-115.331726,6150,-41.00000,-130.00000,512,ADSB
2022-07-17T18:52:01.016,36.096311,-115.332005,6150,-41.00000,-130.00000,448,ADSB
2022-07-17T18:52:01.860,36.095924,-115.332155,6150,-41.00000,-130.00000,512,ADSB
2022-07-17T18:52:03.032,36.095195,-115.332413,6200,-40.00000,-131.00000,576,ADSB
2022-07-17T18:52:04.110,36.094530,-115.332692,6200,-40.00000,-131.00000,576,ADSB
2022-07-17T18:52:04.858,36.093972,-115.332885,6225,-40.00000,-130.00000,704,ADSB
2022-07-17T18:52:05.860,36.093500,-115.333056,6225,-40.00000,-130.00000,704,ADSB
2022-07-17T18:52:06.657,36.093006,-115.333228,6225,-40.00000,-130.00000,768,ADSB
2022-07-17T18:52:07.001,36.092706,-115.333378,6250,-40.00000,-130.00000,704,ADSB
2022-07-17T18:52:07.736,36.092298,-115.333507,6250,-40.00000,-130.00000,704,ADSB
2022-07-17T18:52:08.095,36.092105,-115.333614,6250,-41.00000,-130.00000,704,ADSB
2022-07-17T18:52:09.236,36.091440,-115.333829,6275,-41.00000,-129.00000,640,ADSB
2022-07-17T18:52:09.702,36.091096,-115.333979,6250,-41.00000,-129.00000,640,ADSB
2022-07-17T18:52:10.140,36.090839,-115.334065,6275,-41.00000,-129.00000,640,ADSB
2022-07-17T18:52:10.657,36.090496,-115.334215,6300,-41.00000,-129.00000,704,ADSB
2022-07-17T18:52:11.094,36.090324,-115.334301,6275,-41.00000,-129.00000,704,ADSB
2022-07-17T18:52:11.860,36.089895,-115.334451,6300,-41.00000,-129.00000,640,ADSB
2022-07-17T18:52:12.188,36.089616,-115.334537,6300,-41.00000,-129.00000,640,ADSB
2022-07-17T18:52:13.047,36.089058,-115.334773,6300,-41.00000,-130.00000,576,ADSB
2022-07-17T18:52:14.188,36.088457,-115.335009,6325,-41.00000,-130.00000,512,ADSB
2022-07-17T18:52:14.876,36.087985,-115.335181,6325,-41.00000,-130.00000,512,ADSB
2022-07-17T18:52:15.658,36.087492,-115.335374,6350,-41.00000,-130.00000,512,ADSB
2022-07-17T18:52:16.299,36.087105,-115.335524,6350,-41.00000,-130.00000,512,ADSB
2022-07-17T18:52:17.252,36.086526,-115.335739,6350,-41.00000,-129.00000,576,ADSB
2022-07-17T18:52:17.861,36.086183,-115.335889,6350,-42.00000,-128.00000,704,ADSB
2022-07-17T18:52:18.268,36.085968,-115.335953,6375,-42.00000,-129.00000,640,ADSB
2022-07-17T18:52:19.190,36.085582,-115.336125,6400,-42.00000,-128.00000,896,ADSB
2022-07-17T18:52:19.968,36.085002,-115.336361,6400,-42.00000,-127.00000,1024,ADSB
2022-07-17T18:52:20.327,36.084745,-115.336468,6400,-42.00000,-127.00000,1024,ADSB
2022-07-17T18:52:21.281,36.084166,-115.336683,6425,-42.00000,-127.00000,1088,ADSB
2022-07-17T18:52:22.094,36.083694,-115.336897,6450,-42.00000,-127.00000,1024,ADSB
2022-07-17T18:52:23.219,36.083007,-115.337155,6450,-42.00000,-127.00000,960,ADSB
2022-07-17T18:52:24.188,36.082492,-115.337391,6450,-42.00000,-127.00000,896,ADSB
2022-07-17T18:52:25.202,36.081848,-115.337627,6500,-43.00000,-127.00000,832,ADSB
2022-07-17T18:52:25.765,36.081569,-115.337756,6475,-43.00000,-127.00000,832,ADSB
2022-07-17T18:52:26.078,36.081355,-115.337842,6475,-43.00000,-127.00000,832,ADSB
2022-07-17T18:52:27.140,36.080797,-115.338078,6525,-43.00000,-127.00000,832,ADSB
2022-07-17T18:52:27.531,36.080518,-115.338206,6525,-43.00000,-127.00000,960,ADSB
2022-07-17T18:52:27.984,36.080217,-115.338335,6550,-43.00000,-127.00000,960,ADSB
2022-07-17T18:52:28.937,36.079702,-115.338550,6575,-43.00000,-127.00000,1024,ADSB
2022-07-17T18:52:30.061,36.079059,-115.338829,6575,-42.00000,-127.00000,960,ADSB
2022-07-17T18:52:31.203,36.078393,-115.339065,6575,-42.00000,-128.00000,960,ADSB
2022-07-17T18:52:31.609,36.078093,-115.339215,6575,-42.00000,-128.00000,960,ADSB
2022-07-17T18:52:32.016,36.077814,-115.339301,6625,-42.00000,-128.00000,896,ADSB
2022-07-17T18:52:32.516,36.077557,-115.339429,6600,-42.00000,-128.00000,896,ADSB
2022-07-17T18:52:33.672,36.076913,-115.339665,6625,-42.00000,-128.00000,896,ADSB
2022-07-17T18:52:34.890,36.076226,-115.339966,6650,-43.00000,-129.00000,768,ADSB
2022-07-17T18:52:35.828,36.075583,-115.340202,6650,-43.00000,-129.00000,576,ADSB
2022-07-17T18:52:36.782,36.074982,-115.340481,6650,-44.00000,-129.00000,448,ADSB
2022-07-17T18:52:37.782,36.074445,-115.340695,6675,-45.00000,-130.00000,320,ADSB
2022-07-17T18:52:38.876,36.073844,-115.340953,6675,-46.00000,-130.00000,320,ADSB
2022-07-17T18:52:39.796,36.073244,-115.341232,6675,-47.00000,-130.00000,384,ADSB
2022-07-17T18:52:40.641,36.072686,-115.341446,6675,-47.00000,-130.00000,384,ADSB
2022-07-17T18:52:41.704,36.072021,-115.341768,6700,-48.00000,-130.00000,512,ADSB
2022-07-17T18:52:42.626,36.071506,-115.342026,6700,-48.00000,-131.00000,576,ADSB
2022-07-17T18:52:43.860,36.070776,-115.342369,6725,-49.00000,-131.00000,704,ADSB
2022-07-17T18:52:44.905,36.070132,-115.342648,6725,-48.00000,-131.00000,704,ADSB
2022-07-17T18:52:45.922,36.069489,-115.342927,6750,-49.00000,-131.00000,640,ADSB
2022-07-17T18:52:46.781,36.068909,-115.343184,6750,-49.00000,-131.00000,576,ADSB
2022-07-17T18:52:47.656,36.068437,-115.343399,6750,-51.00000,-131.00000,512,ADSB
2022-07-17T18:52:48.594,36.067901,-115.343699,6775,-54.00000,-131.00000,448,ADSB
2022-07-17T18:52:49.812,36.067107,-115.344150,6775,-57.00000,-130.00000,384,ADSB
2022-07-17T18:52:50.813,36.066506,-115.344429,6775,-59.00000,-129.00000,384,ADSB
2022-07-17T18:52:51.813,36.065927,-115.344772,6775,-59.00000,-129.00000,384,ADSB
2022-07-17T18:52:52.814,36.065326,-115.345116,6800,-59.00000,-129.00000,576,ADSB
2022-07-17T18:52:53.736,36.064768,-115.345459,6800,-59.00000,-129.00000,576,ADSB
2022-07-17T18:52:54.593,36.064317,-115.345695,6825,-58.00000,-130.00000,832,ADSB
2022-07-17T18:52:55.296,36.063802,-115.345974,6850,-58.00000,-130.00000,832,ADSB
2022-07-17T18:52:56.141,36.063352,-115.346231,6875,-58.00000,-129.00000,832,ADSB
2022-07-17T18:52:56.953,36.062858,-115.346510,6875,-59.00000,-129.00000,832,ADSB
2022-07-17T18:52:57.985,36.062193,-115.346854,6900,-59.00000,-129.00000,896,ADSB
2022-07-17T18:52:58.766,36.061807,-115.347090,6925,-59.00000,-129.00000,1024,ADSB
2022-07-17T18:52:59.858,36.061184,-115.347455,6925,-58.00000,-128.00000,960,ADSB
2022-07-17T18:53:00.813,36.060584,-115.347733,6925,-58.00000,-128.00000,960,ADSB
2022-07-17T18:53:01.891,36.060026,-115.348098,6950,-58.00000,-128.00000,1088,ADSB
2022-07-17T18:53:02.641,36.059446,-115.348377,6975,-58.00000,-127.00000,1024,ADSB
2022-07-17T18:53:03.625,36.058867,-115.348721,7000,-58.00000,-127.00000,1088,ADSB
2022-07-17T18:53:04.079,36.058609,-115.348892,7025,-59.00000,-126.00000,1088,ADSB
2022-07-17T18:53:04.578,36.058309,-115.349064,7000,-59.00000,-126.00000,1088,ADSB
2022-07-17T18:53:05.719,36.057644,-115.349429,7025,-59.00000,-126.00000,1088,ADSB
2022-07-17T18:53:06.751,36.057086,-115.349751,7075,-59.00000,-125.00000,1152,ADSB
2022-07-17T18:53:07.735,36.056421,-115.350137,7100,-59.00000,-125.00000,1216,ADSB
2022-07-17T18:53:08.626,36.055949,-115.350437,7125,-58.00000,-124.00000,1216,ADSB
2022-07-17T18:53:09.781,36.055348,-115.350780,7125,-58.00000,-124.00000,1216,ADSB
2022-07-17T18:53:10.720,36.054747,-115.351059,7150,-58.00000,-124.00000,1152,ADSB
2022-07-17T18:53:11.626,36.054339,-115.351338,7175,-58.00000,-124.00000,1088,ADSB
2022-07-17T18:53:12.751,36.053631,-115.351768,7175,-58.00000,-124.00000,1088,ADSB
2022-07-17T18:53:13.846,36.053009,-115.352089,7200,-57.00000,-124.00000,1088,ADSB
2022-07-17T18:53:14.921,36.052365,-115.352433,7225,-57.00000,-123.00000,1024,ADSB
2022-07-17T18:53:16.047,36.051786,-115.352819,7250,-58.00000,-123.00000,1024,ADSB
2022-07-17T18:53:16.516,36.051464,-115.352991,7275,-58.00000,-123.00000,1024,ADSB
2022-07-17T18:53:17.641,36.050777,-115.353377,7300,-58.00000,-123.00000,1024,ADSB
2022-07-17T18:53:18.672,36.050220,-115.353720,7300,-58.00000,-123.00000,960,ADSB
2022-07-17T18:53:19.624,36.049747,-115.353978,7325,-58.00000,-123.00000,960,ADSB
2022-07-17T18:53:20.015,36.049447,-115.354149,7325,-58.00000,-123.00000,960,ADSB
2022-07-17T18:53:20.766,36.049061,-115.354385,7325,-58.00000,-123.00000,960,ADSB
2022-07-17T18:53:21.985,36.048288,-115.354793,7350,-58.00000,-123.00000,832,ADSB
2022-07-17T18:53:22.688,36.047924,-115.355051,7375,-59.00000,-123.00000,832,ADSB
2022-07-17T18:53:23.126,36.047688,-115.355158,7350,-59.00000,-123.00000,832,ADSB
2022-07-17T18:53:24.001,36.047237,-115.355437,7375,-59.00000,-123.00000,832,ADSB
2022-07-17T18:53:25.097,36.046550,-115.355866,7375,-60.00000,-123.00000,832,ADSB
2022-07-17T18:53:25.786,36.046228,-115.356059,7400,-60.00000,-123.00000,832,ADSB
2022-07-17T18:53:26.082,36.045949,-115.356209,7400,-60.00000,-123.00000,832,ADSB
2022-07-17T18:53:26.739,36.045649,-115.356402,7400,-60.00000,-123.00000,832,ADSB
2022-07-17T18:53:27.754,36.045091,-115.356746,7450,-60.00000,-123.00000,832,ADSB
2022-07-17T18:53:28.317,36.044834,-115.356917,7425,-60.00000,-123.00000,768,ADSB
2022-07-17T18:53:29.083,36.044276,-115.357239,7425,-60.00000,-123.00000,832,ADSB
2022-07-17T18:53:30.046,36.043718,-115.357583,7475,-60.00000,-123.00000,832,ADSB
2022-07-17T18:53:31.157,36.043074,-115.357969,7500,-60.00000,-123.00000,832,ADSB
2022-07-17T18:53:32.048,36.042581,-115.358269,7500,-60.00000,-123.00000,896,ADSB
2022-07-17T18:53:33.173,36.042001,-115.358613,7525,-60.00000,-123.00000,832,ADSB
2022-07-17T18:53:33.766,36.041658,-115.358806,7550,-60.00000,-123.00000,960,ADSB
2022-07-17T18:53:35.203,36.040885,-115.359256,7525,-60.00000,-123.00000,960,ADSB
2022-07-17T18:53:35.751,36.040521,-115.359492,7575,-60.00000,-123.00000,960,ADSB
2022-07-17T18:53:36.907,36.039834,-115.359900,7575,-59.00000,-123.00000,960,ADSB
2022-07-17T18:53:38.064,36.039255,-115.360243,7575,-59.00000,-123.00000,1024,ADSB
2022-07-17T18:53:38.423,36.038933,-115.360436,7625,-59.00000,-123.00000,1024,ADSB
2022-07-17T18:53:39.546,36.038332,-115.360780,7625,-59.00000,-123.00000,1024,ADSB
2022-07-17T18:53:40.374,36.037817,-115.361080,7650,-59.00000,-123.00000,960,ADSB
2022-07-17T18:53:41.172,36.037452,-115.361316,7675,-59.00000,-122.00000,960,ADSB
2022-07-17T18:53:41.422,36.037216,-115.361488,7650,-59.00000,-122.00000,960,ADSB
2022-07-17T18:53:42.516,36.036723,-115.361767,7675,-59.00000,-122.00000,960,ADSB
2022-07-17T18:53:43.407,36.036122,-115.362110,7700,-59.00000,-122.00000,960,ADSB
2022-07-17T18:53:44.421,36.035564,-115.362453,7725,-59.00000,-122.00000,960,ADSB
2022-07-17T18:53:45.343,36.035006,-115.362754,7725,-59.00000,-122.00000,960,ADSB
2022-07-17T18:53:46.395,36.034405,-115.363097,7725,-59.00000,-122.00000,960,ADSB
2022-07-17T18:53:47.270,36.033955,-115.363398,7775,-59.00000,-122.00000,896,ADSB
2022-07-17T18:53:48.020,36.033611,-115.363612,7775,-60.00000,-122.00000,896,ADSB
2022-07-17T18:53:48.473,36.033225,-115.363827,7800,-60.00000,-122.00000,896,ADSB
2022-07-17T18:53:49.406,36.032925,-115.364020,7800,-60.00000,-122.00000,896,ADSB
2022-07-17T18:53:49.609,36.032689,-115.364149,7775,-60.00000,-122.00000,896,ADSB
2022-07-17T18:53:50.485,36.032131,-115.364513,7825,-60.00000,-122.00000,832,ADSB
2022-07-17T18:53:51.610,36.031573,-115.364835,7825,-60.00000,-122.00000,768,ADSB
2022-07-17T18:53:52.688,36.031015,-115.365179,7825,-60.00000,-122.00000,768,ADSB
2022-07-17T18:53:53.673,36.030436,-115.365522,7825,-60.00000,-122.00000,832,ADSB
2022-07-17T18:53:54.625,36.029878,-115.365865,7875,-60.00000,-121.00000,832,ADSB
2022-07-17T18:53:55.614,36.029320,-115.366209,7875,-60.00000,-121.00000,896,ADSB
2022-07-17T18:53:55.958,36.029062,-115.366380,7900,-60.00000,-121.00000,896,ADSB
2022-07-17T18:53:56.739,36.028590,-115.366681,7900,-60.00000,-121.00000,896,ADSB
2022-07-17T18:53:57.755,36.028075,-115.366960,7925,-60.00000,-121.00000,896,ADSB
2022-07-17T18:53:58.567,36.027560,-115.367260,7925,-60.00000,-121.00000,896,ADSB
2022-07-17T18:53:59.177,36.027303,-115.367432,7925,-60.00000,-121.00000,896,ADSB
2022-07-17T18:53:59.843,36.026874,-115.367668,7950,-60.00000,-121.00000,896,ADSB
2022-07-17T18:54:00.923,36.026273,-115.368075,7975,-60.00000,-121.00000,896,ADSB
2022-07-17T18:54:01.579,36.025951,-115.368247,7975,-60.00000,-121.00000,832,ADSB
2022-07-17T18:54:02.095,36.025629,-115.368462,7975,-60.00000,-121.00000,832,ADSB
2022-07-17T18:54:02.907,36.025157,-115.368741,8025,-60.00000,-121.00000,832,ADSB
2022-07-17T18:54:04.205,36.024492,-115.369148,8025,-60.00000,-121.00000,832,ADSB
2022-07-17T18:54:04.797,36.024148,-115.369363,8025,-60.00000,-121.00000,832,ADSB
2022-07-17T18:54:05.313,36.023805,-115.369599,8025,-61.00000,-121.00000,768,ADSB
2022-07-17T18:54:05.892,36.023483,-115.369771,8050,-61.00000,-121.00000,704,ADSB
2022-07-17T18:54:06.470,36.023140,-115.369985,8050,-61.00000,-121.00000,704,ADSB
2022-07-17T18:54:07.298,36.022689,-115.370286,8050,-61.00000,-121.00000,704,ADSB
2022-07-17T18:54:07.923,36.022346,-115.370479,8075,-61.00000,-121.00000,704,ADSB
2022-07-17T18:54:08.501,36.022067,-115.370629,8075,-61.00000,-121.00000,704,ADSB
2022-07-17T18:54:09.064,36.021681,-115.370886,8075,-61.00000,-122.00000,704,ADSB
2022-07-17T18:54:10.156,36.021059,-115.371273,8125,-62.00000,-121.00000,640,ADSB
2022-07-17T18:54:11.110,36.020544,-115.371573,8100,-62.00000,-121.00000,704,ADSB
2022-07-17T18:54:11.954,36.020093,-115.371873,8100,-62.00000,-121.00000,768,ADSB
2022-07-17T18:54:12.844,36.019535,-115.372238,8150,-62.00000,-121.00000,768,ADSB
2022-07-17T18:54:13.298,36.019320,-115.372345,8150,-62.00000,-121.00000,768,ADSB
2022-07-17T18:54:14.273,36.018720,-115.372753,8175,-62.00000,-121.00000,768,ADSB
2022-07-17T18:54:15.265,36.018183,-115.373096,8175,-62.00000,-121.00000,832,ADSB
2022-07-17T18:54:15.923,36.017861,-115.373290,8200,-62.00000,-121.00000,832,ADSB
2022-07-17T18:54:16.235,36.017625,-115.373440,8200,-62.00000,-121.00000,832,ADSB
2022-07-17T18:54:17.063,36.017303,-115.373633,8200,-62.00000,-121.00000,832,ADSB
2022-07-17T18:54:17.251,36.017067,-115.373783,8200,-62.00000,-121.00000,832,ADSB
2022-07-17T18:54:18.235,36.016531,-115.374126,8225,-62.00000,-121.00000,832,ADSB
2022-07-17T18:54:19.220,36.015973,-115.374470,8225,-61.00000,-121.00000,832,ADSB
2022-07-17T18:54:20.094,36.015458,-115.374792,8250,-61.00000,-121.00000,768,ADSB
2022-07-17T18:54:21.048,36.015050,-115.375028,8250,-61.00000,-121.00000,768,ADSB
2022-07-17T18:54:22.017,36.014493,-115.375392,8275,-61.00000,-121.00000,768,ADSB
2022-07-17T18:54:23.204,36.013806,-115.375800,8275,-61.00000,-121.00000,768,ADSB
2022-07-17T18:54:24.142,36.013248,-115.376143,8300,-61.00000,-121.00000,768,ADSB
2022-07-17T18:54:24.625,36.012948,-115.376358,8300,-61.00000,-121.00000,768,ADSB
2022-07-17T18:54:25.656,36.012411,-115.376701,8325,-60.00000,-121.00000,768,ADSB
2022-07-17T18:54:26.484,36.011875,-115.377023,8325,-61.00000,-121.00000,768,ADSB
2022-07-17T18:54:27.469,36.011317,-115.377324,8350,-61.00000,-121.00000,768,ADSB
2022-07-17T18:54:28.453,36.010802,-115.377667,8350,-61.00000,-121.00000,768,ADSB
2022-07-17T18:54:29.274,36.010437,-115.377903,8375,-61.00000,-121.00000,832,ADSB
2022-07-17T18:54:29.609,36.010158,-115.378075,8375,-61.00000,-121.00000,768,ADSB
2022-07-17T18:54:30.564,36.009643,-115.378418,8375,-61.00000,-122.00000,768,ADSB
2022-07-17T18:54:31.532,36.009064,-115.378761,8400,-61.00000,-122.00000,832,ADSB
2022-07-17T18:54:32.204,36.008742,-115.378954,8425,-61.00000,-122.00000,768,ADSB
2022-07-17T18:54:32.517,36.008506,-115.379105,8400,-61.00000,-122.00000,768,ADSB
2022-07-17T18:54:33.501,36.007884,-115.379469,8425,-62.00000,-122.00000,704,ADSB
2022-07-17T18:54:34.749,36.007261,-115.379877,8450,-62.00000,-123.00000,704,ADSB
2022-07-17T18:54:35.437,36.006832,-115.380156,8450,-62.00000,-123.00000,704,ADSB
2022-07-17T18:54:35.875,36.006639,-115.380242,8450,-62.00000,-123.00000,704,ADSB
2022-07-17T18:54:36.719,36.006145,-115.380564,8475,-62.00000,-123.00000,704,ADSB
2022-07-17T18:54:37.985,36.005373,-115.381057,8500,-62.00000,-123.00000,704,ADSB
2022-07-17T18:54:38.657,36.005116,-115.381207,8500,-62.00000,-122.00000,768,ADSB
2022-07-17T18:54:38.923,36.004858,-115.381336,8500,-62.00000,-122.00000,704,ADSB
2022-07-17T18:54:39.484,36.004558,-115.381572,8525,-62.00000,-122.00000,832,ADSB
2022-07-17T18:54:39.906,36.004343,-115.381680,8525,-62.00000,-122.00000,832,ADSB
2022-07-17T18:54:40.704,36.003871,-115.381980,8525,-62.00000,-122.00000,896,ADSB
2022-07-17T18:54:41.735,36.003313,-115.382345,8525,-61.00000,-122.00000,960,ADSB
2022-07-17T18:54:42.782,36.002648,-115.382710,8575,-61.00000,-122.00000,1024,ADSB
2022-07-17T18:54:43.845,36.002111,-115.383053,8600,-61.00000,-121.00000,1024,ADSB
2022-07-17T18:54:44.891,36.001618,-115.383396,8625,-61.00000,-121.00000,1088,ADSB
2022-07-17T18:54:45.422,36.001167,-115.383675,8650,-62.00000,-120.00000,1088,ADSB
2022-07-17T18:54:46.720,36.000481,-115.384083,8625,-62.00000,-120.00000,1088,ADSB
2022-07-17T18:54:47.798,35.999858,-115.384490,8650,-61.00000,-120.00000,1088,ADSB
2022-07-17T18:54:48.704,35.999408,-115.384791,8675,-61.00000,-120.00000,1088,ADSB
2022-07-17T18:54:49.703,35.998850,-115.385134,8700,-61.00000,-119.00000,1088,ADSB
2022-07-17T18:54:50.407,35.998507,-115.385349,8725,-62.00000,-119.00000,1152,ADSB
2022-07-17T18:54:51.814,35.997734,-115.385842,8750,-62.00000,-119.00000,1088,ADSB
2022-07-17T18:54:52.752,35.997112,-115.386250,8775,-62.00000,-119.00000,1024,ADSB
2022-07-17T18:54:53.720,35.996618,-115.386550,8775,-63.00000,-118.00000,960,ADSB
2022-07-17T18:54:54.703,35.996103,-115.386894,8800,-63.00000,-118.00000,896,ADSB
2022-07-17T18:54:55.672,35.995545,-115.387301,8825,-63.00000,-118.00000,896,ADSB
2022-07-17T18:54:56.844,35.994923,-115.387688,8825,-63.00000,-118.00000,896,ADSB
2022-07-17T18:54:57.875,35.994322,-115.388095,8850,-63.00000,-118.00000,896,ADSB
2022-07-17T18:54:58.531,35.994022,-115.388288,8850,-64.00000,-118.00000,832,ADSB
2022-07-17T18:54:58.828,35.993764,-115.388439,8875,-64.00000,-118.00000,768,ADSB
2022-07-17T18:54:59.703,35.993357,-115.388696,8875,-64.00000,-118.00000,768,ADSB
2022-07-17T18:55:00.689,35.992799,-115.389104,8900,-64.00000,-118.00000,768,ADSB
2022-07-17T18:55:01.673,35.992241,-115.389469,8900,-64.00000,-119.00000,704,ADSB
2022-07-17T18:55:02.611,35.991704,-115.389812,8900,-64.00000,-119.00000,704,ADSB
2022-07-17T18:55:03.752,35.991125,-115.390220,8925,-64.00000,-119.00000,704,ADSB
2022-07-17T18:55:04.734,35.990567,-115.390542,8950,-64.00000,-119.00000,704,ADSB
2022-07-17T18:55:05.468,35.990160,-115.390842,8925,-65.00000,-119.00000,832,ADSB
2022-07-17T18:55:06.751,35.989494,-115.391271,8975,-64.00000,-119.00000,832,ADSB
2022-07-17T18:55:07.595,35.989065,-115.391572,8975,-64.00000,-119.00000,832,ADSB
2022-07-17T18:55:08.657,35.988379,-115.392044,8975,-64.00000,-119.00000,832,ADSB
2022-07-17T18:55:09.547,35.987949,-115.392323,9000,-65.00000,-119.00000,832,ADSB
2022-07-17T18:55:10.657,35.987327,-115.392730,9025,-65.00000,-119.00000,768,ADSB
2022-07-17T18:55:11.517,35.986834,-115.393095,9025,-65.00000,-119.00000,768,ADSB
2022-07-17T18:55:12.610,35.986211,-115.393460,9050,-65.00000,-119.00000,832,ADSB
2022-07-17T18:55:13.517,35.985761,-115.393803,9050,-65.00000,-118.00000,1024,ADSB
2022-07-17T18:55:14.625,35.985203,-115.394168,9100,-65.00000,-117.00000,1152,ADSB
2022-07-17T18:55:15.736,35.984559,-115.394619,9100,-65.00000,-117.00000,1216,ADSB
2022-07-17T18:55:16.783,35.983937,-115.395005,9150,-64.00000,-116.00000,1280,ADSB
2022-07-17T18:55:17.720,35.983486,-115.395370,9175,-64.00000,-116.00000,1344,ADSB
2022-07-17T18:55:18.706,35.982928,-115.395713,9200,-64.00000,-115.00000,1344,ADSB
2022-07-17T18:55:19.641,35.982521,-115.396013,9225,-64.00000,-115.00000,1344,ADSB
2022-07-17T18:55:20.580,35.981920,-115.396442,9225,-64.00000,-115.00000,1280,ADSB
2022-07-17T18:55:21.470,35.981426,-115.396764,9250,-64.00000,-114.00000,1280,ADSB
2022-07-17T18:55:22.142,35.981147,-115.396957,9225,-64.00000,-114.00000,1280,ADSB
2022-07-17T18:55:22.549,35.980933,-115.397108,9275,-64.00000,-114.00000,1280,ADSB
2022-07-17T18:55:23.549,35.980375,-115.397537,9300,-64.00000,-114.00000,1216,ADSB
2022-07-17T18:55:38.189,35.972757,-115.402622,9600,-61.00000,-112.00000,832,ADSB
2022-07-17T18:55:39.001,35.972435,-115.402837,9625,-61.00000,-112.00000,768,ADSB
2022-07-17T18:55:39.656,35.972006,-115.403116,9625,-61.00000,-112.00000,768,ADSB
2022-07-17T18:55:40.563,35.971599,-115.403395,9650,-61.00000,-113.00000,768,ADSB
2022-07-17T18:55:41.017,35.971298,-115.403588,9625,-61.00000,-113.00000,704,ADSB
2022-07-17T18:55:42.080,35.970719,-115.403953,9650,-61.00000,-113.00000,704,ADSB
2022-07-17T18:55:42.751,35.970440,-115.404146,9650,-61.00000,-113.00000,704,ADSB
2022-07-17T18:55:43.830,35.969818,-115.404575,9675,-60.00000,-113.00000,704,ADSB
2022-07-17T18:55:44.891,35.969388,-115.404832,9675,-60.00000,-113.00000,704,ADSB
2022-07-17T18:55:45.126,35.969195,-115.405004,9675,-60.00000,-113.00000,704,ADSB
2022-07-17T18:55:46.084,35.968637,-115.405347,9700,-60.00000,-113.00000,704,ADSB
2022-07-17T18:55:47.084,35.968144,-115.405669,9725,-60.00000,-113.00000,704,ADSB
2022-07-17T18:55:48.288,35.967543,-115.406055,9725,-60.00000,-114.00000,640,ADSB
2022-07-17T18:55:49.023,35.967093,-115.406356,9750,-60.00000,-114.00000,640,ADSB
2022-07-17T18:55:49.640,35.966771,-115.406570,9750,-60.00000,-114.00000,640,ADSB
2022-07-17T18:55:50.375,35.966406,-115.406806,9725,-60.00000,-114.00000,640,ADSB
2022-07-17T18:55:51.126,35.966020,-115.407043,9750,-60.00000,-114.00000,640,ADSB
2022-07-17T18:55:51.595,35.965719,-115.407257,9775,-60.00000,-114.00000,640,ADSB
2022-07-17T18:55:52.329,35.965376,-115.407472,9775,-60.00000,-114.00000,640,ADSB
2022-07-17T18:55:53.501,35.964754,-115.407879,9800,-60.00000,-114.00000,640,ADSB
2022-07-17T18:55:54.313,35.964346,-115.408158,9800,-61.00000,-113.00000,640,ADSB
2022-07-17T18:55:54.871,35.964024,-115.408351,9825,-61.00000,-113.00000,640,ADSB
2022-07-17T18:55:55.289,35.963788,-115.408523,9825,-61.00000,-113.00000,640,ADSB
2022-07-17T18:55:56.118,35.963402,-115.408759,9825,-61.00000,-114.00000,576,ADSB
2022-07-17T18:55:56.899,35.962973,-115.409038,9825,-61.00000,-114.00000,576,ADSB
2022-07-17T18:55:57.837,35.962458,-115.409403,9825,-61.00000,-114.00000,512,ADSB
2022-07-17T18:55:59.040,35.961921,-115.409746,9825,-62.00000,-114.00000,448,ADSB
2022-07-17T18:55:59.922,35.961406,-115.410111,9850,-62.00000,-114.00000,448,ADSB
2022-07-17T18:56:00.813,35.960870,-115.410454,9850,-62.00000,-114.00000,384,ADSB
2022-07-17T18:56:01.626,35.960548,-115.410669,9850,-62.00000,-114.00000,384,ADSB
2022-07-17T18:56:01.923,35.960355,-115.410798,9875,-62.00000,-114.00000,384,ADSB
2022-07-17T18:56:02.845,35.959861,-115.411141,9875,-62.00000,-114.00000,384,ADSB
2022-07-17T18:56:03.751,35.959389,-115.411441,9875,-62.00000,-114.00000,448,ADSB
2022-07-17T18:56:04.750,35.958853,-115.411806,9875,-63.00000,-114.00000,448,ADSB
2022-07-17T18:56:05.751,35.958252,-115.412171,9900,-63.00000,-114.00000,384,ADSB
2022-07-17T18:56:07.033,35.957651,-115.412643,9900,-64.00000,-113.00000,448,ADSB
2022-07-17T18:56:07.720,35.957286,-115.412879,9900,-64.00000,-113.00000,448,ADSB
2022-07-17T18:56:08.080,35.957050,-115.413008,9900,-64.00000,-113.00000,448,ADSB
2022-07-17T18:56:09.080,35.956535,-115.413415,9925,-64.00000,-113.00000,384,ADSB
2022-07-17T18:56:09.688,35.956235,-115.413630,9900,-65.00000,-113.00000,384,ADSB
2022-07-17T18:56:10.110,35.956020,-115.413780,9925,-65.00000,-113.00000,384,ADSB
2022-07-17T18:56:10.831,35.955720,-115.413995,9925,-65.00000,-113.00000,384,ADSB
2022-07-17T18:56:11.221,35.955462,-115.414188,9925,-66.00000,-113.00000,320,ADSB
2022-07-17T18:56:12.378,35.954819,-115.414639,9925,-66.00000,-113.00000,320,ADSB
2022-07-17T18:56:13.206,35.954454,-115.414896,9925,-66.00000,-113.00000,320,ADSB
2022-07-17T18:56:13.878,35.954154,-115.415132,9950,-67.00000,-113.00000,384,ADSB
2022-07-17T18:56:14.269,35.953832,-115.415347,9950,-67.00000,-113.00000,384,ADSB
2022-07-17T18:56:15.359,35.953360,-115.415733,9950,-67.00000,-113.00000,448,ADSB
2022-07-17T18:56:16.142,35.952888,-115.416033,9950,-67.00000,-113.00000,384,ADSB
2022-07-17T18:56:17.189,35.952308,-115.416462,9975,-68.00000,-113.00000,320,ADSB
2022-07-17T18:56:18.064,35.951836,-115.416806,9975,-68.00000,-114.00000,256,ADSB
2022-07-17T18:56:19.126,35.951321,-115.417213,9975,-68.00000,-114.00000,192,ADSB
2022-07-17T18:56:19.750,35.950999,-115.417428,9975,-67.00000,-115.00000,128,ADSB
2022-07-17T18:56:20.203,35.950699,-115.417621,9975,-67.00000,-115.00000,128,ADSB
2022-07-17T18:56:20.923,35.950356,-115.417879,9975,-67.00000,-115.00000,256,ADSB
2022-07-17T18:56:21.345,35.950098,-115.418029,9975,-67.00000,-115.00000,192,ADSB
2022-07-17T18:56:22.158,35.949647,-115.418351,10000,-67.00000,-115.00000,192,ADSB
2022-07-17T18:56:22.767,35.949390,-115.418565,9975,-67.00000,-115.00000,448,ADSB
2022-07-17T18:56:23.189,35.949090,-115.418758,10000,-67.00000,-115.00000,384,ADSB
2022-07-17T18:56:23.736,35.948853,-115.418952,10000,-67.00000,-115.00000,448,ADSB
2022-07-17T18:56:24.205,35.948596,-115.419166,10000,-68.00000,-115.00000,448,ADSB
2022-07-17T18:56:25.062,35.948102,-115.419509,10000,-69.00000,-115.00000,512,ADSB
2022-07-17T18:56:26.032,35.947566,-115.419917,10000,-72.00000,-114.00000,448,ADSB
2022-07-17T18:56:27.064,35.947051,-115.420325,10025,-75.00000,-113.00000,384,ADSB
2022-07-17T18:56:27.907,35.946643,-115.420690,10025,-77.00000,-112.00000,384,ADSB
2022-07-17T18:56:29.048,35.946021,-115.421226,10050,-80.00000,-110.00000,448,ADSB
2022-07-17T18:56:30.297,35.945399,-115.421784,10050,-80.00000,-110.00000,448,ADSB
2022-07-17T18:56:31.393,35.945013,-115.422127,10050,-81.00000,-110.00000,576,ADSB
2022-07-17T18:56:32.143,35.944433,-115.422642,10050,-81.00000,-110.00000,576,ADSB
2022-07-17T18:56:33.206,35.943918,-115.423114,10075,-82.00000,-109.00000,640,ADSB
2022-07-17T18:56:33.987,35.943596,-115.423458,10075,-84.00000,-109.00000,640,ADSB
2022-07-17T18:56:34.954,35.943081,-115.423930,10100,-85.00000,-108.00000,576,ADSB
2022-07-17T18:56:35.547,35.942781,-115.424230,10100,-86.00000,-108.00000,576,ADSB
2022-07-17T18:56:36.033,35.942502,-115.424488,10100,-85.00000,-108.00000,512,ADSB
2022-07-17T18:56:36.877,35.942051,-115.424938,10100,-87.00000,-108.00000,512,ADSB
2022-07-17T18:56:37.939,35.941536,-115.425453,10125,-87.00000,-108.00000,512,ADSB
2022-07-17T18:56:38.783,35.941193,-115.425839,10150,-89.00000,-107.00000,576,ADSB
2022-07-17T18:56:39.938,35.940592,-115.426440,10175,-90.00000,-106.00000,640,ADSB
2022-07-17T18:56:40.924,35.940099,-115.426977,10175,-91.00000,-106.00000,640,ADSB
2022-07-17T18:56:41.893,35.939627,-115.427513,10200,-91.00000,-105.00000,704,ADSB
2022-07-17T18:56:42.893,35.939133,-115.428007,10200,-91.00000,-105.00000,768,ADSB
2022-07-17T18:56:43.846,35.938704,-115.428479,10225,-91.00000,-105.00000,768,ADSB
2022-07-17T18:56:44.547,35.938361,-115.428822,10225,-91.00000,-105.00000,832,ADSB
2022-07-17T18:56:44.938,35.938103,-115.429122,10225,-91.00000,-105.00000,832,ADSB
2022-07-17T18:56:45.453,35.937867,-115.429358,10250,-91.00000,-105.00000,896,ADSB
2022-07-17T18:56:45.970,35.937610,-115.429637,10250,-91.00000,-105.00000,832,ADSB
2022-07-17T18:56:47.079,35.937073,-115.430195,10275,-92.00000,-104.00000,896,ADSB
2022-07-17T18:56:48.048,35.936623,-115.430710,10300,-92.00000,-104.00000,960,ADSB
2022-07-17T18:56:49.297,35.936000,-115.431354,10300,-92.00000,-104.00000,960,ADSB
2022-07-17T18:56:50.000,35.935657,-115.431762,10300,-92.00000,-104.00000,1024,ADSB
2022-07-17T18:56:51.033,35.935163,-115.432277,10350,-91.00000,-104.00000,1088,ADSB
2022-07-17T18:56:52.127,35.934691,-115.432813,10350,-91.00000,-104.00000,1088,ADSB
2022-07-17T18:56:53.111,35.934176,-115.433350,10375,-92.00000,-104.00000,1088,ADSB
2022-07-17T18:56:54.127,35.933726,-115.433843,10400,-92.00000,-104.00000,1024,ADSB
2022-07-17T18:56:54.673,35.933447,-115.434165,10400,-92.00000,-103.00000,960,ADSB
2022-07-17T18:56:55.250,35.933168,-115.434465,10400,-93.00000,-104.00000,896,ADSB
2022-07-17T18:56:55.970,35.932868,-115.434787,10425,-93.00000,-104.00000,832,ADSB
2022-07-17T18:56:56.986,35.932395,-115.435324,10425,-93.00000,-104.00000,704,ADSB
2022-07-17T18:56:57.236,35.932181,-115.435560,10425,-93.00000,-104.00000,704,ADSB
2022-07-17T18:56:58.205,35.931752,-115.436032,10425,-94.00000,-105.00000,576,ADSB
2022-07-17T18:56:58.658,35.931516,-115.436289,10450,-94.00000,-105.00000,512,ADSB
2022-07-17T18:56:59.286,35.931215,-115.436633,10450,-94.00000,-105.00000,448,ADSB
2022-07-17T18:57:00.110,35.930829,-115.437040,10450,-94.00000,-105.00000,320,ADSB
2022-07-17T18:57:00.939,35.930443,-115.437469,10475,-94.00000,-105.00000,448,ADSB
2022-07-17T18:57:01.892,35.929906,-115.437984,10475,-94.00000,-105.00000,512,ADSB
2022-07-17T18:57:02.939,35.929413,-115.438607,10500,-94.00000,-105.00000,832,ADSB
2022-07-17T18:57:04.002,35.928919,-115.439122,10525,-94.00000,-104.00000,1024,ADSB
2022-07-17T18:57:04.766,35.928597,-115.439487,10550,-94.00000,-103.00000,1280,ADSB
2022-07-17T18:57:05.079,35.928404,-115.439723,10575,-94.00000,-103.00000,1280,ADSB
2022-07-17T18:57:05.736,35.928125,-115.440023,10550,-94.00000,-102.00000,1408,ADSB
2022-07-17T18:57:06.861,35.927589,-115.440624,10575,-94.00000,-102.00000,1472,ADSB
2022-07-17T18:57:07.533,35.927289,-115.440989,10625,-93.00000,-101.00000,1536,ADSB
2022-07-17T18:57:07.908,35.927052,-115.441182,10600,-93.00000,-101.00000,1472,ADSB
2022-07-17T18:57:08.799,35.926623,-115.441740,10675,-93.00000,-101.00000,1472,ADSB
2022-07-17T18:57:09.782,35.926259,-115.442147,10700,-93.00000,-101.00000,1472,ADSB
2022-07-17T18:57:11.096,35.925658,-115.442855,10700,-93.00000,-100.00000,1344,ADSB
2022-07-17T18:57:11.549,35.925422,-115.443113,10725,-93.00000,-100.00000,1280,ADSB
2022-07-17T18:57:11.924,35.925207,-115.443349,10725,-93.00000,-100.00000,1280,ADSB
2022-07-17T18:57:12.830,35.924799,-115.443821,10750,-93.00000,-100.00000,1216,ADSB
2022-07-17T18:57:13.596,35.924499,-115.444164,10725,-92.00000,-100.00000,1152,ADSB
2022-07-17T18:57:14.703,35.923941,-115.444787,10800,-92.00000,-100.00000,1152,ADSB
2022-07-17T18:57:16.048,35.923297,-115.445516,10800,-92.00000,-100.00000,1152,ADSB
2022-07-17T18:57:17.173,35.922782,-115.446117,10825,-92.00000,-100.00000,1152,ADSB
2022-07-17T18:57:17.736,35.922546,-115.446353,10850,-92.00000,-100.00000,1152,ADSB
2022-07-17T18:57:18.142,35.922353,-115.446568,10825,-92.00000,-100.00000,1152,ADSB
2022-07-17T18:57:19.002,35.921988,-115.446975,10850,-91.00000,-100.00000,1152,ADSB
2022-07-17T18:57:19.547,35.921710,-115.447297,10900,-91.00000,-100.00000,1088,ADSB
2022-07-17T18:57:20.172,35.921409,-115.447662,10900,-91.00000,-100.00000,1088,ADSB
2022-07-17T18:57:20.986,35.920980,-115.448134,10900,-91.00000,-99.00000,1152,ADSB
2022-07-17T18:57:21.721,35.920701,-115.448434,10900,-91.00000,-99.00000,1088,ADSB
2022-07-17T18:57:22.080,35.920508,-115.448670,10925,-91.00000,-99.00000,1088,ADSB
2022-07-17T18:57:22.799,35.920250,-115.448949,10950,-90.00000,-100.00000,1152,ADSB
2022-07-17T18:57:23.033,35.920036,-115.449185,10925,-91.00000,-100.00000,1088,ADSB
2022-07-17T18:57:23.705,35.919778,-115.449464,10950,-90.00000,-100.00000,1152,ADSB
2022-07-17T18:57:24.033,35.919564,-115.449657,10950,-90.00000,-100.00000,1088,ADSB
2022-07-17T18:57:25.069,35.919092,-115.450172,10950,-90.00000,-100.00000,1088,ADSB
2022-07-17T18:57:26.071,35.918684,-115.450709,11025,-90.00000,-99.00000,1088,ADSB
2022-07-17T18:57:26.899,35.918319,-115.451117,11025,-90.00000,-99.00000,1152,ADSB
2022-07-17T18:57:27.977,35.917847,-115.451610,11050,-89.00000,-99.00000,1088,ADSB
2022-07-17T18:57:28.618,35.917482,-115.452018,11050,-89.00000,-100.00000,1088,ADSB
2022-07-17T18:57:29.118,35.917289,-115.452232,11075,-89.00000,-100.00000,1088,ADSB
2022-07-17T18:57:29.719,35.917010,-115.452533,11050,-89.00000,-100.00000,1024,ADSB
2022-07-17T18:57:30.063,35.916817,-115.452747,11075,-89.00000,-100.00000,1024,ADSB
2022-07-17T18:57:31.048,35.916345,-115.453284,11100,-89.00000,-100.00000,896,ADSB
2022-07-17T18:57:32.128,35.915809,-115.453842,11100,-89.00000,-101.00000,768,ADSB
2022-07-17T18:57:32.971,35.915530,-115.454164,11125,-90.00000,-102.00000,704,ADSB
2022-07-17T18:57:33.409,35.915229,-115.454464,11125,-90.00000,-102.00000,640,ADSB
2022-07-17T18:57:34.081,35.914950,-115.454786,11125,-90.00000,-102.00000,576,ADSB
2022-07-17T18:57:34.641,35.914671,-115.455086,11125,-90.00000,-103.00000,448,ADSB
2022-07-17T18:57:36.049,35.913985,-115.455794,11125,-90.00000,-104.00000,320,ADSB
2022-07-17T18:57:36.658,35.913706,-115.456116,11125,-91.00000,-105.00000,192,ADSB
2022-07-17T18:57:37.049,35.913470,-115.456309,11125,-91.00000,-105.00000,192,ADSB
2022-07-17T18:57:37.877,35.913105,-115.456738,11125,-92.00000,-106.00000,64,ADSB
2022-07-17T18:57:38.893,35.912611,-115.457275,11125,-92.00000,-107.00000,64,ADSB
2022-07-17T18:57:39.876,35.912118,-115.457790,11125,-93.00000,-107.00000,-64,ADSB
2022-07-17T18:57:40.924,35.911603,-115.458348,11150,-93.00000,-108.00000,-64,ADSB
2022-07-17T18:57:41.862,35.911088,-115.458884,11150,-94.00000,-109.00000,-64,ADSB
2022-07-17T18:57:42.565,35.910809,-115.459185,11125,-95.00000,-109.00000,-64,ADSB
2022-07-17T18:57:42.893,35.910573,-115.459421,11125,-95.00000,-109.00000,-64,ADSB
2022-07-17T18:57:43.830,35.910122,-115.459871,11150,-96.00000,-110.00000,-64,ADSB
2022-07-17T18:57:44.500,35.909779,-115.460279,11125,-96.00000,-111.00000,-128,ADSB
2022-07-17T18:57:44.860,35.909607,-115.460472,11125,-96.00000,-111.00000,-64,ADSB
2022-07-17T18:57:45.771,35.909092,-115.460987,11100,-97.00000,-111.00000,-64,ADSB
2022-07-17T18:57:46.724,35.908685,-115.461438,11100,-97.00000,-112.00000,-128,ADSB
2022-07-17T18:57:47.021,35.908449,-115.461717,11125,-98.00000,-112.00000,-128,ADSB
2022-07-17T18:57:47.677,35.908105,-115.462039,11100,-98.00000,-112.00000,-128,ADSB
2022-07-17T18:57:48.552,35.907633,-115.462596,11100,-98.00000,-113.00000,-64,ADSB
2022-07-17T18:57:49.750,35.907054,-115.463219,11100,-99.00000,-114.00000,-128,ADSB
2022-07-17T18:57:50.547,35.906646,-115.463626,11125,-100.00000,-114.00000,-128,ADSB
2022-07-17T18:57:51.517,35.906131,-115.464206,11125,-100.00000,-115.00000,-128,ADSB
2022-07-17T18:57:52.784,35.905466,-115.464871,11100,-101.00000,-115.00000,-64,ADSB
2022-07-17T18:57:53.597,35.904973,-115.465386,11100,-101.00000,-116.00000,-64,ADSB
2022-07-17T18:57:54.454,35.904479,-115.465965,11100,-102.00000,-116.00000,-64,ADSB
2022-07-17T18:57:55.500,35.903964,-115.466545,11100,-102.00000,-117.00000,-64,ADSB
2022-07-17T18:57:56.455,35.903406,-115.467124,11100,-103.00000,-117.00000,-64,ADSB
2022-07-17T18:57:57.330,35.902998,-115.467575,11100,-103.00000,-117.00000,-128,ADSB
2022-07-17T18:57:58.064,35.902569,-115.468047,11100,-104.00000,-118.00000,-64,ADSB
2022-07-17T18:57:58.752,35.902226,-115.468411,11100,-104.00000,-118.00000,-64,ADSB
2022-07-17T18:57:59.297,35.901883,-115.468755,11100,-104.00000,-118.00000,0,ADSB
2022-07-17T18:57:59.876,35.901582,-115.469120,11100,-104.00000,-119.00000,-64,ADSB
2022-07-17T18:58:01.049,35.900917,-115.469828,11100,-105.00000,-119.00000,-64,ADSB
2022-07-17T18:58:02.205,35.900295,-115.470493,11100,-105.00000,-119.00000,-64,ADSB
2022-07-17T18:58:02.736,35.900016,-115.470793,11100,-105.00000,-120.00000,0,ADSB
2022-07-17T18:58:03.158,35.899758,-115.471115,11100,-106.00000,-120.00000,0,ADSB
2022-07-17T18:58:03.814,35.899351,-115.471501,11100,-106.00000,-120.00000,64,ADSB
2022-07-17T18:58:04.626,35.898921,-115.471995,11100,-106.00000,-120.00000,64,ADSB
2022-07-17T18:58:05.251,35.898578,-115.472381,11100,-106.00000,-120.00000,0,ADSB
2022-07-17T18:58:06.283,35.898020,-115.472960,11100,-106.00000,-121.00000,0,ADSB
2022-07-17T18:58:06.877,35.897677,-115.473325,11100,-107.00000,-121.00000,0,ADSB
2022-07-17T18:58:07.237,35.897505,-115.473497,11100,-107.00000,-121.00000,0,ADSB
2022-07-17T18:58:08.096,35.897012,-115.474055,11100,-107.00000,-121.00000,0,ADSB
2022-07-17T18:58:08.690,35.896668,-115.474420,11100,-107.00000,-122.00000,0,ADSB
2022-07-17T18:58:09.298,35.896325,-115.474784,11100,-107.00000,-122.00000,0,ADSB
2022-07-17T18:58:10.658,35.895531,-115.475643,11100,-107.00000,-122.00000,-64,ADSB
2022-07-17T18:58:11.502,35.895081,-115.476136,11100,-108.00000,-122.00000,0,ADSB
2022-07-17T18:58:12.612,35.894394,-115.476866,11100,-108.00000,-122.00000,64,ADSB
2022-07-17T18:58:13.596,35.893879,-115.477402,11100,-108.00000,-122.00000,64,ADSB
2022-07-17T18:58:14.049,35.893600,-115.477724,11125,-108.00000,-123.00000,128,ADSB
2022-07-17T18:58:14.704,35.893257,-115.478110,11100,-108.00000,-123.00000,64,ADSB
2022-07-17T18:58:15.610,35.892763,-115.478647,11100,-108.00000,-123.00000,64,ADSB
2022-07-17T18:58:16.658,35.892098,-115.479333,11100,-108.00000,-123.00000,64,ADSB
2022-07-17T18:58:17.752,35.891519,-115.480042,11100,-108.00000,-123.00000,64,ADSB
2022-07-17T18:58:18.549,35.891111,-115.480449,11100,-109.00000,-123.00000,0,ADSB
2022-07-17T18:58:19.688,35.890381,-115.481200,11100,-109.00000,-123.00000,0,ADSB
2022-07-17T18:58:20.626,35.889952,-115.481694,11100,-109.00000,-124.00000,0,ADSB
2022-07-17T18:58:21.565,35.889308,-115.482380,11100,-109.00000,-124.00000,0,ADSB
2022-07-17T18:58:22.596,35.888708,-115.483024,11100,-109.00000,-124.00000,0,ADSB
2022-07-17T18:58:23.533,35.888214,-115.483539,11100,-109.00000,-124.00000,0,ADSB
2022-07-17T18:58:24.376,35.887721,-115.484097,11100,-109.00000,-124.00000,-64,ADSB
2022-07-17T18:58:25.329,35.887163,-115.484676,11100,-110.00000,-124.00000,-64,ADSB
2022-07-17T18:58:25.970,35.886862,-115.485041,11100,-110.00000,-124.00000,-64,ADSB
2022-07-17T18:58:26.580,35.886497,-115.485427,11100,-110.00000,-124.00000,-64,ADSB
2022-07-17T18:58:27.127,35.886154,-115.485814,11100,-110.00000,-124.00000,0,ADSB
2022-07-17T18:58:27.705,35.885811,-115.486178,11100,-110.00000,-125.00000,-64,ADSB
2022-07-17T18:58:28.080,35.885575,-115.486414,11100,-110.00000,-125.00000,0,ADSB
2022-07-17T18:58:29.276,35.884910,-115.487144,11100,-110.00000,-125.00000,0,ADSB
2022-07-17T18:58:29.641,35.884652,-115.487423,11100,-110.00000,-125.00000,0,ADSB
2022-07-17T18:58:30.079,35.884416,-115.487702,11100,-110.00000,-125.00000,0,ADSB
2022-07-17T18:58:30.986,35.883901,-115.488217,11100,-110.00000,-125.00000,0,ADSB
2022-07-17T18:58:31.924,35.883322,-115.488861,11100,-110.00000,-125.00000,0,ADSB
2022-07-17T18:58:32.987,35.882721,-115.489483,11100,-110.00000,-125.00000,0,ADSB
2022-07-17T18:58:33.487,35.882463,-115.489805,11100,-110.00000,-125.00000,0,ADSB
2022-07-17T18:58:34.002,35.882163,-115.490105,11100,-110.00000,-125.00000,0,ADSB
2022-07-17T18:58:34.642,35.881777,-115.490556,11100,-110.00000,-125.00000,64,ADSB
2022-07-17T18:58:35.111,35.881541,-115.490792,11100,-110.00000,-125.00000,0,ADSB
2022-07-17T18:58:35.704,35.881197,-115.491199,11100,-110.00000,-125.00000,64,ADSB
2022-07-17T18:58:36.127,35.880940,-115.491436,11100,-110.00000,-125.00000,64,ADSB
2022-07-17T18:58:36.893,35.880489,-115.491951,11100,-110.00000,-125.00000,64,ADSB
2022-07-17T18:58:37.737,35.880039,-115.492444,11100,-110.00000,-125.00000,0,ADSB
2022-07-17T18:58:38.127,35.879738,-115.492744,11100,-110.00000,-125.00000,0,ADSB
2022-07-17T18:58:38.893,35.879331,-115.493195,11100,-110.00000,-125.00000,0,ADSB
2022-07-17T18:58:40.125,35.878644,-115.493946,11100,-110.00000,-125.00000,64,ADSB
2022-07-17T18:58:41.064,35.878043,-115.494590,11100,-111.00000,-125.00000,0,ADSB
2022-07-17T18:58:42.017,35.877528,-115.495169,11100,-111.00000,-125.00000,-64,ADSB
2022-07-17T18:58:42.892,35.876992,-115.495727,11100,-111.00000,-125.00000,0,ADSB
2022-07-17T18:58:43.908,35.876434,-115.496349,11100,-111.00000,-125.00000,-64,ADSB
2022-07-17T18:58:44.860,35.875854,-115.496993,11100,-110.00000,-126.00000,0,ADSB
2022-07-17T18:58:45.814,35.875275,-115.497615,11100,-111.00000,-126.00000,-64,ADSB
2022-07-17T18:58:46.502,35.874932,-115.497980,11100,-111.00000,-126.00000,0,ADSB
2022-07-17T18:58:47.815,35.874138,-115.498796,11100,-111.00000,-126.00000,0,ADSB
2022-07-17T18:58:48.846,35.873537,-115.499504,11100,-111.00000,-126.00000,0,ADSB
2022-07-17T18:58:49.939,35.872915,-115.500126,11100,-111.00000,-126.00000,0,ADSB
2022-07-17T18:58:50.470,35.872593,-115.500491,11100,-111.00000,-126.00000,0,ADSB
2022-07-17T18:58:50.893,35.872357,-115.500727,11100,-111.00000,-126.00000,0,ADSB
2022-07-17T18:58:51.815,35.871778,-115.501370,11100,-111.00000,-126.00000,0,ADSB
2022-07-17T18:58:52.721,35.871305,-115.501885,11100,-111.00000,-126.00000,64,ADSB
2022-07-17T18:58:53.471,35.870855,-115.502400,11100,-111.00000,-126.00000,64,ADSB
2022-07-17T18:58:54.533,35.870254,-115.503023,11100,-111.00000,-126.00000,0,ADSB
2022-07-17T18:58:54.954,35.869954,-115.503323,11100,-111.00000,-126.00000,0,ADSB
2022-07-17T18:58:55.627,35.869567,-115.503774,11100,-111.00000,-126.00000,0,ADSB
2022-07-17T18:58:56.909,35.868859,-115.504546,11100,-111.00000,-126.00000,-64,ADSB
2022-07-17T18:58:58.113,35.868130,-115.505297,11100,-111.00000,-126.00000,0,ADSB
2022-07-17T18:58:58.613,35.867808,-115.505662,11100,-111.00000,-126.00000,-64,ADSB
2022-07-17T18:58:59.050,35.867572,-115.505919,11100,-111.00000,-126.00000,0,ADSB
2022-07-17T18:58:59.720,35.867229,-115.506306,11100,-111.00000,-126.00000,0,ADSB
2022-07-17T18:59:00.126,35.866928,-115.506649,11100,-111.00000,-126.00000,0,ADSB
2022-07-17T18:59:01.205,35.866370,-115.507164,11100,-111.00000,-126.00000,0,ADSB
2022-07-17T18:59:01.862,35.865941,-115.507679,11100,-110.00000,-125.00000,0,ADSB
2022-07-17T18:59:02.659,35.865490,-115.508194,11100,-110.00000,-125.00000,0,ADSB
2022-07-17T18:59:03.112,35.865233,-115.508430,11100,-110.00000,-125.00000,0,ADSB
2022-07-17T18:59:03.893,35.864782,-115.508945,11100,-110.00000,-125.00000,64,ADSB
2022-07-17T18:59:04.706,35.864332,-115.509439,11100,-110.00000,-125.00000,0,ADSB
2022-07-17T18:59:05.941,35.863538,-115.510254,11100,-110.00000,-125.00000,0,ADSB
2022-07-17T18:59:06.754,35.863173,-115.510705,11100,-110.00000,-125.00000,64,ADSB
2022-07-17T18:59:07.910,35.862443,-115.511477,11100,-110.00000,-125.00000,0,ADSB
2022-07-17T18:59:08.707,35.862014,-115.511949,11100,-110.00000,-125.00000,64,ADSB
2022-07-17T18:59:09.782,35.861349,-115.512657,11100,-110.00000,-124.00000,0,ADSB
2022-07-17T18:59:10.955,35.860748,-115.513344,11100,-110.00000,-124.00000,0,ADSB
2022-07-17T18:59:11.455,35.860405,-115.513687,11100,-110.00000,-124.00000,-64,ADSB
2022-07-17T18:59:12.002,35.860019,-115.514052,11100,-110.00000,-124.00000,-64,ADSB
2022-07-17T18:59:12.643,35.859697,-115.514438,11100,-110.00000,-124.00000,0,ADSB
2022-07-17T18:59:13.424,35.859246,-115.514953,11100,-110.00000,-124.00000,0,ADSB
2022-07-17T18:59:13.971,35.858967,-115.515296,11100,-110.00000,-124.00000,0,ADSB
2022-07-17T18:59:14.986,35.858366,-115.515854,11100,-110.00000,-124.00000,0,ADSB
2022-07-17T18:59:16.034,35.857787,-115.516498,11100,-110.00000,-124.00000,0,ADSB
2022-07-17T18:59:17.034,35.857229,-115.517142,11100,-110.00000,-124.00000,0,ADSB
2022-07-17T18:59:17.956,35.856671,-115.517743,11100,-110.00000,-124.00000,0,ADSB
2022-07-17T18:59:18.893,35.856156,-115.518322,11100,-110.00000,-124.00000,0,ADSB
2022-07-17T18:59:19.720,35.855706,-115.518816,11100,-110.00000,-124.00000,64,ADSB
2022-07-17T18:59:20.783,35.855126,-115.519459,11100,-110.00000,-124.00000,64,ADSB
2022-07-17T18:59:21.721,35.854547,-115.520082,11100,-110.00000,-124.00000,0,ADSB
2022-07-17T18:59:22.815,35.853860,-115.520833,11100,-110.00000,-123.00000,-64,ADSB
2022-07-17T18:59:24.206,35.853174,-115.521562,11100,-110.00000,-123.00000,0,ADSB
2022-07-17T18:59:24.610,35.852830,-115.521948,11100,-110.00000,-123.00000,0,ADSB
2022-07-17T18:59:25.201,35.852509,-115.522270,11100,-110.00000,-123.00000,0,ADSB
2022-07-17T18:59:26.686,35.851693,-115.523171,11100,-109.00000,-123.00000,0,ADSB
2022-07-17T18:59:27.530,35.851221,-115.523686,11100,-109.00000,-123.00000,0,ADSB
2022-07-17T18:59:28.561,35.850663,-115.524309,11100,-109.00000,-123.00000,0,ADSB
2022-07-17T18:59:29.657,35.849977,-115.525038,11100,-109.00000,-123.00000,0,ADSB
2022-07-17T18:59:30.673,35.849397,-115.525682,11100,-109.00000,-123.00000,0,ADSB
2022-07-17T18:59:31.753,35.848796,-115.526326,11100,-109.00000,-123.00000,0,ADSB
2022-07-17T18:59:32.737,35.848260,-115.526927,11100,-109.00000,-123.00000,0,ADSB
2022-07-17T18:59:33.816,35.847595,-115.527613,11100,-109.00000,-123.00000,64,ADSB
2022-07-17T18:59:34.814,35.847123,-115.528171,11100,-109.00000,-123.00000,0,ADSB
2022-07-17T18:59:35.845,35.846479,-115.528836,11100,-109.00000,-123.00000,0,ADSB
2022-07-17T18:59:36.815,35.845921,-115.529480,11100,-109.00000,-123.00000,0,ADSB
2022-07-17T18:59:37.862,35.845320,-115.530124,11100,-109.00000,-123.00000,0,ADSB
2022-07-17T18:59:38.799,35.844719,-115.530767,11100,-109.00000,-123.00000,0,ADSB
2022-07-17T18:59:40.064,35.844033,-115.531518,11100,-109.00000,-123.00000,0,ADSB
2022-07-17T18:59:40.626,35.843689,-115.531883,11100,-109.00000,-123.00000,0,ADSB
2022-07-17T18:59:41.409,35.843260,-115.532334,11100,-109.00000,-123.00000,0,ADSB
2022-07-17T18:59:42.065,35.842896,-115.532742,11100,-108.00000,-123.00000,64,ADSB
2022-07-17T18:59:42.753,35.842552,-115.533128,11100,-109.00000,-123.00000,0,ADSB
2022-07-17T18:59:43.362,35.842123,-115.533535,11100,-108.00000,-123.00000,0,ADSB
2022-07-17T18:59:44.065,35.841866,-115.533857,11100,-108.00000,-123.00000,0,ADSB
2022-07-17T18:59:44.392,35.841565,-115.534179,11100,-108.00000,-123.00000,0,ADSB
2022-07-17T18:59:45.080,35.841179,-115.534608,11100,-108.00000,-123.00000,0,ADSB
2022-07-17T18:59:45.674,35.840836,-115.534973,11100,-108.00000,-123.00000,0,ADSB
2022-07-17T18:59:46.367,35.840471,-115.535381,11100,-108.00000,-123.00000,0,ADSB
2022-07-17T18:59:47.039,35.840149,-115.535703,11100,-108.00000,-123.00000,0,ADSB
2022-07-17T18:59:48.242,35.839462,-115.536454,11100,-108.00000,-123.00000,0,ADSB
2022-07-17T18:59:49.039,35.838904,-115.537076,11100,-108.00000,-123.00000,0,ADSB
2022-07-17T18:59:50.048,35.838325,-115.537677,11100,-108.00000,-123.00000,0,ADSB
2022-07-17T18:59:51.518,35.837595,-115.538471,11100,-108.00000,-123.00000,0,ADSB
2022-07-17T18:59:52.080,35.837188,-115.538921,11100,-108.00000,-123.00000,0,ADSB
2022-07-17T18:59:52.503,35.836973,-115.539114,11100,-108.00000,-123.00000,0,ADSB
2022-07-17T18:59:53.660,35.836265,-115.539908,11100,-108.00000,-123.00000,0,ADSB
2022-07-17T18:59:54.455,35.835814,-115.540402,11100,-109.00000,-123.00000,0,ADSB
2022-07-17T18:59:55.048,35.835536,-115.540702,11100,-109.00000,-123.00000,0,ADSB
2022-07-17T18:59:55.626,35.835149,-115.541131,11100,-109.00000,-123.00000,64,ADSB
2022-07-17T18:59:56.111,35.834892,-115.541389,11100,-109.00000,-123.00000,0,ADSB
2022-07-17T18:59:57.158,35.834334,-115.542011,11100,-109.00000,-122.00000,0,ADSB
2022-07-17T18:59:58.190,35.833776,-115.542612,11100,-109.00000,-122.00000,0,ADSB
2022-07-17T18:59:59.205,35.833111,-115.543320,11100,-109.00000,-122.00000,0,ADSB
2022-07-17T19:00:00.095,35.832639,-115.543857,11100,-109.00000,-122.00000,0,ADSB
2022-07-17T19:00:00.657,35.832295,-115.544243,11100,-109.00000,-122.00000,-64,ADSB
2022-07-17T19:00:01.471,35.832038,-115.544479,11100,-109.00000,-122.00000,0,ADSB
2022-07-17T19:00:02.205,35.831501,-115.545101,11100,-109.00000,-122.00000,0,ADSB
2022-07-17T19:00:02.487,35.831265,-115.545380,11100,-109.00000,-122.00000,0,ADSB
2022-07-17T19:00:03.659,35.830643,-115.546067,11100,-109.00000,-122.00000,0,ADSB
2022-07-17T19:00:04.720,35.830042,-115.546753,11100,-109.00000,-122.00000,0,ADSB
2022-07-17T19:00:05.658,35.829463,-115.547354,11100,-109.00000,-122.00000,0,ADSB
2022-07-17T19:00:06.831,35.828841,-115.548062,11100,-109.00000,-122.00000,0,ADSB
2022-07-17T19:00:07.784,35.828347,-115.548599,11100,-109.00000,-123.00000,0,ADSB
2022-07-17T19:00:08.612,35.827875,-115.549092,11100,-109.00000,-123.00000,0,ADSB
2022-07-17T19:00:08.893,35.827661,-115.549328,11100,-109.00000,-123.00000,0,ADSB
2022-07-17T19:00:09.814,35.827124,-115.549929,11100,-109.00000,-123.00000,0,ADSB
2022-07-17T19:00:10.830,35.826566,-115.550508,11100,-109.00000,-123.00000,0,ADSB
2022-07-17T19:00:11.894,35.825922,-115.551217,11100,-109.00000,-123.00000,0,ADSB
2022-07-17T19:00:12.487,35.825601,-115.551581,11100,-109.00000,-123.00000,0,ADSB
2022-07-17T19:00:13.816,35.824828,-115.552397,11100,-109.00000,-123.00000,0,ADSB
2022-07-17T19:00:14.876,35.824270,-115.553041,11100,-109.00000,-123.00000,0,ADSB
2022-07-17T19:00:15.423,35.823884,-115.553448,11100,-109.00000,-123.00000,-64,ADSB
2022-07-17T19:00:15.924,35.823712,-115.553620,11100,-109.00000,-123.00000,0,ADSB
2022-07-17T19:00:16.971,35.823069,-115.554307,11100,-109.00000,-123.00000,0,ADSB
2022-07-17T19:00:17.674,35.822639,-115.554821,11100,-109.00000,-123.00000,0,ADSB
2022-07-17T19:00:18.862,35.821996,-115.555487,11100,-109.00000,-123.00000,0,ADSB
2022-07-17T19:00:19.908,35.821373,-115.556173,11100,-109.00000,-123.00000,64,ADSB
2022-07-17T19:00:20.767,35.820923,-115.556688,11100,-110.00000,-123.00000,0,ADSB
2022-07-17T19:00:21.096,35.820687,-115.556946,11100,-109.00000,-123.00000,0,ADSB
2022-07-17T19:00:21.940,35.820236,-115.557461,11100,-110.00000,-123.00000,0,ADSB
2022-07-17T19:00:22.534,35.819893,-115.557804,11100,-110.00000,-123.00000,64,ADSB
2022-07-17T19:00:23.003,35.819592,-115.558147,11100,-110.00000,-123.00000,0,ADSB
2022-07-17T19:00:23.690,35.819206,-115.558555,11100,-110.00000,-123.00000,0,ADSB
2022-07-17T19:00:24.751,35.818627,-115.559177,11100,-110.00000,-124.00000,0,ADSB
2022-07-17T19:00:25.860,35.817940,-115.559928,11100,-110.00000,-124.00000,0,ADSB
2022-07-17T19:00:26.455,35.817597,-115.560293,11100,-110.00000,-124.00000,0,ADSB
2022-07-17T19:00:27.049,35.817297,-115.560637,11100,-110.00000,-124.00000,0,ADSB
2022-07-17T19:00:27.971,35.816717,-115.561237,11100,-110.00000,-124.00000,-64,ADSB
2022-07-17T19:00:28.971,35.816202,-115.561817,11100,-110.00000,-124.00000,0,ADSB
2022-07-17T19:00:29.782,35.815709,-115.562375,11100,-110.00000,-124.00000,0,ADSB
2022-07-17T19:00:30.783,35.815108,-115.563018,11100,-110.00000,-124.00000,0,ADSB
2022-07-17T19:00:31.627,35.814679,-115.563490,11100,-110.00000,-124.00000,0,ADSB
2022-07-17T19:00:32.659,35.814035,-115.564198,11100,-110.00000,-124.00000,0,ADSB
2022-07-17T19:00:33.581,35.813477,-115.564799,11100,-110.00000,-124.00000,-64,ADSB
2022-07-17T19:00:34.689,35.812876,-115.565464,11100,-110.00000,-124.00000,-64,ADSB
2022-07-17T19:00:35.736,35.812275,-115.566151,11100,-110.00000,-123.00000,-64,ADSB
2022-07-17T19:00:36.659,35.811803,-115.566645,11100,-110.00000,-123.00000,-64,ADSB
2022-07-17T19:00:37.565,35.811181,-115.567310,11100,-110.00000,-123.00000,0,ADSB
2022-07-17T19:00:38.534,35.810709,-115.567825,11100,-110.00000,-123.00000,0,ADSB
2022-07-17T19:00:39.689,35.810087,-115.568511,11100,-110.00000,-123.00000,64,ADSB
2022-07-17T19:00:40.658,35.809507,-115.569155,11100,-110.00000,-123.00000,64,ADSB
2022-07-17T19:00:41.659,35.808949,-115.569735,11100,-110.00000,-123.00000,64,ADSB
2022-07-17T19:00:42.597,35.808456,-115.570335,11100,-110.00000,-123.00000,64,ADSB
2022-07-17T19:00:43.613,35.807877,-115.570958,11100,-110.00000,-123.00000,0,ADSB
2022-07-17T19:00:44.720,35.807190,-115.571709,11100,-110.00000,-123.00000,0,ADSB
2022-07-17T19:00:45.487,35.806739,-115.572202,11100,-110.00000,-123.00000,-64,ADSB
2022-07-17T19:00:46.519,35.806160,-115.572824,11100,-110.00000,-123.00000,0,ADSB
2022-07-17T19:00:47.707,35.805473,-115.573575,11100,-110.00000,-123.00000,-64,ADSB
2022-07-17T19:00:48.910,35.804765,-115.574369,11100,-110.00000,-123.00000,0,ADSB
2022-07-17T19:00:49.564,35.804465,-115.574713,11100,-110.00000,-123.00000,0,ADSB
2022-07-17T19:00:49.955,35.804164,-115.575035,11100,-110.00000,-123.00000,0,ADSB
2022-07-17T19:00:50.752,35.803778,-115.575464,11100,-110.00000,-122.00000,0,ADSB
2022-07-17T19:00:51.784,35.803113,-115.576172,11100,-110.00000,-122.00000,0,ADSB
2022-07-17T19:00:52.675,35.802619,-115.576708,11100,-110.00000,-122.00000,0,ADSB
2022-07-17T19:00:53.565,35.802190,-115.577223,11100,-110.00000,-122.00000,0,ADSB
2022-07-17T19:00:54.720,35.801504,-115.577974,11100,-110.00000,-122.00000,0,ADSB
2022-07-17T19:00:55.585,35.801075,-115.578468,11100,-110.00000,-122.00000,0,ADSB
2022-07-17T19:00:56.571,35.800409,-115.579154,11100,-110.00000,-122.00000,0,ADSB
2022-07-17T19:00:57.087,35.800173,-115.579476,11100,-110.00000,-122.00000,0,ADSB
2022-07-17T19:00:57.649,35.799873,-115.579798,11100,-110.00000,-121.00000,0,ADSB
2022-07-17T19:00:58.743,35.799272,-115.580463,11100,-110.00000,-121.00000,0,ADSB
2022-07-17T19:00:59.720,35.798757,-115.581086,11100,-110.00000,-121.00000,0,ADSB
2022-07-17T19:01:00.564,35.798178,-115.581665,11100,-110.00000,-121.00000,0,ADSB
2022-07-17T19:01:01.596,35.797620,-115.582287,11100,-110.00000,-121.00000,0,ADSB
2022-07-17T19:01:02.581,35.797126,-115.582867,11100,-110.00000,-121.00000,0,ADSB
2022-07-17T19:01:03.597,35.796483,-115.583596,11100,-110.00000,-121.00000,0,ADSB
2022-07-17T19:01:04.549,35.795925,-115.584176,11100,-110.00000,-121.00000,0,ADSB
2022-07-17T19:01:05.518,35.795453,-115.584755,11100,-110.00000,-121.00000,64,ADSB
2022-07-17T19:01:06.737,35.794744,-115.585506,11100,-110.00000,-121.00000,0,ADSB
2022-07-17T19:01:07.769,35.794187,-115.586128,11100,-110.00000,-121.00000,0,ADSB
2022-07-17T19:01:08.800,35.793650,-115.586751,11100,-111.00000,-121.00000,0,ADSB
2022-07-17T19:01:09.423,35.793200,-115.587265,11100,-111.00000,-121.00000,0,ADSB
2022-07-17T19:01:10.517,35.792642,-115.587888,11100,-111.00000,-121.00000,0,ADSB
2022-07-17T19:01:11.580,35.792019,-115.588617,11100,-111.00000,-121.00000,0,ADSB
2022-07-17T19:01:12.424,35.791526,-115.589154,11100,-111.00000,-121.00000,0,ADSB
2022-07-17T19:01:13.331,35.791075,-115.589669,11100,-111.00000,-121.00000,0,ADSB
2022-07-17T19:01:14.049,35.790625,-115.590162,11100,-111.00000,-121.00000,0,ADSB
2022-07-17T19:01:14.486,35.790389,-115.590441,11100,-111.00000,-121.00000,0,ADSB
2022-07-17T19:01:15.502,35.789831,-115.591042,11100,-110.00000,-121.00000,0,ADSB
2022-07-17T19:01:16.628,35.789230,-115.591707,11100,-110.00000,-121.00000,-64,ADSB
2022-07-17T19:01:17.034,35.788951,-115.592051,11100,-110.00000,-121.00000,0,ADSB
2022-07-17T19:01:17.472,35.788715,-115.592308,11100,-110.00000,-121.00000,0,ADSB
2022-07-17T19:01:17.972,35.788372,-115.592673,11100,-110.00000,-121.00000,0,ADSB
2022-07-17T19:01:18.440,35.788200,-115.592887,11100,-110.00000,-122.00000,0,ADSB
2022-07-17T19:01:19.471,35.787642,-115.593510,11100,-110.00000,-122.00000,0,ADSB
2022-07-17T19:01:20.517,35.786998,-115.594196,11100,-110.00000,-122.00000,0,ADSB
2022-07-17T19:01:21.456,35.786462,-115.594797,11100,-110.00000,-122.00000,0,ADSB
2022-07-17T19:01:22.503,35.785861,-115.595462,11100,-110.00000,-122.00000,0,ADSB
2022-07-17T19:01:23.581,35.785303,-115.596020,11100,-110.00000,-122.00000,0,ADSB
2022-07-17T19:01:24.003,35.784981,-115.596428,11100,-110.00000,-122.00000,0,ADSB
2022-07-17T19:01:24.518,35.784767,-115.596664,11100,-110.00000,-122.00000,0,ADSB
2022-07-17T19:01:25.486,35.784166,-115.597286,11100,-110.00000,-123.00000,0,ADSB
2022-07-17T19:01:26.487,35.783587,-115.597908,11100,-110.00000,-123.00000,0,ADSB
2022-07-17T19:01:27.346,35.783114,-115.598488,11100,-110.00000,-123.00000,0,ADSB
2022-07-17T19:01:27.893,35.782835,-115.598788,11100,-110.00000,-123.00000,0,ADSB
2022-07-17T19:01:28.331,35.782514,-115.599110,11100,-110.00000,-123.00000,0,ADSB
2022-07-17T19:01:28.831,35.782256,-115.599411,11100,-110.00000,-123.00000,64,ADSB
2022-07-17T19:01:29.377,35.781977,-115.599754,11100,-110.00000,-123.00000,0,ADSB
2022-07-17T19:01:29.971,35.781698,-115.600033,11100,-110.00000,-123.00000,64,ADSB
2022-07-17T19:01:30.486,35.781333,-115.600441,11100,-110.00000,-123.00000,64,ADSB
2022-07-17T19:01:31.409,35.780797,-115.600998,11100,-110.00000,-123.00000,0,ADSB
2022-07-17T19:01:32.394,35.780239,-115.601599,11100,-110.00000,-123.00000,0,ADSB
2022-07-17T19:01:33.175,35.779853,-115.602028,11100,-109.00000,-124.00000,0,ADSB
2022-07-17T19:01:33.566,35.779531,-115.602372,11100,-109.00000,-124.00000,0,ADSB
2022-07-17T19:01:34.455,35.779016,-115.602930,11100,-109.00000,-124.00000,0,ADSB
2022-07-17T19:01:35.534,35.778480,-115.603530,11100,-109.00000,-124.00000,64,ADSB
2022-07-17T19:01:36.614,35.777814,-115.604217,11100,-109.00000,-124.00000,0,ADSB
2022-07-17T19:01:37.176,35.777557,-115.604517,11100,-109.00000,-124.00000,64,ADSB
2022-07-17T19:01:37.770,35.777171,-115.604990,11100,-109.00000,-124.00000,0,ADSB
2022-07-17T19:01:38.692,35.776613,-115.605526,11100,-109.00000,-124.00000,0,ADSB
2022-07-17T19:01:39.548,35.776162,-115.606041,11100,-109.00000,-124.00000,0,ADSB
2022-07-17T19:01:40.001,35.775840,-115.606384,11100,-110.00000,-124.00000,-64,ADSB
2022-07-17T19:01:40.517,35.775583,-115.606620,11100,-110.00000,-124.00000,0,ADSB
2022-07-17T19:01:41.456,35.775025,-115.607264,11100,-110.00000,-124.00000,0,ADSB
2022-07-17T19:01:42.581,35.774360,-115.607929,11100,-110.00000,-124.00000,0,ADSB
2022-07-17T19:01:43.518,35.773866,-115.608487,11100,-110.00000,-124.00000,0,ADSB
2022-07-17T19:01:44.018,35.773544,-115.608895,11100,-110.00000,-124.00000,0,ADSB
2022-07-17T19:01:44.549,35.773265,-115.609131,11100,-110.00000,-124.00000,0,ADSB
2022-07-17T19:01:45.080,35.772965,-115.609517,11100,-110.00000,-125.00000,-64,ADSB
2022-07-17T19:01:45.674,35.772643,-115.609839,11100,-110.00000,-125.00000,0,ADSB
2022-07-17T19:01:46.523,35.772128,-115.610397,11100,-110.00000,-125.00000,0,ADSB
2022-07-17T19:01:47.460,35.771635,-115.610933,11100,-110.00000,-125.00000,0,ADSB
2022-07-17T19:01:48.132,35.771227,-115.611384,11100,-110.00000,-125.00000,64,ADSB
2022-07-17T19:01:48.632,35.770926,-115.611706,11100,-110.00000,-125.00000,0,ADSB
2022-07-17T19:01:49.564,35.770411,-115.612242,11100,-110.00000,-125.00000,0,ADSB
2022-07-17T19:01:50.533,35.769832,-115.612907,11100,-110.00000,-125.00000,0,ADSB
2022-07-17T19:01:51.581,35.769231,-115.613487,11100,-110.00000,-125.00000,0,ADSB
2022-07-17T19:01:52.550,35.768652,-115.614109,11100,-110.00000,-125.00000,0,ADSB
2022-07-17T19:01:53.144,35.768330,-115.614495,11100,-110.00000,-125.00000,0,ADSB
2022-07-17T19:01:53.441,35.768094,-115.614731,11100,-110.00000,-125.00000,0,ADSB
2022-07-17T19:01:54.549,35.767493,-115.615375,11100,-110.00000,-125.00000,0,ADSB
2022-07-17T19:01:55.502,35.766957,-115.615997,11100,-110.00000,-125.00000,0,ADSB
2022-07-17T19:01:56.863,35.766141,-115.616877,11100,-110.00000,-125.00000,64,ADSB
2022-07-17T19:01:57.410,35.765798,-115.617242,11100,-110.00000,-125.00000,0,ADSB
2022-07-17T19:01:57.863,35.765519,-115.617478,11100,-110.00000,-125.00000,0,ADSB
2022-07-17T19:01:58.801,35.765004,-115.618079,11100,-110.00000,-125.00000,0,ADSB
2022-07-17T19:01:59.486,35.764639,-115.618508,11100,-110.00000,-125.00000,0,ADSB
2022-07-17T19:02:00.752,35.763845,-115.619302,11100,-110.00000,-125.00000,0,ADSB
2022-07-17T19:02:01.566,35.763481,-115.619752,11100,-110.00000,-125.00000,0,ADSB
2022-07-17T19:02:02.769,35.762687,-115.620589,11100,-110.00000,-125.00000,0,ADSB
2022-07-17T19:02:03.644,35.762193,-115.621147,11100,-110.00000,-125.00000,64,ADSB
2022-07-17T19:02:04.705,35.761614,-115.621769,11100,-110.00000,-125.00000,0,ADSB
2022-07-17T19:02:05.832,35.760927,-115.622520,11100,-110.00000,-125.00000,0,ADSB
2022-07-17T19:02:06.895,35.760348,-115.623143,11100,-110.00000,-125.00000,0,ADSB
2022-07-17T19:02:08.036,35.759640,-115.623894,11100,-110.00000,-125.00000,-64,ADSB
2022-07-17T19:02:09.067,35.759060,-115.624516,11100,-110.00000,-125.00000,-64,ADSB
2022-07-17T19:02:10.080,35.758481,-115.625160,11100,-110.00000,-125.00000,0,ADSB
2022-07-17T19:02:10.596,35.758138,-115.625525,11100,-110.00000,-125.00000,0,ADSB
2022-07-17T19:02:11.237,35.757837,-115.625846,11100,-110.00000,-125.00000,0,ADSB
2022-07-17T19:02:11.690,35.757558,-115.626147,11100,-111.00000,-126.00000,0,ADSB
2022-07-17T19:02:12.222,35.757258,-115.626469,11100,-111.00000,-126.00000,0,ADSB
2022-07-17T19:02:12.925,35.756850,-115.626919,11100,-111.00000,-126.00000,0,ADSB
2022-07-17T19:02:13.300,35.756614,-115.627155,11100,-111.00000,-126.00000,0,ADSB
2022-07-17T19:02:14.275,35.756035,-115.627778,11100,-111.00000,-126.00000,0,ADSB
2022-07-17T19:02:15.065,35.755584,-115.628293,11100,-111.00000,-126.00000,0,ADSB
2022-07-17T19:02:15.830,35.755112,-115.628786,11100,-111.00000,-125.00000,0,ADSB
2022-07-17T19:02:16.284,35.754919,-115.629001,11100,-111.00000,-126.00000,0,ADSB
2022-07-17T19:02:17.050,35.754426,-115.629559,11100,-111.00000,-126.00000,-64,ADSB
2022-07-17T19:02:18.113,35.753825,-115.630181,11100,-111.00000,-125.00000,-64,ADSB
2022-07-17T19:02:19.082,35.753245,-115.630803,11100,-111.00000,-125.00000,0,ADSB
2022-07-17T19:02:19.440,35.753052,-115.630996,11100,-111.00000,-125.00000,0,ADSB
2022-07-17T19:02:20.518,35.752451,-115.631683,11100,-111.00000,-125.00000,0,ADSB
2022-07-17T19:02:21.113,35.752087,-115.632069,11100,-111.00000,-125.00000,0,ADSB
2022-07-17T19:02:21.425,35.751829,-115.632327,11100,-111.00000,-125.00000,64,ADSB
2022-07-17T19:02:22.441,35.751271,-115.632970,11100,-111.00000,-125.00000,0,ADSB
2022-07-17T19:02:23.504,35.750670,-115.633550,11100,-111.00000,-125.00000,0,ADSB
2022-07-17T19:02:24.082,35.750349,-115.633957,11100,-111.00000,-125.00000,0,ADSB
2022-07-17T19:02:25.392,35.749555,-115.634794,11100,-111.00000,-126.00000,0,ADSB
2022-07-17T19:02:26.440,35.748997,-115.635438,11100,-111.00000,-126.00000,0,ADSB
2022-07-17T19:02:27.487,35.748353,-115.636125,11100,-111.00000,-126.00000,0,ADSB
2022-07-17T19:02:28.409,35.747795,-115.636704,11100,-111.00000,-126.00000,0,ADSB
2022-07-17T19:02:29.502,35.747173,-115.637348,11100,-111.00000,-126.00000,0,ADSB
2022-07-17T19:02:30.393,35.746679,-115.637949,11100,-111.00000,-126.00000,0,ADSB
2022-07-17T19:02:31.034,35.746272,-115.638356,11100,-111.00000,-126.00000,0,ADSB
2022-07-17T19:02:32.207,35.745692,-115.638978,11100,-111.00000,-126.00000,0,ADSB
2022-07-17T19:02:33.660,35.744941,-115.639794,11100,-111.00000,-126.00000,0,ADSB
2022-07-17T19:02:34.254,35.744512,-115.640244,11100,-111.00000,-126.00000,0,ADSB
2022-07-17T19:02:34.455,35.744255,-115.640502,11100,-111.00000,-126.00000,0,ADSB
2022-07-17T19:02:35.502,35.743697,-115.641146,11100,-111.00000,-126.00000,0,ADSB
2022-07-17T19:02:36.456,35.743182,-115.641682,11100,-111.00000,-125.00000,0,ADSB
2022-07-17T19:02:37.050,35.742774,-115.642133,11100,-111.00000,-125.00000,0,ADSB
2022-07-17T19:02:37.519,35.742538,-115.642390,11100,-111.00000,-125.00000,0,ADSB
2022-07-17T19:02:38.378,35.742023,-115.642970,11100,-111.00000,-125.00000,0,ADSB
2022-07-17T19:02:39.222,35.741615,-115.643377,11100,-110.00000,-125.00000,-64,ADSB
2022-07-17T19:02:39.580,35.741358,-115.643635,11100,-111.00000,-125.00000,0,ADSB
2022-07-17T19:02:40.674,35.740671,-115.644364,11100,-110.00000,-125.00000,0,ADSB
2022-07-17T19:02:41.598,35.740221,-115.644901,11100,-110.00000,-125.00000,0,ADSB
2022-07-17T19:02:42.739,35.739491,-115.645630,11100,-110.00000,-125.00000,0,ADSB
2022-07-17T19:02:43.676,35.738933,-115.646274,11100,-110.00000,-125.00000,0,ADSB
2022-07-17T19:02:44.768,35.738332,-115.646896,11100,-110.00000,-125.00000,0,ADSB
2022-07-17T19:02:45.784,35.737753,-115.647519,11100,-110.00000,-125.00000,0,ADSB
2022-07-17T19:02:46.441,35.737324,-115.648034,11100,-110.00000,-125.00000,0,ADSB
2022-07-17T19:02:47.457,35.736744,-115.648656,11100,-110.00000,-125.00000,0,ADSB
2022-07-17T19:02:49.082,35.735822,-115.649664,11100,-110.00000,-125.00000,0,ADSB
2022-07-17T19:02:50.284,35.735071,-115.650394,11100,-110.00000,-125.00000,0,ADSB
2022-07-17T19:02:50.862,35.734770,-115.650780,11100,-110.00000,-125.00000,-64,ADSB
2022-07-17T19:02:51.488,35.734427,-115.651145,11100,-110.00000,-125.00000,-64,ADSB
2022-07-17T19:02:52.238,35.734019,-115.651617,11100,-110.00000,-125.00000,-64,ADSB
2022-07-17T19:02:52.848,35.733612,-115.652025,11100,-110.00000,-125.00000,0,ADSB
2022-07-17T19:02:53.238,35.733397,-115.652196,11100,-110.00000,-125.00000,0,ADSB
2022-07-17T19:02:54.176,35.732839,-115.652840,11100,-110.00000,-125.00000,64,ADSB
2022-07-17T19:02:54.808,35.732560,-115.653162,11100,-110.00000,-125.00000,0,ADSB
2022-07-17T19:02:55.111,35.732303,-115.653419,11100,-110.00000,-125.00000,0,ADSB
2022-07-17T19:02:56.080,35.731766,-115.654042,11100,-110.00000,-125.00000,64,ADSB
2022-07-17T19:02:57.049,35.731187,-115.654664,11100,-110.00000,-125.00000,64,ADSB
2022-07-17T19:02:57.784,35.730844,-115.655029,11100,-110.00000,-125.00000,64,ADSB
2022-07-17T19:02:58.268,35.730522,-115.655351,11100,-110.00000,-125.00000,64,ADSB
2022-07-17T19:02:58.753,35.730264,-115.655651,11100,-110.00000,-125.00000,0,ADSB
2022-07-17T19:02:59.128,35.730050,-115.655887,11100,-110.00000,-125.00000,0,ADSB
2022-07-17T19:02:59.987,35.729492,-115.656466,11100,-110.00000,-125.00000,-64,ADSB
2022-07-17T19:03:00.550,35.729213,-115.656788,11100,-110.00000,-125.00000,-64,ADSB
2022-07-17T19:03:01.003,35.728891,-115.657110,11100,-110.00000,-125.00000,-64,ADSB
2022-07-17T19:03:01.754,35.728526,-115.657539,11100,-110.00000,-125.00000,-64,ADSB
2022-07-17T19:03:02.567,35.728054,-115.658033,11100,-110.00000,-125.00000,0,ADSB
2022-07-17T19:03:03.239,35.727711,-115.658419,11100,-110.00000,-125.00000,-64,ADSB
2022-07-17T19:03:03.583,35.727453,-115.658677,11100,-110.00000,-125.00000,0,ADSB
2022-07-17T19:03:04.611,35.726895,-115.659277,11100,-110.00000,-125.00000,0,ADSB
2022-07-17T19:03:05.877,35.726209,-115.660050,11100,-110.00000,-125.00000,0,ADSB
2022-07-17T19:03:06.878,35.725543,-115.660737,11100,-110.00000,-125.00000,0,ADSB
2022-07-17T19:03:07.894,35.724943,-115.661423,11100,-110.00000,-125.00000,0,ADSB
2022-07-17T19:03:08.910,35.724428,-115.661960,11100,-110.00000,-124.00000,0,ADSB
2022-07-17T19:03:09.768,35.723805,-115.662603,11100,-110.00000,-125.00000,0,ADSB
2022-07-17T19:03:10.706,35.723333,-115.663161,11100,-110.00000,-125.00000,0,ADSB
2022-07-17T19:03:11.691,35.722733,-115.663784,11100,-110.00000,-125.00000,0,ADSB
2022-07-17T19:03:12.550,35.722282,-115.664277,11100,-110.00000,-125.00000,0,ADSB
2022-07-17T19:03:13.722,35.721703,-115.664899,11100,-110.00000,-124.00000,-64,ADSB
2022-07-17T19:03:14.628,35.721016,-115.665650,11100,-110.00000,-124.00000,0,ADSB
2022-07-17T19:03:15.628,35.720458,-115.666230,11100,-110.00000,-124.00000,0,ADSB
2022-07-17T19:03:16.081,35.720222,-115.666530,11100,-110.00000,-124.00000,0,ADSB
2022-07-17T19:03:16.644,35.719857,-115.666916,11100,-110.00000,-124.00000,0,ADSB
2022-07-17T19:03:17.848,35.719213,-115.667624,11100,-110.00000,-124.00000,0,ADSB
2022-07-17T19:03:18.457,35.718827,-115.668032,11100,-110.00000,-124.00000,0,ADSB
2022-07-17T19:03:18.895,35.718591,-115.668268,11100,-110.00000,-124.00000,0,ADSB
2022-07-17T19:03:19.846,35.718033,-115.668848,11100,-110.00000,-124.00000,0,ADSB
2022-07-17T19:03:20.408,35.717669,-115.669277,11100,-110.00000,-124.00000,-64,ADSB
2022-07-17T19:03:21.409,35.717111,-115.669899,11100,-110.00000,-124.00000,0,ADSB
2022-07-17T19:03:22.566,35.716531,-115.670521,11100,-110.00000,-124.00000,0,ADSB
2022-07-17T19:03:23.003,35.716274,-115.670757,11100,-110.00000,-124.00000,0,ADSB
2022-07-17T19:03:23.597,35.715952,-115.671144,11100,-110.00000,-124.00000,0,ADSB
2022-07-17T19:03:23.910,35.715673,-115.671380,11100,-110.00000,-124.00000,0,ADSB
2022-07-17T19:03:24.785,35.715201,-115.671959,11100,-110.00000,-124.00000,0,ADSB
2022-07-17T19:03:25.611,35.714729,-115.672474,11100,-110.00000,-124.00000,0,ADSB
2022-07-17T19:03:26.659,35.714128,-115.673118,11100,-110.00000,-124.00000,0,ADSB
2022-07-17T19:03:27.690,35.713527,-115.673783,11100,-110.00000,-124.00000,0,ADSB
2022-07-17T19:03:28.628,35.712969,-115.674341,11100,-110.00000,-125.00000,0,ADSB
2022-07-17T19:03:29.191,35.712712,-115.674663,11100,-110.00000,-125.00000,0,ADSB
2022-07-17T19:03:29.643,35.712411,-115.674984,11100,-110.00000,-125.00000,0,ADSB
2022-07-17T19:03:30.518,35.711918,-115.675542,11100,-110.00000,-125.00000,-64,ADSB
2022-07-17T19:03:31.831,35.711145,-115.676336,11100,-110.00000,-125.00000,0,ADSB
2022-07-17T19:03:32.691,35.710630,-115.676916,11100,-110.00000,-125.00000,64,ADSB
2022-07-17T19:03:33.910,35.709944,-115.677667,11100,-110.00000,-125.00000,64,ADSB
2022-07-17T19:03:35.080,35.709300,-115.678375,11100,-110.00000,-125.00000,0,ADSB
2022-07-17T19:03:35.909,35.708914,-115.678782,11100,-110.00000,-125.00000,0,ADSB
2022-07-17T19:03:36.472,35.708442,-115.679276,11100,-110.00000,-125.00000,64,ADSB
2022-07-17T19:03:37.097,35.708120,-115.679598,11100,-110.00000,-125.00000,0,ADSB
2022-07-17T19:03:37.816,35.707755,-115.680027,11100,-110.00000,-125.00000,0,ADSB
2022-07-17T19:03:38.113,35.707519,-115.680306,11100,-110.00000,-125.00000,0,ADSB
2022-07-17T19:03:38.972,35.706961,-115.680842,11100,-110.00000,-125.00000,0,ADSB
2022-07-17T19:03:39.784,35.706489,-115.681357,11100,-110.00000,-125.00000,0,ADSB
2022-07-17T19:03:40.503,35.706124,-115.681787,11100,-110.00000,-125.00000,0,ADSB
2022-07-17T19:03:41.566,35.705481,-115.682473,11100,-110.00000,-125.00000,0,ADSB
2022-07-17T19:03:42.723,35.704837,-115.683181,11100,-109.00000,-125.00000,0,ADSB
2022-07-17T19:03:43.738,35.704236,-115.683739,11100,-109.00000,-125.00000,0,ADSB
2022-07-17T19:03:44.722,35.703743,-115.684340,11100,-109.00000,-125.00000,0,ADSB
2022-07-17T19:03:45.597,35.703142,-115.684919,11100,-109.00000,-125.00000,0,ADSB
2022-07-17T19:03:46.003,35.702884,-115.685263,11100,-109.00000,-126.00000,64,ADSB
2022-07-17T19:03:46.616,35.702584,-115.685563,11100,-109.00000,-126.00000,0,ADSB
2022-07-17T19:03:47.648,35.701983,-115.686207,11100,-109.00000,-126.00000,0,ADSB
2022-07-17T19:03:48.679,35.701425,-115.686786,11100,-109.00000,-126.00000,0,ADSB
2022-07-17T19:03:49.611,35.700889,-115.687366,11100,-109.00000,-126.00000,-64,ADSB
2022-07-17T19:03:50.738,35.700159,-115.688095,11100,-109.00000,-126.00000,0,ADSB
2022-07-17T19:03:51.770,35.699558,-115.688782,11100,-109.00000,-126.00000,0,ADSB
2022-07-17T19:03:52.786,35.698957,-115.689425,11100,-109.00000,-126.00000,0,ADSB
2022-07-17T19:03:53.661,35.698442,-115.689962,11100,-109.00000,-126.00000,0,ADSB
2022-07-17T19:03:54.892,35.697734,-115.690734,11100,-109.00000,-126.00000,0,ADSB
2022-07-17T19:03:55.908,35.697241,-115.691292,11100,-109.00000,-126.00000,0,ADSB
2022-07-17T19:03:56.862,35.696619,-115.691872,11100,-109.00000,-126.00000,0,ADSB
2022-07-17T19:03:57.800,35.696061,-115.692515,11100,-109.00000,-126.00000,0,ADSB
2022-07-17T19:03:58.659,35.695546,-115.693073,11100,-109.00000,-126.00000,-64,ADSB
2022-07-17T19:03:59.533,35.695074,-115.693545,11100,-109.00000,-126.00000,-128,ADSB
2022-07-17T19:04:00.643,35.694430,-115.694211,11100,-109.00000,-125.00000,-64,ADSB
2022-07-17T19:04:01.597,35.693893,-115.694790,11100,-109.00000,-125.00000,-64,ADSB
2022-07-17T19:04:02.441,35.693378,-115.695391,11100,-109.00000,-125.00000,-64,ADSB
2022-07-17T19:04:03.457,35.692821,-115.695970,11100,-109.00000,-125.00000,0,ADSB
2022-07-17T19:04:04.019,35.692413,-115.696421,11100,-109.00000,-125.00000,-64,ADSB
2022-07-17T19:04:04.690,35.692048,-115.696785,11100,-109.00000,-125.00000,-64,ADSB
2022-07-17T19:04:05.690,35.691512,-115.697365,11100,-109.00000,-125.00000,0,ADSB
2022-07-17T19:04:06.707,35.690954,-115.697966,11100,-109.00000,-125.00000,0,ADSB
2022-07-17T19:04:07.097,35.690653,-115.698287,11100,-109.00000,-125.00000,-64,ADSB
2022-07-17T19:04:07.629,35.690353,-115.698609,11100,-109.00000,-125.00000,0,ADSB
2022-07-17T19:04:08.504,35.689816,-115.699146,11100,-109.00000,-125.00000,0,ADSB
2022-07-17T19:04:09.238,35.689495,-115.699511,11075,-109.00000,-125.00000,-64,ADSB
2022-07-17T19:04:09.503,35.689280,-115.699768,11100,-109.00000,-125.00000,0,ADSB
2022-07-17T19:04:10.362,35.688915,-115.700133,11075,-109.00000,-125.00000,0,ADSB
2022-07-17T19:04:11.176,35.688336,-115.700755,11075,-109.00000,-125.00000,0,ADSB
2022-07-17T19:04:12.474,35.687542,-115.701635,11100,-109.00000,-125.00000,0,ADSB
2022-07-17T19:04:13.521,35.686941,-115.702279,11100,-109.00000,-125.00000,0,ADSB
2022-07-17T19:04:14.440,35.686340,-115.702858,11100,-110.00000,-125.00000,0,ADSB
2022-07-17T19:04:15.424,35.685847,-115.703437,11100,-110.00000,-125.00000,0,ADSB
2022-07-17T19:04:16.441,35.685267,-115.704103,11100,-110.00000,-125.00000,0,ADSB
2022-07-17T19:04:17.472,35.684645,-115.704746,11100,-110.00000,-125.00000,0,ADSB
2022-07-17T19:04:18.082,35.684302,-115.705111,11100,-110.00000,-125.00000,0,ADSB
2022-07-17T19:04:18.597,35.684044,-115.705369,11100,-110.00000,-125.00000,0,ADSB
2022-07-17T19:04:19.643,35.683401,-115.706077,11100,-110.00000,-125.00000,0,ADSB
2022-07-17T19:04:20.832,35.682800,-115.706742,11100,-110.00000,-125.00000,0,ADSB
2022-07-17T19:04:21.755,35.682220,-115.707386,11100,-110.00000,-124.00000,0,ADSB
2022-07-17T19:04:22.692,35.681620,-115.708008,11100,-110.00000,-125.00000,0,ADSB
2022-07-17T19:04:23.677,35.681126,-115.708544,11100,-110.00000,-125.00000,0,ADSB
2022-07-17T19:04:24.550,35.680568,-115.709102,11100,-110.00000,-125.00000,0,ADSB
2022-07-17T19:04:25.549,35.680010,-115.709767,11100,-110.00000,-124.00000,0,ADSB
2022-07-17T19:04:26.613,35.679367,-115.710411,11100,-110.00000,-124.00000,0,ADSB
2022-07-17T19:04:27.613,35.678809,-115.711055,11100,-110.00000,-124.00000,0,ADSB
2022-07-17T19:04:28.613,35.678144,-115.711741,11100,-110.00000,-124.00000,0,ADSB
2022-07-17T19:04:29.565,35.677629,-115.712278,11100,-110.00000,-124.00000,64,ADSB
2022-07-17T19:04:30.690,35.677028,-115.712965,11100,-110.00000,-124.00000,0,ADSB
2022-07-17T19:04:31.519,35.676577,-115.713480,11100,-110.00000,-124.00000,0,ADSB
2022-07-17T19:04:32.582,35.675912,-115.714209,11100,-110.00000,-124.00000,0,ADSB
2022-07-17T19:04:33.676,35.675268,-115.714874,11100,-110.00000,-125.00000,0,ADSB
2022-07-17T19:04:34.706,35.674753,-115.715432,11100,-110.00000,-124.00000,0,ADSB
2022-07-17T19:04:35.612,35.674238,-115.716012,11100,-110.00000,-125.00000,0,ADSB
2022-07-17T19:04:36.832,35.673594,-115.716655,11100,-110.00000,-125.00000,0,ADSB
2022-07-17T19:04:37.426,35.673079,-115.717235,11100,-110.00000,-124.00000,0,ADSB
2022-07-17T19:04:38.551,35.672479,-115.717900,11100,-110.00000,-124.00000,0,ADSB
2022-07-17T19:04:39.612,35.671921,-115.718479,11100,-110.00000,-124.00000,0,ADSB
2022-07-17T19:04:40.472,35.671363,-115.719101,11100,-110.00000,-125.00000,0,ADSB
2022-07-17T19:04:41.003,35.671020,-115.719488,11100,-110.00000,-125.00000,0,ADSB
2022-07-17T19:04:41.660,35.670698,-115.719810,11100,-110.00000,-125.00000,0,ADSB
2022-07-17T19:04:42.723,35.670140,-115.720453,11100,-110.00000,-125.00000,0,ADSB
2022-07-17T19:04:43.176,35.669882,-115.720754,11100,-110.00000,-125.00000,0,ADSB
2022-07-17T19:04:43.504,35.669625,-115.720990,11100,-110.00000,-125.00000,0,ADSB
2022-07-17T19:04:44.362,35.669303,-115.721376,11100,-110.00000,-125.00000,0,ADSB
2022-07-17T19:04:44.424,35.669067,-115.721633,11100,-110.00000,-125.00000,0,ADSB
2022-07-17T19:04:45.221,35.668724,-115.721998,11100,-110.00000,-125.00000,0,ADSB
2022-07-17T19:04:45.456,35.668466,-115.722277,11100,-110.00000,-125.00000,0,ADSB
2022-07-17T19:04:46.566,35.667844,-115.722942,11100,-110.00000,-125.00000,0,ADSB
2022-07-17T19:04:47.160,35.667565,-115.723243,11100,-110.00000,-125.00000,0,ADSB
2022-07-17T19:04:47.644,35.667264,-115.723543,11100,-110.00000,-125.00000,0,ADSB
2022-07-17T19:04:48.582,35.666707,-115.724208,11100,-110.00000,-125.00000,0,ADSB
2022-07-17T19:04:49.129,35.666406,-115.724509,11100,-110.00000,-125.00000,0,ADSB
2022-07-17T19:04:49.674,35.666063,-115.724874,11100,-110.00000,-125.00000,0,ADSB
2022-07-17T19:04:50.081,35.665827,-115.725110,11100,-110.00000,-125.00000,0,ADSB
2022-07-17T19:04:50.659,35.665483,-115.725496,11100,-110.00000,-125.00000,0,ADSB
2022-07-17T19:04:51.535,35.665011,-115.726032,11100,-110.00000,-125.00000,0,ADSB
2022-07-17T19:04:52.066,35.664668,-115.726376,11100,-110.00000,-125.00000,64,ADSB
2022-07-17T19:04:53.176,35.664089,-115.727019,11100,-110.00000,-125.00000,64,ADSB
2022-07-17T19:04:54.299,35.663316,-115.727813,11100,-110.00000,-125.00000,0,ADSB
2022-07-17T19:04:54.877,35.663037,-115.728135,11100,-110.00000,-125.00000,0,ADSB
2022-07-17T19:04:55.424,35.662737,-115.728457,11100,-110.00000,-125.00000,0,ADSB
2022-07-17T19:04:56.394,35.662179,-115.729101,11100,-110.00000,-125.00000,-64,ADSB
2022-07-17T19:04:57.441,35.661535,-115.729744,11100,-110.00000,-125.00000,0,ADSB
2022-07-17T19:04:58.613,35.660870,-115.730453,11100,-110.00000,-125.00000,0,ADSB
2022-07-17T19:04:59.596,35.660312,-115.731096,11100,-110.00000,-125.00000,-64,ADSB
2022-07-17T19:05:00.628,35.659711,-115.731676,11100,-110.00000,-125.00000,0,ADSB
2022-07-17T19:05:01.707,35.659111,-115.732384,11100,-110.00000,-125.00000,0,ADSB
2022-07-17T19:05:02.582,35.658553,-115.732963,11100,-110.00000,-125.00000,0,ADSB
2022-07-17T19:05:03.098,35.658274,-115.733242,11100,-110.00000,-125.00000,0,ADSB
2022-07-17T19:05:04.020,35.657694,-115.733864,11100,-110.00000,-125.00000,64,ADSB
2022-07-17T19:05:04.862,35.657244,-115.734379,11100,-110.00000,-125.00000,0,ADSB
2022-07-17T19:05:06.034,35.656536,-115.735130,11100,-110.00000,-125.00000,0,ADSB
2022-07-17T19:05:07.035,35.655935,-115.735774,11100,-110.00000,-125.00000,0,ADSB
2022-07-17T19:05:07.879,35.655484,-115.736246,11100,-110.00000,-125.00000,0,ADSB
2022-07-17T19:05:09.036,35.654905,-115.736868,11100,-110.00000,-125.00000,0,ADSB
2022-07-17T19:05:09.941,35.654325,-115.737491,11100,-110.00000,-126.00000,0,ADSB
2022-07-17T19:05:10.691,35.653853,-115.737984,11100,-110.00000,-126.00000,0,ADSB
2022-07-17T19:05:11.144,35.653574,-115.738328,11100,-110.00000,-126.00000,0,ADSB
2022-07-17T19:05:12.317,35.652931,-115.739014,11100,-110.00000,-126.00000,0,ADSB
2022-07-17T19:05:13.473,35.652330,-115.739594,11100,-110.00000,-126.00000,0,ADSB
2022-07-17T19:05:14.283,35.651729,-115.740216,11100,-110.00000,-126.00000,0,ADSB
2022-07-17T19:05:15.143,35.651300,-115.740731,11100,-110.00000,-126.00000,0,ADSB
2022-07-17T19:05:15.846,35.650828,-115.741267,11100,-110.00000,-126.00000,0,ADSB
2022-07-17T19:05:17.051,35.650249,-115.741847,11100,-110.00000,-126.00000,64,ADSB
2022-07-17T19:05:17.519,35.649884,-115.742254,11100,-110.00000,-126.00000,0,ADSB
2022-07-17T19:05:18.332,35.649455,-115.742748,11100,-110.00000,-126.00000,0,ADSB
2022-07-17T19:05:18.957,35.649090,-115.743091,11100,-110.00000,-126.00000,0,ADSB
2022-07-17T19:05:19.296,35.648854,-115.743370,11100,-110.00000,-126.00000,0,ADSB
2022-07-17T19:05:20.270,35.648253,-115.743992,11100,-110.00000,-126.00000,0,ADSB
2022-07-17T19:05:21.020,35.647931,-115.744336,11100,-109.00000,-126.00000,0,ADSB
2022-07-17T19:05:21.380,35.647609,-115.744658,11100,-109.00000,-126.00000,0,ADSB
2022-07-17T19:05:21.865,35.647352,-115.744958,11100,-109.00000,-126.00000,0,ADSB
2022-07-17T19:05:22.474,35.646987,-115.745344,11100,-109.00000,-126.00000,0,ADSB
2022-07-17T19:05:23.115,35.646601,-115.745709,11100,-109.00000,-126.00000,0,ADSB
2022-07-17T19:05:23.677,35.646300,-115.746074,11100,-109.00000,-126.00000,64,ADSB
2022-07-17T19:05:24.146,35.646064,-115.746353,11100,-109.00000,-126.00000,0,ADSB
2022-07-17T19:05:25.129,35.645485,-115.746953,11100,-109.00000,-126.00000,0,ADSB
2022-07-17T19:05:26.144,35.644863,-115.747597,11100,-109.00000,-126.00000,0,ADSB
2022-07-17T19:05:27.067,35.644433,-115.748069,11100,-109.00000,-126.00000,-64,ADSB
2022-07-17T19:05:27.958,35.643854,-115.748692,11100,-109.00000,-126.00000,-64,ADSB
2022-07-17T19:05:28.208,35.643575,-115.748928,11100,-109.00000,-126.00000,-64,ADSB
2022-07-17T19:05:29.114,35.643275,-115.749314,11100,-109.00000,-126.00000,-64,ADSB
2022-07-17T19:05:29.409,35.642953,-115.749614,11100,-109.00000,-126.00000,-64,ADSB
2022-07-17T19:05:30.394,35.642395,-115.750258,11100,-109.00000,-126.00000,0,ADSB
2022-07-17T19:05:31.003,35.642095,-115.750558,11075,-109.00000,-126.00000,0,ADSB
2022-07-17T19:05:31.551,35.641751,-115.750923,11100,-109.00000,-126.00000,0,ADSB
2022-07-17T19:05:32.504,35.641150,-115.751545,11100,-109.00000,-126.00000,0,ADSB
2022-07-17T19:05:33.520,35.640528,-115.752254,11100,-109.00000,-126.00000,0,ADSB
2022-07-17T19:05:34.629,35.639927,-115.752833,11100,-109.00000,-125.00000,0,ADSB
2022-07-17T19:05:35.504,35.639412,-115.753434,11100,-109.00000,-125.00000,0,ADSB
2022-07-17T19:05:36.615,35.638833,-115.754035,11100,-109.00000,-125.00000,0,ADSB
2022-07-17T19:05:37.646,35.638211,-115.754700,11100,-109.00000,-125.00000,0,ADSB
2022-07-17T19:05:38.896,35.637438,-115.755515,11100,-109.00000,-125.00000,0,ADSB
2022-07-17T19:05:40.003,35.636859,-115.756137,11100,-109.00000,-125.00000,0,ADSB
2022-07-17T19:05:40.565,35.636516,-115.756502,11100,-109.00000,-125.00000,0,ADSB
2022-07-17T19:05:41.081,35.636172,-115.756867,11100,-109.00000,-125.00000,0,ADSB
2022-07-17T19:05:41.691,35.635829,-115.757253,11075,-109.00000,-125.00000,-64,ADSB
2022-07-17T19:05:42.801,35.635250,-115.757875,11075,-109.00000,-125.00000,-64,ADSB
2022-07-17T19:05:44.066,35.634434,-115.758755,11075,-109.00000,-125.00000,0,ADSB
2022-07-17T19:05:44.768,35.633962,-115.759249,11075,-109.00000,-125.00000,0,ADSB
2022-07-17T19:05:46.034,35.633318,-115.759957,11100,-109.00000,-125.00000,0,ADSB
2022-07-17T19:05:47.008,35.632718,-115.760536,11100,-109.00000,-125.00000,0,ADSB
2022-07-17T19:05:47.914,35.632203,-115.761137,11100,-109.00000,-125.00000,0,ADSB
2022-07-17T19:05:48.946,35.631645,-115.761716,11100,-109.00000,-125.00000,0,ADSB
2022-07-17T19:05:49.769,35.631173,-115.762210,11100,-109.00000,-125.00000,0,ADSB
2022-07-17T19:05:50.066,35.630958,-115.762489,11100,-109.00000,-125.00000,0,ADSB
2022-07-17T19:05:50.878,35.630486,-115.762961,11100,-109.00000,-125.00000,0,ADSB
2022-07-17T19:05:51.911,35.629907,-115.763583,11100,-109.00000,-125.00000,0,ADSB
2022-07-17T19:05:52.989,35.629327,-115.764205,11100,-109.00000,-125.00000,0,ADSB
2022-07-17T19:05:53.551,35.628984,-115.764570,11100,-109.00000,-125.00000,0,ADSB
2022-07-17T19:05:54.114,35.628619,-115.764935,11100,-109.00000,-125.00000,0,ADSB
2022-07-17T19:05:55.189,35.627954,-115.765622,11100,-109.00000,-125.00000,64,ADSB
2022-07-17T19:05:55.627,35.627697,-115.765944,11100,-109.00000,-125.00000,64,ADSB
2022-07-17T19:05:56.174,35.627396,-115.766265,11100,-109.00000,-125.00000,64,ADSB
2022-07-17T19:05:56.722,35.627117,-115.766566,11100,-110.00000,-125.00000,0,ADSB
2022-07-17T19:05:57.300,35.626731,-115.766952,11100,-110.00000,-125.00000,0,ADSB
2022-07-17T19:05:58.394,35.626109,-115.767617,11100,-110.00000,-125.00000,0,ADSB
2022-07-17T19:05:59.409,35.625551,-115.768261,11100,-110.00000,-125.00000,0,ADSB
2022-07-17T19:06:00.113,35.625165,-115.768669,11100,-110.00000,-125.00000,0,ADSB
2022-07-17T19:06:01.253,35.624585,-115.769291,11100,-110.00000,-125.00000,0,ADSB
2022-07-17T19:06:02.067,35.624006,-115.769913,11100,-110.00000,-125.00000,-64,ADSB
2022-07-17T19:06:03.223,35.623362,-115.770600,11100,-110.00000,-125.00000,0,ADSB
2022-07-17T19:06:03.942,35.622954,-115.771050,11100,-110.00000,-125.00000,0,ADSB
2022-07-17T19:06:04.550,35.622611,-115.771415,11100,-110.00000,-125.00000,64,ADSB
2022-07-17T19:06:05.285,35.622139,-115.771930,11100,-110.00000,-125.00000,0,ADSB
2022-07-17T19:06:06.004,35.621796,-115.772295,11100,-110.00000,-125.00000,0,ADSB
2022-07-17T19:06:06.552,35.621452,-115.772660,11100,-110.00000,-125.00000,64,ADSB
2022-07-17T19:06:07.395,35.620937,-115.773218,11100,-110.00000,-125.00000,0,ADSB
2022-07-17T19:06:08.489,35.620337,-115.773861,11100,-110.00000,-125.00000,0,ADSB
2022-07-17T19:06:08.927,35.620058,-115.774162,11075,-110.00000,-125.00000,-64,ADSB
2022-07-17T19:06:09.393,35.619779,-115.774505,11100,-110.00000,-125.00000,0,ADSB
2022-07-17T19:06:10.425,35.619113,-115.775149,11100,-110.00000,-125.00000,0,ADSB
2022-07-17T19:06:11.660,35.618513,-115.775857,11100,-110.00000,-125.00000,0,ADSB
2022-07-17T19:06:12.567,35.617912,-115.776501,11100,-110.00000,-125.00000,0,ADSB
2022-07-17T19:06:13.270,35.617633,-115.776801,11075,-110.00000,-125.00000,-64,ADSB
2022-07-17T19:06:13.707,35.617268,-115.777187,11100,-110.00000,-125.00000,0,ADSB
2022-07-17T19:06:14.706,35.616710,-115.777810,11100,-110.00000,-125.00000,0,ADSB
2022-07-17T19:06:15.551,35.616260,-115.778282,11100,-110.00000,-125.00000,0,ADSB
2022-07-17T19:06:16.458,35.615659,-115.778904,11100,-110.00000,-125.00000,0,ADSB
2022-07-17T19:06:17.193,35.615337,-115.779290,11100,-110.00000,-125.00000,64,ADSB
2022-07-17T19:06:18.396,35.614564,-115.780127,11100,-110.00000,-125.00000,0,ADSB
2022-07-17T19:06:19.472,35.613921,-115.780792,11100,-110.00000,-125.00000,0,ADSB
2022-07-17T19:06:20.097,35.613599,-115.781178,11100,-110.00000,-125.00000,-64,ADSB
2022-07-17T19:06:20.519,35.613320,-115.781415,11100,-110.00000,-125.00000,0,ADSB
2022-07-17T19:06:21.583,35.612698,-115.782101,11100,-110.00000,-125.00000,0,ADSB
2022-07-17T19:06:22.192,35.612440,-115.782423,11100,-111.00000,-125.00000,0,ADSB
2022-07-17T19:06:22.458,35.612183,-115.782681,11100,-111.00000,-125.00000,0,ADSB
2022-07-17T19:06:23.067,35.611861,-115.783045,11100,-110.00000,-125.00000,0,ADSB
2022-07-17T19:06:23.536,35.611582,-115.783303,11100,-110.00000,-125.00000,0,ADSB
2022-07-17T19:06:24.487,35.611045,-115.783947,11100,-110.00000,-125.00000,0,ADSB
2022-07-17T19:06:25.533,35.610445,-115.784569,11100,-110.00000,-125.00000,0,ADSB
2022-07-17T19:06:26.535,35.609844,-115.785191,11100,-110.00000,-125.00000,0,ADSB
2022-07-17T19:06:27.550,35.609307,-115.785835,11100,-110.00000,-125.00000,0,ADSB
2022-07-17T19:06:28.597,35.608728,-115.786436,11100,-111.00000,-125.00000,0,ADSB
2022-07-17T19:06:29.566,35.608149,-115.787058,11100,-111.00000,-125.00000,0,ADSB
2022-07-17T19:06:30.457,35.607569,-115.787723,11100,-111.00000,-125.00000,0,ADSB
2022-07-17T19:06:31.411,35.606990,-115.788324,11100,-111.00000,-125.00000,64,ADSB
2022-07-17T19:06:32.630,35.606325,-115.789011,11100,-111.00000,-125.00000,0,ADSB
2022-07-17T19:06:33.567,35.605767,-115.789654,11100,-111.00000,-125.00000,0,ADSB
2022-07-17T19:06:34.487,35.605230,-115.790234,11100,-111.00000,-126.00000,0,ADSB
2022-07-17T19:06:35.503,35.604587,-115.790942,11100,-111.00000,-126.00000,0,ADSB
2022-07-17T19:06:36.599,35.604072,-115.791500,11100,-111.00000,-126.00000,0,ADSB
2022-07-17T19:06:37.646,35.603492,-115.792100,11100,-111.00000,-126.00000,0,ADSB
2022-07-17T19:06:38.661,35.602827,-115.792809,11100,-111.00000,-126.00000,0,ADSB
2022-07-17T19:06:39.534,35.602334,-115.793345,11100,-111.00000,-126.00000,0,ADSB
2022-07-17T19:06:40.659,35.601668,-115.794032,11100,-111.00000,-126.00000,0,ADSB
2022-07-17T19:06:41.066,35.601389,-115.794353,11100,-111.00000,-126.00000,0,ADSB
2022-07-17T19:06:41.801,35.601110,-115.794675,11100,-111.00000,-126.00000,0,ADSB
2022-07-17T19:06:42.770,35.600488,-115.795319,11100,-111.00000,-126.00000,0,ADSB
2022-07-17T19:06:43.161,35.600231,-115.795619,11075,-111.00000,-126.00000,0,ADSB
2022-07-17T19:06:43.786,35.599866,-115.796006,11075,-111.00000,-126.00000,0,ADSB
2022-07-17T19:06:44.083,35.599630,-115.796242,11100,-111.00000,-126.00000,0,ADSB
2022-07-17T19:06:44.972,35.599158,-115.796757,11075,-111.00000,-126.00000,0,ADSB
2022-07-17T19:06:45.707,35.598707,-115.797250,11075,-111.00000,-126.00000,0,ADSB
2022-07-17T19:06:46.160,35.598450,-115.797508,11100,-111.00000,-126.00000,0,ADSB
2022-07-17T19:06:46.833,35.598106,-115.797894,11075,-111.00000,-126.00000,0,ADSB
2022-07-17T19:06:47.145,35.597849,-115.798130,11100,-111.00000,-126.00000,0,ADSB
2022-07-17T19:06:47.786,35.597420,-115.798645,11100,-111.00000,-126.00000,0,ADSB
2022-07-17T19:06:48.505,35.597055,-115.799031,11100,-111.00000,-126.00000,0,ADSB
2022-07-17T19:06:49.224,35.596626,-115.799460,11100,-111.00000,-126.00000,0,ADSB
2022-07-17T19:06:49.894,35.596240,-115.799911,11100,-111.00000,-126.00000,0,ADSB
2022-07-17T19:06:51.160,35.595510,-115.800705,11100,-111.00000,-126.00000,0,ADSB
2022-07-17T19:06:51.989,35.594995,-115.801284,11100,-112.00000,-126.00000,0,ADSB
2022-07-17T19:06:53.146,35.594330,-115.801971,11100,-112.00000,-126.00000,0,ADSB
2022-07-17T19:06:54.161,35.593708,-115.802615,11100,-112.00000,-126.00000,0,ADSB
2022-07-17T19:06:54.722,35.593429,-115.802958,11100,-112.00000,-126.00000,0,ADSB
2022-07-17T19:06:55.159,35.593107,-115.803258,11100,-112.00000,-126.00000,0,ADSB
2022-07-17T19:06:55.940,35.592721,-115.803709,11100,-112.00000,-126.00000,0,ADSB
2022-07-17T19:06:57.129,35.592034,-115.804460,11100,-112.00000,-126.00000,0,ADSB
2022-07-17T19:06:57.691,35.591669,-115.804846,11100,-112.00000,-126.00000,-64,ADSB
2022-07-17T19:06:58.144,35.591390,-115.805104,11100,-112.00000,-126.00000,0,ADSB
2022-07-17T19:06:58.941,35.590961,-115.805619,11100,-112.00000,-126.00000,0,ADSB
2022-07-17T19:07:00.051,35.590274,-115.806370,11100,-112.00000,-126.00000,0,ADSB
2022-07-17T19:07:14.629,35.581734,-115.815661,11075,-112.00000,-126.00000,0,ADSB
2022-07-17T19:07:15.238,35.581412,-115.816004,11100,-112.00000,-126.00000,0,ADSB
2022-07-17T19:07:16.113,35.580919,-115.816541,11075,-112.00000,-126.00000,0,ADSB
2022-07-17T19:07:16.755,35.580575,-115.816927,11100,-112.00000,-126.00000,0,ADSB
2022-07-17T19:07:18.021,35.579760,-115.817828,11100,-112.00000,-126.00000,0,ADSB
2022-07-17T19:07:18.677,35.579352,-115.818214,11100,-112.00000,-126.00000,0,ADSB
2022-07-17T19:07:19.519,35.578923,-115.818708,11100,-112.00000,-126.00000,64,ADSB
2022-07-17T19:07:20.550,35.578344,-115.819330,11100,-112.00000,-126.00000,0,ADSB
2022-07-17T19:07:21.520,35.577765,-115.819995,11100,-112.00000,-126.00000,0,ADSB
2022-07-17T19:07:22.662,35.577078,-115.820682,11100,-112.00000,-126.00000,0,ADSB
2022-07-17T19:07:23.412,35.576584,-115.821240,11100,-112.00000,-126.00000,0,ADSB
2022-07-17T19:07:24.456,35.575984,-115.821884,11100,-112.00000,-126.00000,0,ADSB
2022-07-17T19:07:25.643,35.575404,-115.822549,11100,-112.00000,-126.00000,0,ADSB
2022-07-17T19:07:26.519,35.574889,-115.823064,11100,-112.00000,-126.00000,0,ADSB
2022-07-17T19:07:26.816,35.574610,-115.823407,11075,-112.00000,-126.00000,-64,ADSB
2022-07-17T19:07:27.504,35.574224,-115.823772,11100,-112.00000,-126.00000,0,ADSB
2022-07-17T19:07:28.035,35.573902,-115.824158,11100,-112.00000,-126.00000,0,ADSB
2022-07-17T19:07:29.020,35.573430,-115.824673,11100,-112.00000,-126.00000,64,ADSB
2022-07-17T19:07:29.581,35.573022,-115.825124,11100,-112.00000,-126.00000,0,ADSB
2022-07-17T19:07:30.597,35.572422,-115.825768,11100,-111.00000,-126.00000,0,ADSB
2022-07-17T19:07:31.723,35.571756,-115.826454,11100,-111.00000,-126.00000,0,ADSB
2022-07-17T19:07:32.629,35.571220,-115.827076,11075,-111.00000,-126.00000,0,ADSB
2022-07-17T19:07:33.989,35.570512,-115.827827,11075,-111.00000,-126.00000,0,ADSB
2022-07-17T19:07:34.738,35.570040,-115.828321,11075,-111.00000,-126.00000,0,ADSB
2022-07-17T19:07:35.175,35.569718,-115.828621,11100,-111.00000,-126.00000,0,ADSB
2022-07-17T19:07:36.050,35.569224,-115.829201,11100,-111.00000,-126.00000,0,ADSB
2022-07-17T19:07:37.192,35.568645,-115.829844,11100,-111.00000,-126.00000,0,ADSB
2022-07-17T19:07:38.473,35.567873,-115.830660,11100,-111.00000,-126.00000,0,ADSB
2022-07-17T19:07:39.394,35.567315,-115.831304,11100,-111.00000,-126.00000,0,ADSB
2022-07-17T19:07:40.441,35.566692,-115.831904,11100,-111.00000,-126.00000,0,ADSB
2022-07-17T19:07:41.379,35.566092,-115.832548,11100,-111.00000,-126.00000,0,ADSB
2022-07-17T19:07:42.427,35.565534,-115.833192,11100,-111.00000,-126.00000,0,ADSB
2022-07-17T19:07:43.475,35.564911,-115.833857,11075,-111.00000,-126.00000,-64,ADSB
2022-07-17T19:07:44.551,35.564332,-115.834479,11075,-111.00000,-126.00000,-64,ADSB
2022-07-17T19:07:45.520,35.563710,-115.835102,11100,-111.00000,-126.00000,0,ADSB
2022-07-17T19:07:46.650,35.563045,-115.835853,11075,-111.00000,-126.00000,0,ADSB
2022-07-17T19:07:47.322,35.562787,-115.836132,11100,-111.00000,-126.00000,-64,ADSB
2022-07-17T19:07:47.712,35.562465,-115.836496,11075,-111.00000,-125.00000,-64,ADSB
2022-07-17T19:07:48.728,35.561886,-115.837119,11075,-110.00000,-126.00000,-64,ADSB
2022-07-17T19:07:49.941,35.561178,-115.837870,11075,-110.00000,-126.00000,64,ADSB
2022-07-17T19:07:50.753,35.560706,-115.838363,11075,-110.00000,-126.00000,0,ADSB
2022-07-17T19:07:51.128,35.560448,-115.838642,11100,-110.00000,-126.00000,0,ADSB
2022-07-17T19:07:52.114,35.559912,-115.839264,11100,-110.00000,-126.00000,0,ADSB
2022-07-17T19:07:53.239,35.559311,-115.839865,11075,-110.00000,-125.00000,0,ADSB
2022-07-17T19:07:53.661,35.559011,-115.840187,11100,-110.00000,-125.00000,0,ADSB
2022-07-17T19:07:54.394,35.558496,-115.840724,11075,-110.00000,-125.00000,0,ADSB
2022-07-17T19:07:55.612,35.557852,-115.841432,11100,-110.00000,-125.00000,0,ADSB
2022-07-17T19:07:56.394,35.557466,-115.841861,11075,-110.00000,-125.00000,64,ADSB
2022-07-17T19:07:56.738,35.557208,-115.842140,11100,-110.00000,-125.00000,0,ADSB
2022-07-17T19:07:57.582,35.556757,-115.842590,11075,-110.00000,-125.00000,64,ADSB
2022-07-17T19:07:58.645,35.556135,-115.843298,11100,-110.00000,-125.00000,0,ADSB
2022-07-17T19:07:59.550,35.555599,-115.843856,11075,-110.00000,-125.00000,0,ADSB
2022-07-17T19:08:00.535,35.554998,-115.844479,11100,-110.00000,-125.00000,0,ADSB
2022-07-17T19:08:01.473,35.554504,-115.845058,11100,-110.00000,-125.00000,-64,ADSB
2022-07-17T19:08:02.395,35.553904,-115.845637,11100,-110.00000,-125.00000,0,ADSB
2022-07-17T19:08:03.458,35.553346,-115.846281,11100,-110.00000,-125.00000,0,ADSB
2022-07-17T19:08:04.504,35.552723,-115.846946,11100,-109.00000,-125.00000,64,ADSB
2022-07-17T19:08:05.129,35.552359,-115.847332,11100,-109.00000,-125.00000,0,ADSB
2022-07-17T19:08:05.644,35.552123,-115.847569,11100,-109.00000,-125.00000,0,ADSB
2022-07-17T19:08:06.176,35.551801,-115.847955,11100,-110.00000,-125.00000,0,ADSB
2022-07-17T19:08:06.974,35.551329,-115.848448,11100,-110.00000,-125.00000,-64,ADSB
2022-07-17T19:08:07.567,35.550985,-115.848813,11100,-110.00000,-125.00000,0,ADSB
2022-07-17T19:08:08.755,35.550342,-115.849521,11100,-110.00000,-125.00000,0,ADSB
2022-07-17T19:08:09.285,35.550063,-115.849800,11100,-109.00000,-125.00000,64,ADSB
2022-07-17T19:08:09.660,35.549741,-115.850143,11100,-109.00000,-125.00000,0,ADSB
2022-07-17T19:08:10.707,35.549097,-115.850830,11100,-109.00000,-125.00000,0,ADSB
2022-07-17T19:08:11.458,35.548668,-115.851302,11100,-109.00000,-125.00000,64,ADSB
2022-07-17T19:08:12.521,35.548089,-115.851946,11100,-109.00000,-125.00000,64,ADSB
2022-07-17T19:08:13.474,35.547509,-115.852547,11100,-109.00000,-125.00000,64,ADSB
2022-07-17T19:08:14.037,35.547166,-115.852911,11100,-109.00000,-125.00000,0,ADSB
2022-07-17T19:08:15.394,35.546501,-115.853577,11100,-109.00000,-125.00000,-64,ADSB
2022-07-17T19:08:16.285,35.545943,-115.854220,11100,-109.00000,-125.00000,-64,ADSB
2022-07-17T19:08:17.254,35.545385,-115.854864,11100,-109.00000,-125.00000,-64,ADSB
2022-07-17T19:08:18.411,35.544720,-115.855508,11100,-109.00000,-125.00000,0,ADSB
2022-07-17T19:08:19.394,35.544076,-115.856216,11100,-109.00000,-125.00000,0,ADSB
2022-07-17T19:08:20.222,35.543711,-115.856624,11075,-109.00000,-125.00000,0,ADSB
2022-07-17T19:08:21.332,35.543132,-115.857246,11075,-109.00000,-125.00000,-64,ADSB
2022-07-17T19:08:21.786,35.542789,-115.857611,11075,-109.00000,-125.00000,-64,ADSB
2022-07-17T19:08:22.411,35.542359,-115.858083,11100,-109.00000,-125.00000,0,ADSB
2022-07-17T19:08:23.380,35.541973,-115.858490,11075,-109.00000,-125.00000,0,ADSB
2022-07-17T19:08:24.255,35.541394,-115.859113,11075,-109.00000,-124.00000,0,ADSB
2022-07-17T19:08:24.519,35.541136,-115.859349,11100,-109.00000,-125.00000,0,ADSB
2022-07-17T19:08:25.706,35.540450,-115.860100,11100,-109.00000,-124.00000,0,ADSB
2022-07-17T19:08:26.567,35.540020,-115.860593,11075,-109.00000,-124.00000,0,ADSB
2022-07-17T19:08:27.692,35.539377,-115.861280,11100,-109.00000,-124.00000,0,ADSB
2022-07-17T19:08:28.176,35.539098,-115.861580,11075,-109.00000,-124.00000,0,ADSB
2022-07-17T19:08:28.583,35.538840,-115.861816,11100,-109.00000,-124.00000,0,ADSB
2022-07-17T19:08:29.753,35.538282,-115.862460,11075,-109.00000,-124.00000,0,ADSB
2022-07-17T19:08:30.488,35.537703,-115.863082,11075,-109.00000,-124.00000,0,ADSB
2022-07-17T19:08:31.285,35.537274,-115.863512,11100,-109.00000,-124.00000,0,ADSB
2022-07-17T19:08:31.817,35.537016,-115.863812,11075,-109.00000,-124.00000,64,ADSB
2022-07-17T19:08:32.223,35.536716,-115.864155,11100,-109.00000,-124.00000,0,ADSB
2022-07-17T19:08:33.318,35.536158,-115.864735,11100,-109.00000,-124.00000,0,ADSB
2022-07-17T19:08:34.147,35.535643,-115.865314,11100,-109.00000,-124.00000,0,ADSB
2022-07-17T19:08:35.019,35.535171,-115.865786,11100,-109.00000,-124.00000,64,ADSB
2022-07-17T19:08:35.566,35.534828,-115.866172,11100,-109.00000,-124.00000,0,ADSB
2022-07-17T19:08:36.145,35.534463,-115.866559,11100,-109.00000,-124.00000,0,ADSB
2022-07-17T19:08:36.927,35.534227,-115.866795,11100,-109.00000,-124.00000,0,ADSB
2022-07-17T19:08:37.114,35.533926,-115.867159,11100,-109.00000,-124.00000,0,ADSB
2022-07-17T19:08:37.599,35.533648,-115.867417,11100,-109.00000,-124.00000,0,ADSB
2022-07-17T19:08:39.005,35.532982,-115.868168,11100,-109.00000,-124.00000,0,ADSB
2022-07-17T19:08:39.707,35.532403,-115.868747,11100,-109.00000,-124.00000,0,ADSB
2022-07-17T19:08:40.692,35.531845,-115.869370,11100,-109.00000,-124.00000,0,ADSB
2022-07-17T19:08:41.802,35.531180,-115.870056,11100,-109.00000,-124.00000,64,ADSB
2022-07-17T19:08:42.740,35.530708,-115.870636,11100,-109.00000,-124.00000,64,ADSB
2022-07-17T19:08:43.490,35.530236,-115.871086,11100,-109.00000,-124.00000,-64,ADSB
2022-07-17T19:08:44.753,35.529506,-115.871837,11100,-109.00000,-124.00000,0,ADSB
2022-07-17T19:08:45.816,35.528970,-115.872459,11100,-109.00000,-124.00000,0,ADSB
2022-07-17T19:08:46.676,35.528519,-115.872910,11100,-109.00000,-124.00000,0,ADSB
2022-07-17T19:08:47.473,35.527940,-115.873575,11100,-109.00000,-125.00000,-64,ADSB
2022-07-17T19:08:47.911,35.527682,-115.873833,11100,-109.00000,-125.00000,0,ADSB
2022-07-17T19:08:49.036,35.527017,-115.874562,11100,-109.00000,-125.00000,0,ADSB
2022-07-17T19:08:50.019,35.526545,-115.875056,11100,-110.00000,-125.00000,0,ADSB
2022-07-17T19:08:51.113,35.525858,-115.875807,11100,-110.00000,-125.00000,0,ADSB
2022-07-17T19:08:52.036,35.525386,-115.876300,11100,-110.00000,-125.00000,-64,ADSB
2022-07-17T19:08:52.833,35.524914,-115.876794,11100,-110.00000,-125.00000,-64,ADSB
2022-07-17T19:08:53.646,35.524442,-115.877309,11100,-110.00000,-125.00000,0,ADSB
2022-07-17T19:08:54.613,35.523777,-115.877995,11100,-110.00000,-125.00000,-64,ADSB
2022-07-17T19:08:55.535,35.523262,-115.878532,11100,-110.00000,-125.00000,0,ADSB
2022-07-17T19:08:56.097,35.522940,-115.878918,11100,-110.00000,-126.00000,0,ADSB
2022-07-17T19:08:56.692,35.522597,-115.879304,11100,-110.00000,-126.00000,0,ADSB
2022-07-17T19:08:57.380,35.522146,-115.879755,11100,-110.00000,-126.00000,0,ADSB
2022-07-17T19:08:57.864,35.521889,-115.880055,11100,-110.00000,-126.00000,0,ADSB
2022-07-17T19:08:58.317,35.521631,-115.880291,11100,-110.00000,-126.00000,0,ADSB
2022-07-17T19:08:59.067,35.521309,-115.880678,11100,-110.00000,-126.00000,64,ADSB
2022-07-17T19:08:59.472,35.520988,-115.880978,11100,-110.00000,-126.00000,64,ADSB
2022-07-17T19:09:00.473,35.520408,-115.881622,11100,-110.00000,-126.00000,64,ADSB
2022-07-17T19:09:01.223,35.520022,-115.882051,11100,-110.00000,-126.00000,0,ADSB
2022-07-17T19:09:01.677,35.519679,-115.882416,11100,-111.00000,-126.00000,0,ADSB
2022-07-17T19:09:02.989,35.518949,-115.883210,11100,-111.00000,-127.00000,0,ADSB
2022-07-17T19:09:03.958,35.518370,-115.883789,11100,-111.00000,-127.00000,0,ADSB
2022-07-17T19:09:04.817,35.517790,-115.884433,11100,-111.00000,-127.00000,0,ADSB
2022-07-17T19:09:05.535,35.517426,-115.884819,11100,-111.00000,-127.00000,-64,ADSB
2022-07-17T19:09:06.504,35.516825,-115.885441,11100,-111.00000,-127.00000,0,ADSB
2022-07-17T19:09:07.662,35.516202,-115.886128,11100,-111.00000,-127.00000,0,ADSB
2022-07-17T19:09:08.802,35.515494,-115.886879,11100,-111.00000,-128.00000,0,ADSB
2022-07-17T19:09:09.598,35.515065,-115.887308,11100,-111.00000,-128.00000,0,ADSB
2022-07-17T19:09:10.958,35.514250,-115.888188,11100,-111.00000,-128.00000,0,ADSB
2022-07-17T19:09:11.693,35.513778,-115.888703,11100,-111.00000,-128.00000,64,ADSB
2022-07-17T19:09:12.724,35.513177,-115.889325,11100,-111.00000,-128.00000,64,ADSB
2022-07-17T19:09:13.646,35.512705,-115.889819,11100,-111.00000,-128.00000,0,ADSB
2022-07-17T19:09:14.084,35.512383,-115.890162,11100,-111.00000,-128.00000,0,ADSB
2022-07-17T19:09:14.691,35.511997,-115.890570,11100,-111.00000,-128.00000,-64,ADSB
2022-07-17T19:09:15.848,35.511310,-115.891278,11100,-111.00000,-128.00000,0,ADSB
2022-07-17T19:09:16.724,35.510838,-115.891793,11100,-111.00000,-128.00000,0,ADSB
2022-07-17T19:09:17.630,35.510323,-115.892329,11100,-111.00000,-129.00000,0,ADSB
2022-07-17T19:09:18.818,35.509572,-115.893080,11100,-110.00000,-129.00000,0,ADSB
2022-07-17T19:09:20.582,35.508542,-115.894217,11100,-110.00000,-129.00000,0,ADSB
2022-07-17T19:09:21.552,35.507941,-115.894840,11100,-111.00000,-129.00000,-64,ADSB
2022-07-17T19:09:22.630,35.507340,-115.895462,11100,-111.00000,-129.00000,64,ADSB
2022-07-17T19:09:23.552,35.506740,-115.896084,11100,-111.00000,-128.00000,-64,ADSB
2022-07-17T19:09:24.832,35.506032,-115.896857,11100,-111.00000,-129.00000,64,ADSB
2022-07-17T19:09:25.613,35.505559,-115.897350,11100,-111.00000,-129.00000,64,ADSB
2022-07-17T19:09:25.941,35.505302,-115.897586,11100,-111.00000,-129.00000,0,ADSB
2022-07-17T19:09:27.005,35.504637,-115.898273,11100,-111.00000,-129.00000,0,ADSB
2022-07-17T19:09:27.989,35.504036,-115.898917,11100,-111.00000,-129.00000,0,ADSB
2022-07-17T19:09:28.458,35.503778,-115.899239,11100,-111.00000,-129.00000,0,ADSB
2022-07-17T19:09:29.193,35.503414,-115.899646,11100,-111.00000,-128.00000,0,ADSB
2022-07-17T19:09:29.816,35.503049,-115.899990,11100,-111.00000,-128.00000,-64,ADSB
2022-07-17T19:09:30.270,35.502727,-115.900333,11100,-111.00000,-128.00000,-64,ADSB
2022-07-17T19:09:30.708,35.502470,-115.900612,11100,-111.00000,-128.00000,-64,ADSB
2022-07-17T19:09:31.318,35.502126,-115.900955,11100,-111.00000,-128.00000,0,ADSB
2022-07-17T19:09:31.709,35.501869,-115.901234,11100,-110.00000,-129.00000,0,ADSB
2022-07-17T19:09:32.147,35.501590,-115.901470,11100,-110.00000,-129.00000,0,ADSB
2022-07-17T19:09:32.803,35.501268,-115.901856,11100,-110.00000,-129.00000,0,ADSB
2022-07-17T19:09:33.256,35.500968,-115.902200,11100,-110.00000,-129.00000,0,ADSB
2022-07-17T19:09:33.975,35.500560,-115.902607,11100,-110.00000,-129.00000,64,ADSB
2022-07-17T19:09:35.176,35.499830,-115.903358,11100,-110.00000,-129.00000,64,ADSB
2022-07-17T19:09:36.161,35.499294,-115.903938,11100,-110.00000,-129.00000,64,ADSB
2022-07-17T19:09:37.099,35.498650,-115.904603,11100,-110.00000,-128.00000,0,ADSB
2022-07-17T19:09:38.209,35.498006,-115.905247,11100,-110.00000,-129.00000,0,ADSB
2022-07-17T19:09:38.724,35.497684,-115.905612,11100,-110.00000,-129.00000,-64,ADSB
2022-07-17T19:09:39.332,35.497384,-115.905933,11100,-110.00000,-129.00000,0,ADSB
2022-07-17T19:09:39.988,35.496976,-115.906363,11100,-110.00000,-129.00000,-64,ADSB
2022-07-17T19:09:41.113,35.496376,-115.906963,11100,-110.00000,-129.00000,-64,ADSB
2022-07-17T19:09:41.535,35.496032,-115.907350,11100,-110.00000,-129.00000,0,ADSB
2022-07-17T19:09:42.224,35.495560,-115.907800,11100,-110.00000,-129.00000,-64,ADSB
2022-07-17T19:09:42.708,35.495303,-115.908101,11100,-110.00000,-129.00000,0,ADSB
2022-07-17T19:09:43.693,35.494680,-115.908744,11100,-110.00000,-129.00000,0,ADSB
2022-07-17T19:09:44.832,35.494037,-115.909388,11100,-110.00000,-129.00000,0,ADSB
2022-07-17T19:09:45.879,35.493393,-115.910118,11100,-110.00000,-129.00000,0,ADSB
2022-07-17T19:09:46.930,35.492771,-115.910718,11100,-109.00000,-129.00000,64,ADSB
2022-07-17T19:09:47.743,35.492320,-115.911191,11100,-109.00000,-129.00000,0,ADSB
2022-07-17T19:09:48.758,35.491741,-115.911813,11100,-109.00000,-129.00000,0,ADSB
2022-07-17T19:09:49.040,35.491526,-115.912006,11100,-109.00000,-129.00000,0,ADSB
2022-07-17T19:09:50.129,35.490861,-115.912714,11100,-109.00000,-129.00000,0,ADSB
2022-07-17T19:09:50.848,35.490539,-115.913057,11100,-109.00000,-129.00000,64,ADSB
2022-07-17T19:09:51.678,35.489917,-115.913658,11100,-109.00000,-129.00000,0,ADSB
2022-07-17T19:09:52.694,35.489316,-115.914280,11100,-109.00000,-129.00000,0,ADSB
2022-07-17T19:09:53.788,35.488737,-115.914946,11100,-109.00000,-129.00000,0,ADSB
2022-07-17T19:09:54.566,35.488265,-115.915396,11100,-109.00000,-129.00000,0,ADSB
2022-07-17T19:09:55.691,35.487578,-115.916061,11100,-109.00000,-129.00000,0,ADSB
2022-07-17T19:09:57.020,35.486763,-115.916920,11100,-109.00000,-129.00000,0,ADSB
2022-07-17T19:09:57.629,35.486484,-115.917242,11100,-109.00000,-129.00000,0,ADSB
2022-07-17T19:09:58.020,35.486162,-115.917563,11100,-109.00000,-129.00000,0,ADSB
2022-07-17T19:09:58.708,35.485754,-115.917993,11100,-109.00000,-129.00000,0,ADSB
2022-07-17T19:09:59.973,35.485046,-115.918722,11100,-109.00000,-129.00000,0,ADSB
