time,lat,lon,alt,Vx,Vy,Vz,source
2022-07-17T18:45:00.749,36.204286,-115.191243,2050,4.00000,-7.00000,0,ADSB
2022-07-17T18:45:01.765,36.204264,-115.191200,2050,6.00000,-4.00000,0,ADSB
2022-07-17T18:45:02.812,36.204243,-115.191178,2075,7.00000,-2.00000,0,ADSB
2022-07-17T18:45:03.750,36.204264,-115.191135,2075,6.00000,2.00000,0,ADSB
2022-07-17T18:45:05.529,36.204307,-115.191071,2075,3.00000,4.00000,0,ADSB
2022-07-17T18:45:06.420,36.204329,-115.191114,2075,2.00000,5.00000,0,ADSB
2022-07-17T18:45:08.045,36.204329,-115.191114,2075,1.00000,5.00000,0,ADSB
2022-07-17T18:45:09.108,36.204371,-115.191114,2075,-1.00000,2.00000,0,ADSB
2022-07-17T18:45:10.061,36.204371,-115.191114,2075,0.00000,1.00000,64,ADSB
2022-07-17T18:45:11.140,36.204371,-115.191114,2075,0.00000,0.00000,0,ADSB
2022-07-17T18:45:12.093,36.204350,-115.191135,2075,0.00000,0.00000,0,ADSB
2022-07-17T18:45:13.156,36.204371,-115.191114,2075,0.00000,0.00000,64,ADSB
2022-07-17T18:45:14.156,36.204350,-115.191135,2075,0.00000,0.00000,0,ADSB
2022-07-17T18:45:15.249,36.204371,-115.191114,2075,0.00000,0.00000,0,ADSB
2022-07-17T18:45:16.421,36.204371,-115.191114,2075,0.00000,0.00000,0,ADSB
2022-07-17T18:45:17.561,36.204350,-115.191135,2075,0.00000,0.00000,0,ADSB
2022-07-17T18:45:18.405,36.204371,-115.191114,2075,0.00000,0.00000,0,ADSB
2022-07-17T18:45:20.185,36.204350,-115.191135,2075,0.00000,0.00000,0,ADSB
2022-07-17T18:45:21.139,36.204350,-115.191135,2075,0.00000,0.00000,0,ADSB
2022-07-17T18:45:22.701,36.204371,-115.191114,2075,0.00000,0.00000,0,ADSB
2022-07-17T18:45:23.811,36.204350,-115.191135,2075,0.00000,0.00000,0,ADSB
2022-07-17T18:45:24.497,36.204350,-115.191135,2075,0.00000,0.00000,0,ADSB
2022-07-17T18:45:25.606,36.204371,-115.191114,2075,0.00000,0.00000,0,ADSB
2022-07-17T18:45:26.715,36.204350,-115.191135,2075,0.00000,0.00000,64,ADSB
2022-07-17T18:45:27.794,36.204350,-115.191135,2075,0.00000,0.00000,64,ADSB
2022-07-17T18:45:28.622,36.204371,-115.191114,2075,0.00000,0.00000,0,ADSB
2022-07-17T18:45:29.841,36.204350,-115.191135,2075,0.00000,0.00000,0,ADSB
2022-07-17T18:45:30.733,36.204371,-115.191114,2075,0.00000,0.00000,0,ADSB
2022-07-17T18:45:31.858,36.204350,-115.191135,2075,0.00000,0.00000,0,ADSB
2022-07-17T18:45:32.905,36.204350,-115.191135,2075,0.00000,0.00000,0,ADSB
2022-07-17T18:45:34.434,36.204371,-115.191114,2075,0.00000,0.00000,0,ADSB
2022-07-17T18:45:35.420,36.204350,-115.191135,2075,0.00000,0.00000,0,ADSB
2022-07-17T18:45:36.389,36.204371,-115.191114,2075,0.00000,0.00000,0,ADSB
2022-07-17T18:45:37.826,36.204371,-115.191114,2075,0.00000,0.00000,0,ADSB
2022-07-17T18:45:39.014,36.204350,-115.191135,2075,0.00000,0.00000,0,ADSB
2022-07-17T18:45:40.702,36.204371,-115.191114,2075,0.00000,0.00000,0,ADSB
2022-07-17T18:45:41.561,36.204371,-115.191114,2075,0.00000,0.00000,0,ADSB
2022-07-17T18:45:42.639,36.204350,-115.191135,2075,0.00000,0.00000,0,ADSB
2022-07-17T18:45:43.514,36.204371,-115.191114,2075,0.00000,0.00000,0,ADSB
2022-07-17T18:45:44.607,36.204350,-115.191135,2075,0.00000,0.00000,64,ADSB
2022-07-17T18:45:45.440,36.204371,-115.191114,2075,0.00000,0.00000,0,ADSB
2022-07-17T18:45:46.612,36.204350,-115.191135,2075,0.00000,0.00000,0,ADSB
2022-07-17T18:45:47.753,36.204350,-115.191135,2075,0.00000,0.00000,0,ADSB
2022-07-17T18:45:49.082,36.204371,-115.191114,2075,0.00000,0.00000,0,ADSB
2022-07-17T18:45:49.856,36.204350,-115.191135,2075,0.00000,0.00000,0,ADSB
2022-07-17T18:45:50.717,36.204371,-115.191114,2075,0.00000,0.00000,0,ADSB
2022-07-17T18:45:51.608,36.204371,-115.191114,2075,0.00000,0.00000,0,ADSB
2022-07-17T18:45:52.654,36.204371,-115.191114,2075,0.00000,0.00000,0,ADSB
2022-07-17T18:45:53.858,36.204350,-115.191135,2075,0.00000,0.00000,0,ADSB
2022-07-17T18:45:54.591,36.204350,-115.191135,2075,0.00000,0.00000,0,ADSB
2022-07-17T18:45:55.655,36.204371,-115.191114,2075,0.00000,0.00000,0,ADSB
2022-07-17T18:45:56.437,36.204371,-115.191114,2075,0.00000,0.00000,0,ADSB
2022-07-17T18:45:57.374,36.204350,-115.191135,2075,0.00000,0.00000,0,ADSB
2022-07-17T18:45:58.796,36.204371,-115.191114,2075,0.00000,0.00000,0,ADSB
2022-07-17T18:45:59.700,36.204350,-115.191135,2075,0.00000,0.00000,0,ADSB
2022-07-17T18:46:00.733,36.204371,-115.191114,2075,0.00000,0.00000,0,ADSB
2022-07-17T18:46:01.717,36.204350,-115.191135,2075,0.00000,0.00000,0,ADSB
2022-07-17T18:46:02.983,36.204350,-115.191135,2075,0.00000,0.00000,0,ADSB
2022-07-17T18:46:03.921,36.204371,-115.191114,2075,0.00000,0.00000,0,ADSB
2022-07-17T18:46:05.186,36.204371,-115.191114,2075,0.00000,0.00000,0,ADSB
2022-07-17T18:46:06.155,36.204350,-115.191135,2075,0.00000,0.00000,0,ADSB
2022-07-17T18:46:08.108,36.204350,-115.191135,2075,0.00000,0.00000,0,ADSB
2022-07-17T18:46:09.716,36.204350,-115.191135,2075,0.00000,0.00000,-64,ADSB
2022-07-17T18:46:10.702,36.204350,-115.191135,2075,0.00000,0.00000,0,ADSB
2022-07-17T18:46:11.592,36.204371,-115.191114,2075,0.00000,0.00000,0,ADSB
2022-07-17T18:46:12.717,36.204371,-115.191114,2075,0.00000,0.00000,0,ADSB
2022-07-17T18:46:13.717,36.204350,-115.191135,2075,0.00000,0.00000,0,ADSB
2022-07-17T18:46:14.936,36.204350,-115.191135,2075,0.00000,0.00000,0,ADSB
2022-07-17T18:46:15.921,36.204371,-115.191114,2075,0.00000,0.00000,0,ADSB
2022-07-17T18:46:16.983,36.204350,-115.191135,2075,0.00000,0.00000,0,ADSB
2022-07-17T18:46:17.874,36.204371,-115.191114,2075,0.00000,0.00000,0,ADSB
2022-07-17T18:46:18.952,36.204350,-115.191135,2075,0.00000,0.00000,0,ADSB
2022-07-17T18:46:19.983,36.204371,-115.191114,2075,0.00000,0.00000,0,ADSB
2022-07-17T18:46:20.968,36.204350,-115.191135,2075,0.00000,0.00000,-64,ADSB
2022-07-17T18:46:22.202,36.204350,-115.191135,2075,0.00000,0.00000,0,ADSB
2022-07-17T18:46:23.109,36.204350,-115.191135,2075,0.00000,0.00000,-64,ADSB
2022-07-17T18:46:24.046,36.204371,-115.191114,2075,0.00000,0.00000,0,ADSB
2022-07-17T18:46:25.015,36.204371,-115.191114,2075,0.00000,0.00000,0,ADSB
2022-07-17T18:46:26.437,36.204371,-115.191114,2075,0.00000,0.00000,0,ADSB
2022-07-17T18:46:27.625,36.204371,-115.191114,2075,0.00000,0.00000,0,ADSB
2022-07-17T18:46:29.000,36.204350,-115.191135,2075,0.00000,0.00000,0,ADSB
2022-07-17T18:46:30.218,36.204350,-115.191135,2075,0.00000,0.00000,0,ADSB
2022-07-17T18:46:31.280,36.204371,-115.191114,2075,0.00000,0.00000,0,ADSB
2022-07-17T18:46:32.046,36.204350,-115.191135,2075,0.00000,0.00000,0,ADSB
2022-07-17T18:46:33.124,36.204371,-115.191114,2075,0.00000,0.00000,0,ADSB
2022-07-17T18:46:34.280,36.204350,-115.191135,2075,0.00000,0.00000,0,ADSB
2022-07-17T18:46:35.311,36.204350,-115.191135,2075,0.00000,0.00000,0,ADSB
2022-07-17T18:46:36.248,36.204371,-115.191114,2075,0.00000,0.00000,64,ADSB
2022-07-17T18:46:37.186,36.204371,-115.191114,2075,0.00000,0.00000,0,ADSB
2022-07-17T18:46:38.717,36.204371,-115.191114,2075,0.00000,0.00000,0,ADSB
2022-07-17T18:46:39.716,36.204350,-115.191135,2075,0.00000,0.00000,0,ADSB
2022-07-17T18:46:40.811,36.204371,-115.191114,2075,0.00000,0.00000,0,ADSB
2022-07-17T18:46:41.983,36.204371,-115.191114,2075,0.00000,0.00000,0,ADSB
2022-07-17T18:46:43.671,36.204371,-115.191114,2075,0.00000,0.00000,0,ADSB
2022-07-17T18:46:44.810,36.204371,-115.191114,2075,0.00000,0.00000,0,ADSB
2022-07-17T18:46:45.796,36.204350,-115.191135,2075,0.00000,0.00000,0,ADSB
2022-07-17T18:46:46.608,36.204350,-115.191135,2075,0.00000,0.00000,0,ADSB
2022-07-17T18:46:47.671,36.204371,-115.191114,2075,0.00000,0.00000,0,ADSB
2022-07-17T18:46:48.499,36.204350,-115.191135,2075,0.00000,0.00000,0,ADSB
2022-07-17T18:46:49.591,36.204371,-115.191114,2075,0.00000,0.00000,0,ADSB
2022-07-17T18:46:51.248,36.204371,-115.191114,2075,0.00000,0.00000,0,ADSB
2022-07-17T18:46:52.702,36.204371,-115.191114,2075,0.00000,0.00000,0,ADSB
2022-07-17T18:46:53.780,36.204350,-115.191135,2075,0.00000,0.00000,0,ADSB
2022-07-17T18:46:54.887,36.204350,-115.191135,2075,0.00000,0.00000,0,ADSB
2022-07-17T18:46:56.451,36.204371,-115.191114,2075,0.00000,0.00000,0,ADSB
2022-07-17T18:46:57.420,36.204350,-115.191135,2075,0.00000,0.00000,0,ADSB
2022-07-17T18:46:59.092,36.204371,-115.191114,2075,0.00000,0.00000,0,ADSB
2022-07-17T18:47:00.155,36.204350,-115.191135,2075,0.00000,0.00000,0,ADSB
2022-07-17T18:47:01.312,36.204350,-115.191135,2075,0.00000,0.00000,0,ADSB
2022-07-17T18:47:02.156,36.204350,-115.191135,2075,0.00000,0.00000,0,ADSB
2022-07-17T18:47:03.296,36.204371,-115.191114,2075,0.00000,0.00000,0,ADSB
2022-07-17T18:47:04.287,36.204371,-115.191114,2075,0.00000,0.00000,0,ADSB
2022-07-17T18:47:05.453,36.204371,-115.191114,2075,0.00000,0.00000,0,ADSB
2022-07-17T18:47:06.437,36.204371,-115.191114,2075,0.00000,0.00000,0,ADSB
2022-07-17T18:47:07.515,36.204371,-115.191114,2075,0.00000,0.00000,0,ADSB
2022-07-17T18:47:08.515,36.204350,-115.191135,2075,0.00000,0.00000,0,ADSB
2022-07-17T18:47:09.513,36.204371,-115.191114,2075,0.00000,0.00000,0,ADSB
2022-07-17T18:47:10.827,36.204350,-115.191135,2075,0.00000,0.00000,0,ADSB
2022-07-17T18:47:25.295,36.204371,-115.191114,2075,0.00000,0.00000,0,ADSB
2022-07-17T18:47:26.140,36.204393,-115.191135,2075,0.00000,0.00000,-64,ADSB
2022-07-17T18:47:27.187,36.204371,-115.191114,2075,0.00000,0.00000,0,ADSB
2022-07-17T18:47:28.328,36.204371,-115.191114,2075,0.00000,0.00000,0,ADSB
2022-07-17T18:47:29.872,36.204350,-115.191135,2075,0.00000,0.00000,-64,ADSB
2022-07-17T18:47:30.983,36.204393,-115.191135,2075,0.00000,0.00000,0,ADSB
2022-07-17T18:47:31.952,36.204371,-115.191114,2075,0.00000,0.00000,0,ADSB
2022-07-17T18:47:32.999,36.204393,-115.191135,2075,0.00000,0.00000,0,ADSB
2022-07-17T18:47:33.968,36.204371,-115.191114,2075,0.00000,0.00000,0,ADSB
2022-07-17T18:47:34.999,36.204393,-115.191135,2075,0.00000,0.00000,0,ADSB
2022-07-17T18:47:35.984,36.204371,-115.191114,2075,0.00000,0.00000,-64,ADSB
2022-07-17T18:47:37.109,36.204371,-115.191114,2075,0.00000,0.00000,0,ADSB
2022-07-17T18:47:38.047,36.204393,-115.191135,2075,0.00000,0.00000,0,ADSB
2022-07-17T18:47:39.078,36.204371,-115.191114,2075,0.00000,0.00000,0,ADSB
2022-07-17T18:47:40.155,36.204393,-115.191135,2075,0.00000,0.00000,-64,ADSB
2022-07-17T18:47:41.046,36.204393,-115.191135,2075,0.00000,0.00000,-64,ADSB
2022-07-17T18:47:42.031,36.204371,-115.191114,2075,0.00000,0.00000,0,ADSB
2022-07-17T18:47:43.171,36.204371,-115.191114,2075,0.00000,0.00000,0,ADSB
2022-07-17T18:47:44.140,36.204393,-115.191135,2075,0.00000,0.00000,0,ADSB
2022-07-17T18:47:45.173,36.204393,-115.191135,2075,0.00000,0.00000,0,ADSB
2022-07-17T18:47:46.111,36.204371,-115.191114,2075,0.00000,0.00000,0,ADSB
2022-07-17T18:47:47.095,36.204393,-115.191135,2075,0.00000,0.00000,0,ADSB
2022-07-17T18:47:47.986,36.204371,-115.191114,2075,0.00000,0.00000,0,ADSB
2022-07-17T18:47:49.080,36.204393,-115.191135,2075,0.00000,0.00000,0,ADSB
2022-07-17T18:47:50.436,36.204371,-115.191114,2075,0.00000,0.00000,0,ADSB
2022-07-17T18:47:51.452,36.204393,-115.191135,2075,0.00000,0.00000,0,ADSB
2022-07-17T18:47:52.577,36.204393,-115.191135,2075,0.00000,0.00000,0,ADSB
2022-07-17T18:47:53.421,36.204393,-115.191135,2075,0.00000,0.00000,0,ADSB
2022-07-17T18:47:54.498,36.204393,-115.191135,2075,0.00000,0.00000,64,ADSB
2022-07-17T18:47:56.155,36.204371,-115.191114,2075,0.00000,0.00000,-64,ADSB
2022-07-17T18:47:56.874,36.204393,-115.191135,2075,0.00000,0.00000,0,ADSB
2022-07-17T18:47:58.108,36.204393,-115.191135,2075,0.00000,0.00000,0,ADSB
2022-07-17T18:47:59.341,36.204371,-115.191114,2075,0.00000,0.00000,0,ADSB
2022-07-17T18:48:00.358,36.204393,-115.191135,2075,0.00000,0.00000,0,ADSB
2022-07-17T18:48:01.327,36.204393,-115.191135,2075,0.00000,0.00000,0,ADSB
2022-07-17T18:48:02.405,36.204371,-115.191114,2075,0.00000,0.00000,0,ADSB
2022-07-17T18:48:03.171,36.204371,-115.191114,2075,0.00000,0.00000,0,ADSB
2022-07-17T18:48:04.249,36.204371,-115.191114,2075,0.00000,0.00000,0,ADSB
2022-07-17T18:48:05.312,36.204371,-115.191114,2075,0.00000,0.00000,0,ADSB
2022-07-17T18:48:06.327,36.204371,-115.191114,2075,0.00000,0.00000,0,ADSB
2022-07-17T18:48:07.469,36.204393,-115.191135,2075,0.00000,0.00000,0,ADSB
2022-07-17T18:48:08.625,36.204393,-115.191135,2075,0.00000,0.00000,0,ADSB
2022-07-17T18:48:09.592,36.204371,-115.191114,2075,0.00000,0.00000,0,ADSB
2022-07-17T18:48:10.593,36.204393,-115.191135,2075,0.00000,0.00000,64,ADSB
2022-07-17T18:48:11.390,36.204393,-115.191135,2075,0.00000,0.00000,0,ADSB
2022-07-17T18:48:12.422,36.204371,-115.191114,2075,0.00000,0.00000,0,ADSB
2022-07-17T18:48:13.265,36.204371,-115.191114,2075,0.00000,0.00000,0,ADSB
2022-07-17T18:48:14.326,36.204393,-115.191135,2075,0.00000,0.00000,0,ADSB
2022-07-17T18:48:15.249,36.204393,-115.191135,2075,0.00000,0.00000,0,ADSB
2022-07-17T18:48:16.358,36.204371,-115.191114,2075,0.00000,0.00000,0,ADSB
2022-07-17T18:48:17.171,36.204371,-115.191114,2075,0.00000,0.00000,0,ADSB
2022-07-17T18:48:18.233,36.204393,-115.191135,2075,0.00000,0.00000,0,ADSB
2022-07-17T18:48:19.249,36.204393,-115.191135,2075,0.00000,0.00000,0,ADSB
2022-07-17T18:48:20.061,36.204371,-115.191114,2075,0.00000,0.00000,0,ADSB
2022-07-17T18:48:21.015,36.204393,-115.191135,2075,0.00000,0.00000,0,ADSB
2022-07-17T18:48:22.046,36.204371,-115.191114,2075,0.00000,0.00000,0,ADSB
2022-07-17T18:48:24.203,36.204371,-115.191114,2075,0.00000,0.00000,0,ADSB
2022-07-17T18:48:25.139,36.204393,-115.191135,2075,0.00000,0.00000,0,ADSB
2022-07-17T18:48:26.061,36.204371,-115.191114,2075,0.00000,0.00000,0,ADSB
2022-07-17T18:48:26.921,36.204393,-115.191135,2075,0.00000,0.00000,0,ADSB
2022-07-17T18:48:28.610,36.204393,-115.191135,2075,0.00000,0.00000,0,ADSB
2022-07-17T18:48:29.623,36.204371,-115.191114,2075,0.00000,0.00000,0,ADSB
2022-07-17T18:48:30.640,36.204393,-115.191135,2075,0.00000,0.00000,0,ADSB
2022-07-17T18:48:32.062,36.204371,-115.191114,2075,0.00000,0.00000,0,ADSB
2022-07-17T18:48:32.984,36.204350,-115.191135,2075,0.00000,0.00000,0,ADSB
2022-07-17T18:48:34.234,36.204371,-115.191114,2075,0.00000,0.00000,0,ADSB
2022-07-17T18:48:35.045,36.204350,-115.191135,2075,0.00000,0.00000,0,ADSB
2022-07-17T18:48:36.046,36.204371,-115.191114,2075,0.00000,0.00000,0,ADSB
2022-07-17T18:48:37.046,36.204350,-115.191135,2075,0.00000,0.00000,0,ADSB
2022-07-17T18:48:38.109,36.204371,-115.191114,2075,0.00000,0.00000,0,ADSB
2022-07-17T18:48:39.031,36.204350,-115.191135,2075,0.00000,0.00000,0,ADSB
2022-07-17T18:48:40.091,36.204371,-115.191114,2075,0.00000,0.00000,0,ADSB
2022-07-17T18:48:41.108,36.204350,-115.191135,2075,0.00000,0.00000,0,ADSB
2022-07-17T18:48:42.093,36.204371,-115.191114,2075,0.00000,0.00000,0,ADSB
2022-07-17T18:48:42.952,36.204350,-115.191135,2075,0.00000,0.00000,0,ADSB
2022-07-17T18:48:43.874,36.204350,-115.191135,2075,0.00000,0.00000,0,ADSB
2022-07-17T18:48:44.935,36.204350,-115.191135,2075,0.00000,0.00000,0,ADSB
2022-07-17T18:48:45.858,36.204350,-115.191135,2075,0.00000,0.00000,0,ADSB
2022-07-17T18:48:47.093,36.204350,-115.191135,2075,0.00000,0.00000,0,ADSB
2022-07-17T18:48:48.218,36.204350,-115.191135,2075,0.00000,0.00000,0,ADSB
2022-07-17T18:48:49.078,36.204350,-115.191135,2075,0.00000,0.00000,0,ADSB
2022-07-17T18:48:50.124,36.204371,-115.191114,2075,0.00000,0.00000,0,ADSB
2022-07-17T18:48:51.062,36.204350,-115.191135,2075,0.00000,0.00000,0,ADSB
2022-07-17T18:48:52.531,36.204371,-115.191114,2075,0.00000,0.00000,64,ADSB
2022-07-17T18:48:53.937,36.204371,-115.191114,2075,0.00000,0.00000,0,ADSB
2022-07-17T18:48:55.043,36.204350,-115.191135,2075,0.00000,0.00000,0,ADSB
2022-07-17T18:48:56.076,36.204371,-115.191114,2075,0.00000,0.00000,0,ADSB
2022-07-17T18:48:56.998,36.204350,-115.191135,2075,0.00000,0.00000,0,ADSB
2022-07-17T18:48:59.107,36.204350,-115.191135,2075,0.00000,0.00000,0,ADSB
2022-07-17T18:49:00.077,36.204371,-115.191114,2075,0.00000,0.00000,0,ADSB
2022-07-17T18:49:01.125,36.204350,-115.191135,2075,0.00000,0.00000,0,ADSB
2022-07-17T18:49:02.094,36.204371,-115.191114,2075,0.00000,0.00000,0,ADSB
2022-07-17T18:49:03.641,36.204371,-115.191114,2075,0.00000,0.00000,0,ADSB
2022-07-17T18:49:04.592,36.204350,-115.191135,2075,0.00000,0.00000,0,ADSB
2022-07-17T18:49:05.827,36.204371,-115.191114,2075,0.00000,0.00000,0,ADSB
2022-07-17T18:49:07.296,36.204371,-115.191114,2075,0.00000,0.00000,0,ADSB
2022-07-17T18:49:09.031,36.204350,-115.191135,2075,0.00000,0.00000,0,ADSB
2022-07-17T18:49:09.951,36.204350,-115.191135,2075,0.00000,0.00000,0,ADSB
2022-07-17T18:49:10.984,36.204350,-115.191135,2075,0.00000,0.00000,0,ADSB
2022-07-17T18:49:11.843,36.204350,-115.191135,2075,0.00000,0.00000,0,ADSB
2022-07-17T18:49:14.156,36.204350,-115.191135,2075,0.00000,0.00000,0,ADSB
2022-07-17T18:49:15.359,36.204371,-115.191114,2075,0.00000,0.00000,0,ADSB
2022-07-17T18:49:16.343,36.204350,-115.191135,2075,0.00000,0.00000,0,ADSB
2022-07-17T18:49:17.234,36.204371,-115.191114,2075,0.00000,0.00000,0,ADSB
2022-07-17T18:49:17.984,36.204350,-115.191135,2075,0.00000,0.00000,0,ADSB
2022-07-17T18:49:19.310,36.204371,-115.191114,2075,0.00000,0.00000,0,ADSB
2022-07-17T18:49:20.076,36.204350,-115.191135,2075,0.00000,0.00000,0,ADSB
2022-07-17T18:49:20.938,36.204371,-115.191114,2075,0.00000,0.00000,0,ADSB
2022-07-17T18:49:21.891,36.204371,-115.191114,2075,0.00000,0.00000,0,ADSB
2022-07-17T18:49:22.719,36.204371,-115.191114,2075,0.00000,0.00000,0,ADSB
2022-07-17T18:49:23.969,36.204350,-115.191135,2075,0.00000,0.00000,0,ADSB
2022-07-17T18:49:24.782,36.204371,-115.191114,2075,0.00000,0.00000,0,ADSB
2022-07-17T18:49:25.676,36.204350,-115.191135,2075,0.00000,0.00000,0,ADSB
2022-07-17T18:49:27.254,36.204371,-115.191114,2075,0.00000,0.00000,0,ADSB
2022-07-17T18:49:28.254,36.204350,-115.191135,2075,0.00000,0.00000,0,ADSB
2022-07-17T18:49:29.176,36.204371,-115.191114,2075,0.00000,0.00000,0,ADSB
2022-07-17T18:49:30.233,36.204350,-115.191135,2075,0.00000,0.00000,0,ADSB
2022-07-17T18:49:31.202,36.204371,-115.191114,2075,0.00000,0.00000,0,ADSB
2022-07-17T18:49:32.171,36.204350,-115.191135,2075,0.00000,0.00000,0,ADSB
2022-07-17T18:49:33.155,36.204371,-115.191114,2075,0.00000,0.00000,0,ADSB
2022-07-17T18:49:34.249,36.204350,-115.191135,2075,0.00000,0.00000,0,ADSB
2022-07-17T18:49:35.234,36.204350,-115.191135,2075,0.00000,0.00000,0,ADSB
2022-07-17T18:49:36.452,36.204371,-115.191114,2075,0.00000,0.00000,0,ADSB
2022-07-17T18:49:37.187,36.204371,-115.191114,2075,0.00000,0.00000,0,ADSB
2022-07-17T18:49:38.343,36.204393,-115.191135,2075,0.00000,0.00000,0,ADSB
2022-07-17T18:49:39.140,36.204371,-115.191114,2075,0.00000,0.00000,0,ADSB
2022-07-17T18:49:39.998,36.204371,-115.191114,2075,0.00000,0.00000,0,ADSB
2022-07-17T18:49:40.843,36.204393,-115.191135,2075,0.00000,0.00000,0,ADSB
2022-07-17T18:49:42.360,36.204393,-115.191135,2075,0.00000,0.00000,0,ADSB
2022-07-17T18:49:43.720,36.204371,-115.191114,2075,0.00000,0.00000,0,ADSB
2022-07-17T18:49:44.718,36.204371,-115.191114,2075,0.00000,0.00000,0,ADSB
2022-07-17T18:49:46.253,36.204393,-115.191135,2075,0.00000,0.00000,0,ADSB
2022-07-17T18:49:48.347,36.204393,-115.191135,2075,0.00000,0.00000,0,ADSB
2022-07-17T18:49:49.451,36.204393,-115.191135,2075,0.00000,0.00000,0,ADSB
2022-07-17T18:49:50.437,36.204371,-115.191114,2075,0.00000,0.00000,0,ADSB
2022-07-17T18:49:51.609,36.204393,-115.191135,2075,0.00000,0.00000,0,ADSB
2022-07-17T18:49:52.578,36.204393,-115.191135,2075,0.00000,0.00000,0,ADSB
2022-07-17T18:49:54.748,36.204371,-115.191114,2075,0.00000,0.00000,0,ADSB
2022-07-17T18:49:56.312,36.204371,-115.191114,2075,0.00000,0.00000,64,ADSB
2022-07-17T18:49:57.405,36.204393,-115.191135,2075,0.00000,0.00000,0,ADSB
2022-07-17T18:49:58.374,36.204393,-115.191135,2075,0.00000,0.00000,0,ADSB
2022-07-17T18:49:59.686,36.204371,-115.191114,2075,0.00000,0.00000,0,ADSB
2022-07-17T18:50:00.734,36.204393,-115.191135,2075,0.00000,0.00000,0,ADSB
2022-07-17T18:50:01.531,36.204371,-115.191114,2075,0.00000,0.00000,0,ADSB
2022-07-17T18:50:02.499,36.204371,-115.191114,2075,0.00000,0.00000,0,ADSB
2022-07-17T18:50:03.578,36.204371,-115.191114,2075,0.00000,0.00000,0,ADSB
2022-07-17T18:50:04.623,36.204393,-115.191135,2075,0.00000,0.00000,0,ADSB
2022-07-17T18:50:05.468,36.204393,-115.191135,2075,0.00000,0.00000,0,ADSB
2022-07-17T18:50:06.343,36.204371,-115.191114,2075,0.00000,0.00000,0,ADSB
2022-07-17T18:50:07.281,36.204393,-115.191135,2075,0.00000,0.00000,0,ADSB
2022-07-17T18:50:08.859,36.204371,-115.191114,2075,0.00000,0.00000,0,ADSB
2022-07-17T18:50:09.874,36.204393,-115.191135,2075,0.00000,0.00000,0,ADSB
2022-07-17T18:50:11.219,36.204371,-115.191114,2075,0.00000,0.00000,0,ADSB
2022-07-17T18:50:12.313,36.204393,-115.191135,2075,0.00000,0.00000,0,ADSB
2022-07-17T18:50:13.203,36.204371,-115.191114,2075,0.00000,0.00000,0,ADSB
2022-07-17T18:50:14.404,36.204371,-115.191114,2075,0.00000,0.00000,0,ADSB
2022-07-17T18:50:15.359,36.204393,-115.191135,2075,0.00000,0.00000,0,ADSB
2022-07-17T18:50:16.280,36.204393,-115.191135,2075,0.00000,0.00000,0,ADSB
2022-07-17T18:50:17.718,36.204371,-115.191114,2075,0.00000,0.00000,0,ADSB
2022-07-17T18:50:18.953,36.204371,-115.191114,2075,0.00000,0.00000,-64,ADSB
2022-07-17T18:50:19.764,36.204393,-115.191135,2075,0.00000,0.00000,-64,ADSB
2022-07-17T18:50:20.656,36.204393,-115.191135,2075,0.00000,0.00000,0,ADSB
2022-07-17T18:50:21.609,36.204371,-115.191114,2075,0.00000,0.00000,0,ADSB
2022-07-17T18:50:22.562,36.204393,-115.191135,2075,0.00000,0.00000,0,ADSB
2022-07-17T18:50:23.687,36.204393,-115.191135,2075,0.00000,0.00000,0,ADSB
2022-07-17T18:50:24.788,36.204371,-115.191114,2075,0.00000,0.00000,0,ADSB
2022-07-17T18:50:25.787,36.204393,-115.191135,2075,0.00000,0.00000,0,ADSB
2022-07-17T18:50:27.568,36.204393,-115.191135,2075,0.00000,0.00000,0,ADSB
2022-07-17T18:50:28.521,36.204371,-115.191114,2075,0.00000,0.00000,0,ADSB
2022-07-17T18:50:29.514,36.204393,-115.191135,2075,0.00000,0.00000,0,ADSB
2022-07-17T18:50:30.515,36.204371,-115.191114,2075,0.00000,0.00000,0,ADSB
2022-07-17T18:50:31.344,36.204393,-115.191135,2075,0.00000,0.00000,0,ADSB
2022-07-17T18:50:32.484,36.204371,-115.191114,2075,0.00000,0.00000,0,ADSB
2022-07-17T18:50:33.281,36.204371,-115.191114,2075,0.00000,0.00000,0,ADSB
2022-07-17T18:50:34.812,36.204371,-115.191114,2075,0.00000,0.00000,0,ADSB
2022-07-17T18:50:35.797,36.204393,-115.191135,2075,0.00000,0.00000,0,ADSB
2022-07-17T18:50:36.782,36.204371,-115.191114,2075,0.00000,0.00000,0,ADSB
2022-07-17T18:50:37.797,36.204393,-115.191135,2075,0.00000,0.00000,0,ADSB
2022-07-17T18:50:38.766,36.204371,-115.191114,2075,0.00000,0.00000,0,ADSB
2022-07-17T18:50:40.062,36.204371,-115.191114,2075,0.00000,0.00000,0,ADSB
2022-07-17T18:50:40.954,36.204393,-115.191135,2075,0.00000,0.00000,0,ADSB
2022-07-17T18:50:42.626,36.204371,-115.191114,2075,0.00000,0.00000,0,ADSB
2022-07-17T18:50:43.516,36.204393,-115.191135,2075,0.00000,0.00000,0,ADSB
2022-07-17T18:50:44.546,36.204393,-115.191135,2075,0.00000,0.00000,0,ADSB
2022-07-17T18:50:45.547,36.204371,-115.191114,2075,0.00000,0.00000,0,ADSB
2022-07-17T18:50:47.594,36.204393,-115.191135,2075,0.00000,0.00000,0,ADSB
2022-07-17T18:50:48.594,36.204393,-115.191135,2075,0.00000,0.00000,0,ADSB
2022-07-17T18:50:49.765,36.204393,-115.191135,2075,0.00000,0.00000,0,ADSB
2022-07-17T18:50:50.625,36.204393,-115.191135,2075,0.00000,0.00000,0,ADSB
2022-07-17T18:50:51.719,36.204371,-115.191114,2075,0.00000,0.00000,0,ADSB
2022-07-17T18:50:52.625,36.204393,-115.191135,2075,0.00000,0.00000,0,ADSB
2022-07-17T18:50:53.641,36.204371,-115.191114,2075,0.00000,0.00000,0,ADSB
2022-07-17T18:50:54.670,36.204393,-115.191135,2075,0.00000,0.00000,0,ADSB
2022-07-17T18:50:55.608,36.204371,-115.191114,2075,0.00000,0.00000,64,ADSB
2022-07-17T18:50:57.046,36.204393,-115.191135,2075,0.00000,0.00000,-64,ADSB
2022-07-17T18:50:58.171,36.204393,-115.191135,2075,0.00000,0.00000,-64,ADSB
2022-07-17T18:50:59.296,36.204371,-115.191114,2075,0.00000,0.00000,-64,ADSB
2022-07-17T18:51:00.140,36.204371,-115.191114,2075,0.00000,0.00000,0,ADSB
2022-07-17T18:51:01.220,36.204371,-115.191114,2075,0.00000,0.00000,0,ADSB
2022-07-17T18:51:02.204,36.204393,-115.191135,2075,0.00000,0.00000,0,ADSB
2022-07-17T18:51:03.111,36.204371,-115.191114,2075,0.00000,0.00000,-64,ADSB
2022-07-17T18:51:04.111,36.204393,-115.191135,2075,0.00000,0.00000,-64,ADSB
2022-07-17T18:51:05.077,36.204371,-115.191114,2075,0.00000,0.00000,-64,ADSB
2022-07-17T18:51:06.156,36.204393,-115.191135,2075,0.00000,0.00000,0,ADSB
2022-07-17T18:51:07.015,36.204393,-115.191135,2075,0.00000,0.00000,-64,ADSB
2022-07-17T18:51:08.734,36.204393,-115.191135,2075,0.00000,0.00000,0,ADSB
2022-07-17T18:51:23.860,36.204479,-115.191200,2075,-3.00000,3.00000,-64,ADSB
2022-07-17T18:51:24.809,36.204457,-115.191178,2075,-3.00000,3.00000,0,ADSB
2022-07-17T18:51:25.874,36.204479,-115.191200,2075,-3.00000,4.00000,0,ADSB
2022-07-17T18:51:27.062,36.204522,-115.191200,2075,-2.00000,4.00000,-64,ADSB
2022-07-17T18:51:28.187,36.204522,-115.191243,2075,-1.00000,4.00000,-64,ADSB
2022-07-17T18:51:29.218,36.204565,-115.191243,2075,0.00000,4.00000,-64,ADSB
2022-07-17T18:51:30.140,36.204565,-115.191243,2075,0.00000,4.00000,0,ADSB
2022-07-17T18:51:31.000,36.204565,-115.191243,2075,3.00000,2.00000,-64,ADSB
2022-07-17T18:51:32.001,36.204607,-115.191243,2075,1.00000,4.00000,0,ADSB
2022-07-17T18:51:32.891,36.204629,-115.191200,2075,2.00000,3.00000,0,ADSB
2022-07-17T18:51:34.032,36.204650,-115.191178,2075,2.00000,2.00000,0,ADSB
2022-07-17T18:51:35.202,36.204650,-115.191178,2075,2.00000,2.00000,0,ADSB
2022-07-17T18:51:36.109,36.204650,-115.191178,2075,1.00000,1.00000,0,ADSB
2022-07-17T18:51:36.969,36.204650,-115.191178,2075,1.00000,1.00000,-64,ADSB
2022-07-17T18:51:38.000,36.204672,-115.191200,2075,1.00000,1.00000,0,ADSB
2022-07-17T18:51:38.781,36.204650,-115.191114,2075,1.00000,1.00000,0,ADSB
2022-07-17T18:51:39.936,36.204672,-115.191135,2075,1.00000,1.00000,0,ADSB
2022-07-17T18:51:40.953,36.204693,-115.191114,2075,1.00000,1.00000,0,ADSB
2022-07-17T18:51:41.969,36.204693,-115.191114,2075,1.00000,1.00000,0,ADSB
2022-07-17T18:51:43.078,36.204715,-115.191135,2075,0.00000,0.00000,0,ADSB
2022-07-17T18:51:44.593,36.204715,-115.191135,2075,0.00000,0.00000,0,ADSB
2022-07-17T18:51:47.381,36.204715,-115.191135,2075,0.00000,0.00000,0,ADSB
2022-07-17T18:51:48.568,36.204693,-115.191114,2075,0.00000,0.00000,0,ADSB
2022-07-17T18:51:49.545,36.204693,-115.191114,2075,0.00000,0.00000,192,ADSB
2022-07-17T18:51:50.640,36.204715,-115.191135,2075,0.00000,0.00000,192,ADSB
2022-07-17T18:51:51.578,36.204693,-115.191114,2075,0.00000,0.00000,128,ADSB
2022-07-17T18:51:52.640,36.204715,-115.191135,2075,0.00000,0.00000,128,ADSB
2022-07-17T18:51:53.594,36.204693,-115.191114,2075,0.00000,0.00000,-64,ADSB
2022-07-17T18:51:55.186,36.204715,-115.191135,2075,0.00000,0.00000,-128,ADSB
2022-07-17T18:51:56.031,36.204693,-115.191114,2075,0.00000,0.00000,-128,ADSB
2022-07-17T18:51:57.093,36.204715,-115.191135,2075,0.00000,0.00000,-64,ADSB
2022-07-17T18:51:58.437,36.204693,-115.191114,2075,0.00000,0.00000,128,ADSB
2022-07-17T18:51:59.531,36.204715,-115.191135,2075,0.00000,0.00000,192,ADSB
2022-07-17T18:52:00.579,36.204693,-115.191114,2075,1.00000,1.00000,128,ADSB
2022-07-17T18:52:01.516,36.204715,-115.191135,2075,1.00000,1.00000,-64,ADSB
2022-07-17T18:52:02.391,36.204693,-115.191114,2075,1.00000,1.00000,-64,ADSB
2022-07-17T18:52:03.438,36.204715,-115.191071,2075,2.00000,2.00000,-64,ADSB
2022-07-17T18:52:04.624,36.204715,-115.191071,2075,2.00000,2.00000,-64,ADSB
2022-07-17T18:52:05.562,36.204736,-115.191071,2075,2.00000,2.00000,-64,ADSB
2022-07-17T18:52:07.079,36.204758,-115.191071,2075,4.00000,3.00000,0,ADSB
2022-07-17T18:52:08.064,36.204801,-115.191007,2075,4.00000,4.00000,0,ADSB
2022-07-17T18:52:09.251,36.204801,-115.191007,2075,4.00000,4.00000,0,ADSB
2022-07-17T18:52:10.156,36.204844,-115.190964,2075,5.00000,5.00000,0,ADSB
2022-07-17T18:52:11.282,36.204886,-115.190942,2075,6.00000,6.00000,0,ADSB
2022-07-17T18:52:12.188,36.204886,-115.190899,2075,6.00000,6.00000,0,ADSB
2022-07-17T18:52:13.047,36.204886,-115.190899,2075,6.00000,6.00000,0,ADSB
2022-07-17T18:52:14.375,36.204972,-115.190835,2075,7.00000,7.00000,0,ADSB
2022-07-17T18:52:15.517,36.204994,-115.190792,2075,6.00000,8.00000,0,ADSB
2022-07-17T18:52:16.424,36.205015,-115.190771,2075,6.00000,9.00000,0,ADSB
2022-07-17T18:52:17.408,36.205080,-115.190728,2075,3.00000,11.00000,0,ADSB
2022-07-17T18:52:18.361,36.205122,-115.190706,2075,1.00000,11.00000,-64,ADSB
2022-07-17T18:52:19.452,36.205165,-115.190728,2075,-2.00000,11.00000,0,ADSB
2022-07-17T18:52:20.327,36.205208,-115.190771,2075,-5.00000,10.00000,0,ADSB
2022-07-17T18:52:21.563,36.205251,-115.190792,2075,-7.00000,10.00000,0,ADSB
2022-07-17T18:52:22.578,36.205316,-115.190856,2075,-8.00000,9.00000,0,ADSB
2022-07-17T18:52:23.688,36.205359,-115.190899,2075,-9.00000,8.00000,0,ADSB
2022-07-17T18:52:24.655,36.205401,-115.190964,2075,-9.00000,9.00000,0,ADSB
2022-07-17T18:52:25.765,36.205444,-115.191028,2075,-9.00000,9.00000,0,ADSB
2022-07-17T18:52:26.812,36.205487,-115.191071,2075,-9.00000,9.00000,0,ADSB
2022-07-17T18:52:27.750,36.205530,-115.191135,2075,-10.00000,10.00000,0,ADSB
2022-07-17T18:52:28.844,36.205573,-115.191135,2075,-10.00000,10.00000,64,ADSB
2022-07-17T18:52:29.890,36.205637,-115.191243,2075,-12.00000,12.00000,0,ADSB
2022-07-17T18:52:30.734,36.205723,-115.191307,2075,-13.00000,13.00000,-64,ADSB
2022-07-17T18:52:31.750,36.205766,-115.191414,2075,-17.00000,16.00000,0,ADSB
2022-07-17T18:52:32.641,36.205852,-115.191479,2075,-17.00000,16.00000,0,ADSB
2022-07-17T18:52:33.672,36.205959,-115.191650,2075,-22.00000,19.00000,-64,ADSB
2022-07-17T18:52:34.624,36.206045,-115.191758,2075,-23.00000,21.00000,-64,ADSB
2022-07-17T18:52:35.657,36.206195,-115.191951,2075,-26.00000,26.00000,-64,ADSB
2022-07-17T18:52:36.610,36.206324,-115.192058,2075,-29.00000,29.00000,-64,ADSB
2022-07-17T18:52:37.579,36.206431,-115.192230,2075,-30.00000,29.00000,-64,ADSB
2022-07-17T18:52:38.594,36.206582,-115.192444,2075,-32.00000,32.00000,-64,ADSB
2022-07-17T18:52:39.796,36.206753,-115.192637,2075,-36.00000,33.00000,-128,ADSB
2022-07-17T18:52:40.641,36.206903,-115.192852,2075,-37.00000,36.00000,-128,ADSB
2022-07-17T18:52:41.688,36.207075,-115.193045,2075,-37.00000,36.00000,-128,ADSB
2022-07-17T18:52:42.563,36.207268,-115.193303,2075,-40.00000,40.00000,-128,ADSB
2022-07-17T18:52:43.470,36.207418,-115.193474,2075,-41.00000,41.00000,-128,ADSB
2022-07-17T18:52:44.499,36.207633,-115.193689,2075,-42.00000,42.00000,0,ADSB
2022-07-17T18:52:45.437,36.207826,-115.193946,2075,-42.00000,44.00000,64,ADSB
2022-07-17T18:52:46.453,36.207998,-115.194161,2075,-42.00000,44.00000,192,ADSB
2022-07-17T18:52:47.469,36.208234,-115.194461,2075,-43.00000,43.00000,384,ADSB
2022-07-17T18:52:48.235,36.208384,-115.194633,2100,-43.00000,43.00000,384,ADSB
2022-07-17T18:52:49.188,36.208556,-115.194869,2100,-44.00000,44.00000,384,ADSB
2022-07-17T18:52:50.077,36.208749,-115.195105,2100,-43.00000,45.00000,384,ADSB
2022-07-17T18:52:50.969,36.208963,-115.195320,2100,-44.00000,44.00000,448,ADSB
2022-07-17T18:52:52.173,36.209199,-115.195663,2125,-44.00000,44.00000,512,ADSB
2022-07-17T18:52:53.111,36.209328,-115.195835,2125,-45.00000,45.00000,512,ADSB
2022-07-17T18:52:53.955,36.209543,-115.196092,2150,-45.00000,44.00000,512,ADSB
2022-07-17T18:52:54.921,36.209736,-115.196328,2150,-45.00000,44.00000,448,ADSB
2022-07-17T18:52:55.937,36.209929,-115.196564,2150,-47.00000,44.00000,320,ADSB
2022-07-17T18:52:56.953,36.210144,-115.196843,2150,-48.00000,43.00000,384,ADSB
2022-07-17T18:52:57.938,36.210294,-115.197079,2175,-47.00000,44.00000,512,ADSB
2022-07-17T18:52:59.999,36.210744,-115.197680,2200,-45.00000,45.00000,768,ADSB
2022-07-17T18:53:00.813,36.210895,-115.197830,2175,-44.00000,45.00000,832,ADSB
2022-07-17T18:53:01.891,36.211131,-115.198088,2175,-44.00000,45.00000,832,ADSB
2022-07-17T18:53:03.344,36.211495,-115.198517,2225,-41.00000,48.00000,768,ADSB
2022-07-17T18:53:04.390,36.211689,-115.198731,2250,-42.00000,45.00000,448,ADSB
2022-07-17T18:53:05.406,36.211903,-115.198967,2250,-42.00000,45.00000,448,ADSB
2022-07-17T18:53:06.266,36.212053,-115.199139,2250,-41.00000,48.00000,768,ADSB
2022-07-17T18:53:07.548,36.212354,-115.199482,2275,-42.00000,45.00000,512,ADSB
2022-07-17T18:53:08.329,36.212568,-115.199718,2275,-42.00000,45.00000,512,ADSB
2022-07-17T18:53:09.204,36.212676,-115.199826,2275,-42.00000,47.00000,512,ADSB
2022-07-17T18:53:10.015,36.212890,-115.200126,2275,-42.00000,47.00000,384,ADSB
2022-07-17T18:53:11.298,36.213126,-115.200341,2300,-43.00000,48.00000,320,ADSB
2022-07-17T18:53:12.642,36.213491,-115.200748,2300,-42.00000,50.00000,256,ADSB
2022-07-17T18:53:13.721,36.213727,-115.200942,2300,-42.00000,50.00000,128,ADSB
2022-07-17T18:53:14.921,36.213963,-115.201285,2325,-43.00000,50.00000,128,ADSB
2022-07-17T18:53:15.797,36.214242,-115.201499,2325,-44.00000,51.00000,192,ADSB
2022-07-17T18:53:16.954,36.214499,-115.201843,2325,-44.00000,51.00000,256,ADSB
2022-07-17T18:53:17.922,36.214693,-115.202014,2325,-43.00000,51.00000,320,ADSB
2022-07-17T18:53:18.797,36.214950,-115.202293,2350,-43.00000,51.00000,320,ADSB
2022-07-17T18:53:19.765,36.215143,-115.202529,2350,-44.00000,52.00000,384,ADSB
2022-07-17T18:53:20.657,36.215379,-115.202701,2350,-43.00000,54.00000,320,ADSB
2022-07-17T18:53:21.782,36.215658,-115.202980,2350,-43.00000,54.00000,320,ADSB
2022-07-17T18:53:22.688,36.215873,-115.203216,2350,-43.00000,54.00000,256,ADSB
2022-07-17T18:53:23.657,36.216152,-115.203495,2375,-44.00000,52.00000,320,ADSB
2022-07-17T18:53:24.703,36.216388,-115.203753,2375,-43.00000,53.00000,384,ADSB
2022-07-17T18:53:25.895,36.216667,-115.204010,2375,-41.00000,53.00000,448,ADSB
2022-07-17T18:53:26.848,36.216903,-115.204225,2400,-41.00000,53.00000,512,ADSB
2022-07-17T18:53:27.911,36.217117,-115.204461,2400,-40.00000,54.00000,576,ADSB
2022-07-17T18:53:28.895,36.217418,-115.204675,2400,-41.00000,54.00000,448,ADSB
2022-07-17T18:53:30.031,36.217611,-115.204933,2400,-43.00000,54.00000,384,ADSB
2022-07-17T18:53:31.047,36.217868,-115.205212,2425,-44.00000,53.00000,384,ADSB
2022-07-17T18:53:31.844,36.218126,-115.205448,2425,-47.00000,52.00000,256,ADSB
2022-07-17T18:53:32.798,36.218383,-115.205727,2425,-49.00000,50.00000,256,ADSB
2022-07-17T18:53:33.829,36.218576,-115.205963,2425,-49.00000,50.00000,384,ADSB
2022-07-17T18:53:34.687,36.218770,-115.206242,2450,-49.00000,51.00000,448,ADSB
2022-07-17T18:53:36.235,36.219177,-115.206692,2450,-49.00000,51.00000,576,ADSB
2022-07-17T18:53:37.313,36.219413,-115.206971,2475,-53.00000,49.00000,448,ADSB
2022-07-17T18:53:38.298,36.219628,-115.207272,2475,-54.00000,47.00000,448,ADSB
2022-07-17T18:53:39.358,36.219821,-115.207593,2475,-57.00000,44.00000,576,ADSB
2022-07-17T18:53:40.312,36.219993,-115.207958,2500,-58.00000,42.00000,640,ADSB
2022-07-17T18:53:41.203,36.220207,-115.208302,2525,-61.00000,40.00000,640,ADSB
2022-07-17T18:53:42.250,36.220357,-115.208645,2550,-63.00000,37.00000,768,ADSB
2022-07-17T18:53:43.157,36.220529,-115.209074,2550,-65.00000,35.00000,576,ADSB
2022-07-17T18:53:44.125,36.220658,-115.209353,2550,-66.00000,34.00000,640,ADSB
2022-07-17T18:53:44.921,36.220765,-115.209653,2575,-67.00000,31.00000,704,ADSB
2022-07-17T18:53:46.020,36.220894,-115.210125,2575,-69.00000,27.00000,448,ADSB
2022-07-17T18:53:47.161,36.221044,-115.210576,2600,-72.00000,22.00000,448,ADSB
2022-07-17T18:53:48.192,36.221108,-115.211048,2600,-74.00000,16.00000,448,ADSB
2022-07-17T18:53:49.114,36.221151,-115.211391,2600,-75.00000,13.00000,448,ADSB
2022-07-17T18:53:50.234,36.221237,-115.211906,2625,-76.00000,11.00000,512,ADSB
2022-07-17T18:53:51.391,36.221280,-115.212336,2625,-76.00000,12.00000,512,ADSB
2022-07-17T18:53:52.220,36.221323,-115.212765,2625,-76.00000,12.00000,704,ADSB
2022-07-17T18:53:53.220,36.221409,-115.213215,2650,-76.00000,13.00000,768,ADSB
2022-07-17T18:53:54.375,36.221452,-115.213687,2650,-75.00000,13.00000,576,ADSB
2022-07-17T18:53:55.363,36.221516,-115.214138,2675,-75.00000,13.00000,512,ADSB
2022-07-17T18:53:56.286,36.221602,-115.214481,2675,-75.00000,13.00000,512,ADSB
2022-07-17T18:53:57.176,36.221645,-115.214739,2675,-74.00000,13.00000,512,ADSB
2022-07-17T18:53:58.052,36.221688,-115.215104,2700,-74.00000,13.00000,512,ADSB
2022-07-17T18:53:59.290,36.221731,-115.215726,2700,-74.00000,13.00000,512,ADSB
2022-07-17T18:54:00.031,36.221838,-115.216069,2700,-73.00000,13.00000,448,ADSB
2022-07-17T18:54:01.157,36.221881,-115.216606,2725,-73.00000,13.00000,576,ADSB
2022-07-17T18:54:02.298,36.221924,-115.216992,2750,-73.00000,14.00000,832,ADSB
2022-07-17T18:54:03.658,36.222010,-115.217528,2775,-73.00000,14.00000,832,ADSB
2022-07-17T18:54:04.703,36.222117,-115.218065,2775,-73.00000,14.00000,768,ADSB
2022-07-17T18:54:05.767,36.222203,-115.218494,2800,-72.00000,15.00000,768,ADSB
2022-07-17T18:54:06.845,36.222246,-115.218880,2800,-72.00000,15.00000,768,ADSB
2022-07-17T18:54:07.923,36.222332,-115.219288,2825,-73.00000,14.00000,640,ADSB
2022-07-17T18:54:08.923,36.222396,-115.219696,2825,-73.00000,14.00000,768,ADSB
2022-07-17T18:54:09.937,36.222482,-115.220146,2825,-73.00000,14.00000,704,ADSB
2022-07-17T18:54:10.829,36.222525,-115.220511,2850,-73.00000,16.00000,704,ADSB
2022-07-17T18:54:11.938,36.222610,-115.220940,2850,-73.00000,16.00000,576,ADSB
2022-07-17T18:54:13.110,36.222653,-115.221455,2850,-74.00000,16.00000,512,ADSB
2022-07-17T18:54:14.016,36.222718,-115.221927,2900,-75.00000,15.00000,384,ADSB
2022-07-17T18:54:15.359,36.222847,-115.222485,2900,-75.00000,12.00000,448,ADSB
2022-07-17T18:54:16.454,36.222911,-115.222914,2900,-75.00000,13.00000,448,ADSB
2022-07-17T18:54:17.407,36.222932,-115.223343,2925,-74.00000,12.00000,448,ADSB
2022-07-17T18:54:18.360,36.222997,-115.223794,2925,-74.00000,13.00000,512,ADSB
2022-07-17T18:54:19.282,36.223040,-115.224137,2925,-74.00000,13.00000,512,ADSB
2022-07-17T18:54:20.438,36.223125,-115.224609,2950,-74.00000,14.00000,512,ADSB
2022-07-17T18:54:21.298,36.223190,-115.224953,2950,-74.00000,14.00000,512,ADSB
2022-07-17T18:54:22.267,36.223254,-115.225403,2950,-74.00000,14.00000,512,ADSB
2022-07-17T18:54:23.204,36.223319,-115.225768,2975,-74.00000,14.00000,512,ADSB
2022-07-17T18:54:24.142,36.223383,-115.226219,2975,-75.00000,13.00000,384,ADSB
2022-07-17T18:54:25.186,36.223469,-115.226648,2975,-75.00000,15.00000,448,ADSB
2022-07-17T18:54:26.125,36.223533,-115.227077,2975,-74.00000,17.00000,448,ADSB
2022-07-17T18:54:27.109,36.223576,-115.227420,3000,-73.00000,20.00000,576,ADSB
2022-07-17T18:54:28.266,36.223705,-115.227935,3000,-73.00000,20.00000,512,ADSB
2022-07-17T18:54:29.275,36.223791,-115.228450,3025,-73.00000,21.00000,448,ADSB
2022-07-17T18:54:30.141,36.223898,-115.228794,3025,-73.00000,20.00000,448,ADSB
2022-07-17T18:54:31.251,36.223962,-115.229158,3025,-74.00000,18.00000,384,ADSB
2022-07-17T18:54:32.423,36.224070,-115.229695,3025,-74.00000,17.00000,448,ADSB
2022-07-17T18:54:33.204,36.224113,-115.230038,3050,-74.00000,16.00000,384,ADSB
2022-07-17T18:54:34.277,36.224220,-115.230446,3050,-74.00000,16.00000,384,ADSB
2022-07-17T18:54:35.296,36.224241,-115.230854,3050,-75.00000,15.00000,384,ADSB
2022-07-17T18:54:36.016,36.224349,-115.231218,3050,-76.00000,15.00000,384,ADSB
2022-07-17T18:54:37.172,36.224391,-115.231647,3075,-76.00000,15.00000,320,ADSB
2022-07-17T18:54:38.579,36.224477,-115.232334,3075,-77.00000,12.00000,256,ADSB
2022-07-17T18:54:39.484,36.224542,-115.232742,3100,-78.00000,7.00000,128,ADSB
2022-07-17T18:54:40.610,36.224542,-115.233257,3100,-78.00000,4.00000,128,ADSB
2022-07-17T18:54:41.735,36.224520,-115.233665,3075,-79.00000,3.00000,320,ADSB
2022-07-17T18:54:42.782,36.224585,-115.234244,3100,-79.00000,3.00000,320,ADSB
2022-07-17T18:54:43.657,36.224585,-115.234609,3100,-79.00000,4.00000,320,ADSB
2022-07-17T18:54:44.578,36.224627,-115.235081,3100,-79.00000,6.00000,256,ADSB
2022-07-17T18:54:45.907,36.224627,-115.235596,3100,-79.00000,7.00000,256,ADSB
2022-07-17T18:54:46.720,36.224670,-115.236003,3100,-78.00000,8.00000,256,ADSB
2022-07-17T18:54:47.689,36.224713,-115.236411,3125,-77.00000,10.00000,256,ADSB
2022-07-17T18:54:48.783,36.224756,-115.236948,3125,-77.00000,10.00000,320,ADSB
2022-07-17T18:54:49.703,36.224821,-115.237291,3150,-77.00000,11.00000,320,ADSB
2022-07-17T18:54:50.626,36.224864,-115.237720,3150,-77.00000,11.00000,320,ADSB
2022-07-17T18:54:51.564,36.224906,-115.238171,3150,-77.00000,11.00000,320,ADSB
2022-07-17T18:54:52.439,36.224949,-115.238514,3150,-77.00000,12.00000,320,ADSB
2022-07-17T18:54:53.345,36.224992,-115.238922,3175,-77.00000,12.00000,320,ADSB
2022-07-17T18:54:54.343,36.225035,-115.239394,3175,-77.00000,12.00000,320,ADSB
2022-07-17T18:54:56.188,36.225164,-115.240166,3175,-76.00000,12.00000,320,ADSB
2022-07-17T18:54:57.172,36.225228,-115.240552,3200,-75.00000,13.00000,384,ADSB
2022-07-17T18:54:58.219,36.225314,-115.241024,3200,-75.00000,13.00000,384,ADSB
2022-07-17T18:54:59.063,36.225357,-115.241368,3200,-75.00000,15.00000,384,ADSB
2022-07-17T18:55:00.125,36.225443,-115.241883,3200,-74.00000,14.00000,384,ADSB
2022-07-17T18:55:01.095,36.225507,-115.242248,3225,-73.00000,16.00000,384,ADSB
2022-07-17T18:55:02.173,36.225593,-115.242698,3225,-73.00000,16.00000,320,ADSB
2022-07-17T18:55:03.173,36.225657,-115.243127,3225,-73.00000,16.00000,512,ADSB
2022-07-17T18:55:03.939,36.225700,-115.243492,3250,-73.00000,18.00000,640,ADSB
2022-07-17T18:55:05.125,36.225829,-115.243943,3275,-72.00000,19.00000,640,ADSB
2022-07-17T18:55:06.079,36.225872,-115.244243,3275,-72.00000,19.00000,704,ADSB
2022-07-17T18:55:06.876,36.225979,-115.244586,3275,-72.00000,21.00000,576,ADSB
2022-07-17T18:55:07.845,36.226087,-115.245037,3275,-72.00000,21.00000,448,ADSB
2022-07-17T18:55:08.798,36.226151,-115.245466,3275,-72.00000,21.00000,384,ADSB
2022-07-17T18:55:09.672,36.226258,-115.245767,3300,-72.00000,22.00000,384,ADSB
2022-07-17T18:55:11.267,36.226387,-115.246475,3300,-73.00000,22.00000,192,ADSB
2022-07-17T18:55:12.314,36.226537,-115.246925,3300,-73.00000,22.00000,128,ADSB
2022-07-17T18:55:13.517,36.226666,-115.247462,3300,-74.00000,23.00000,128,ADSB
2022-07-17T18:55:14.469,36.226709,-115.247741,3300,-74.00000,23.00000,64,ADSB
2022-07-17T18:55:15.611,36.226859,-115.248277,3300,-75.00000,21.00000,-64,ADSB
2022-07-17T18:55:16.564,36.226966,-115.248706,3300,-75.00000,20.00000,0,ADSB
2022-07-17T18:55:17.767,36.227095,-115.249221,3300,-76.00000,20.00000,128,ADSB
2022-07-17T18:55:18.924,36.227181,-115.249779,3300,-76.00000,20.00000,192,ADSB
2022-07-17T18:55:20.110,36.227267,-115.250208,3300,-76.00000,20.00000,256,ADSB
2022-07-17T18:55:21.080,36.227374,-115.250723,3300,-76.00000,20.00000,64,ADSB
2022-07-17T18:55:22.283,36.227460,-115.251153,3300,-76.00000,20.00000,64,ADSB
2022-07-17T18:55:23.017,36.227546,-115.251496,3300,-76.00000,20.00000,128,ADSB
2022-07-17T18:55:23.955,36.227653,-115.251968,3325,-76.00000,22.00000,128,ADSB
2022-07-17T18:55:38.939,36.229241,-115.258255,3350,-74.00000,20.00000,128,ADSB
2022-07-17T18:55:40.031,36.229370,-115.258684,3375,-74.00000,20.00000,128,ADSB
2022-07-17T18:55:41.017,36.229434,-115.259113,3375,-74.00000,20.00000,192,ADSB
2022-07-17T18:55:42.080,36.229563,-115.259564,3375,-74.00000,20.00000,128,ADSB
2022-07-17T18:55:43.048,36.229670,-115.259972,3375,-74.00000,21.00000,192,ADSB
2022-07-17T18:55:44.017,36.229734,-115.260379,3375,-74.00000,21.00000,192,ADSB
2022-07-17T18:55:45.126,36.229885,-115.260894,3375,-75.00000,23.00000,128,ADSB
2022-07-17T18:55:46.053,36.229970,-115.261259,3375,-75.00000,23.00000,128,ADSB
2022-07-17T18:55:47.209,36.230078,-115.261710,3375,-75.00000,23.00000,192,ADSB
2022-07-17T18:55:48.132,36.230206,-115.262139,3375,-75.00000,23.00000,256,ADSB
2022-07-17T18:55:49.194,36.230314,-115.262589,3400,-74.00000,24.00000,256,ADSB
2022-07-17T18:55:50.062,36.230400,-115.262954,3400,-75.00000,24.00000,128,ADSB
2022-07-17T18:55:51.126,36.230528,-115.263469,3400,-74.00000,24.00000,192,ADSB
2022-07-17T18:55:52.079,36.230636,-115.263813,3400,-74.00000,24.00000,256,ADSB
2022-07-17T18:55:53.095,36.230764,-115.264285,3400,-73.00000,25.00000,256,ADSB
2022-07-17T18:55:54.064,36.230872,-115.264649,3425,-73.00000,25.00000,320,ADSB
2022-07-17T18:55:55.008,36.230979,-115.265057,3425,-73.00000,25.00000,384,ADSB
2022-07-17T18:55:55.962,36.231086,-115.265465,3425,-73.00000,25.00000,320,ADSB
2022-07-17T18:55:56.915,36.231215,-115.265872,3425,-72.00000,26.00000,256,ADSB
2022-07-17T18:55:57.884,36.231322,-115.266345,3425,-73.00000,27.00000,256,ADSB
2022-07-17T18:55:58.946,36.231451,-115.266731,3425,-73.00000,27.00000,192,ADSB
2022-07-17T18:55:59.922,36.231558,-115.267160,3425,-73.00000,27.00000,192,ADSB
2022-07-17T18:56:00.813,36.231644,-115.267439,3450,-73.00000,27.00000,192,ADSB
2022-07-17T18:56:01.907,36.231816,-115.267932,3450,-72.00000,26.00000,256,ADSB
2022-07-17T18:56:02.845,36.231923,-115.268319,3450,-72.00000,28.00000,256,ADSB
2022-07-17T18:56:04.251,36.232095,-115.268898,3450,-72.00000,28.00000,320,ADSB
2022-07-17T18:56:05.172,36.232202,-115.269306,3475,-71.00000,29.00000,384,ADSB
2022-07-17T18:56:06.267,36.232352,-115.269692,3475,-71.00000,29.00000,320,ADSB
2022-07-17T18:56:07.267,36.232481,-115.270143,3475,-71.00000,29.00000,256,ADSB
2022-07-17T18:56:08.236,36.232631,-115.270507,3475,-72.00000,28.00000,256,ADSB
2022-07-17T18:56:09.297,36.232781,-115.271022,3500,-72.00000,28.00000,256,ADSB
2022-07-17T18:56:10.360,36.232910,-115.271409,3475,-71.00000,29.00000,256,ADSB
2022-07-17T18:56:11.268,36.233060,-115.271773,3500,-71.00000,29.00000,128,ADSB
2022-07-17T18:56:12.378,36.233189,-115.272245,3500,-71.00000,29.00000,64,ADSB
2022-07-17T18:56:13.269,36.233318,-115.272675,3500,-71.00000,29.00000,64,ADSB
2022-07-17T18:56:14.390,36.233425,-115.273061,3500,-72.00000,28.00000,0,ADSB
2022-07-17T18:56:15.375,36.233554,-115.273404,3500,-72.00000,26.00000,-64,ADSB
2022-07-17T18:56:16.298,36.233704,-115.273876,3500,-72.00000,28.00000,0,ADSB
2022-07-17T18:56:17.189,36.233790,-115.274220,3500,-72.00000,28.00000,128,ADSB
2022-07-17T18:56:18.314,36.233919,-115.274627,3525,-71.00000,29.00000,0,ADSB
2022-07-17T18:56:19.280,36.234069,-115.275035,3525,-71.00000,29.00000,128,ADSB
2022-07-17T18:56:20.172,36.234198,-115.275421,3525,-71.00000,30.00000,320,ADSB
2022-07-17T18:56:21.251,36.234348,-115.275850,3525,-71.00000,30.00000,384,ADSB
2022-07-17T18:56:21.970,36.234455,-115.276151,3550,-71.00000,32.00000,448,ADSB
2022-07-17T18:56:22.986,36.234605,-115.276558,3550,-71.00000,32.00000,512,ADSB
2022-07-17T18:56:24.017,36.234777,-115.276966,3550,-72.00000,32.00000,320,ADSB
2022-07-17T18:56:25.140,36.234906,-115.277503,3550,-73.00000,31.00000,128,ADSB
2022-07-17T18:56:26.360,36.235099,-115.278018,3550,-74.00000,31.00000,256,ADSB
2022-07-17T18:56:27.314,36.235185,-115.278318,3575,-73.00000,30.00000,512,ADSB
2022-07-17T18:56:28.267,36.235335,-115.278747,3575,-74.00000,28.00000,640,ADSB
2022-07-17T18:56:29.375,36.235528,-115.279262,3600,-73.00000,30.00000,768,ADSB
2022-07-17T18:56:30.500,36.235657,-115.279777,3625,-72.00000,29.00000,704,ADSB
2022-07-17T18:56:31.596,36.235807,-115.280185,3625,-72.00000,29.00000,832,ADSB
2022-07-17T18:56:33.081,36.236022,-115.280828,3650,-72.00000,30.00000,896,ADSB
2022-07-17T18:56:34.391,36.236215,-115.281343,3675,-71.00000,33.00000,768,ADSB
2022-07-17T18:56:35.157,36.236365,-115.281644,3675,-71.00000,33.00000,832,ADSB
2022-07-17T18:56:36.158,36.236472,-115.282052,3700,-71.00000,33.00000,832,ADSB
2022-07-17T18:56:37.221,36.236644,-115.282459,3700,-69.00000,35.00000,704,ADSB
2022-07-17T18:56:38.299,36.236858,-115.282931,3725,-69.00000,35.00000,704,ADSB
2022-07-17T18:56:39.252,36.237009,-115.283232,3725,-69.00000,37.00000,512,ADSB
2022-07-17T18:56:40.266,36.237202,-115.283682,3725,-69.00000,37.00000,512,ADSB
2022-07-17T18:56:41.283,36.237352,-115.284111,3725,-69.00000,37.00000,512,ADSB
2022-07-17T18:56:42.268,36.237481,-115.284455,3750,-68.00000,38.00000,512,ADSB
2022-07-17T18:56:43.080,36.237652,-115.284798,3750,-68.00000,38.00000,320,ADSB
2022-07-17T18:56:44.143,36.237910,-115.285206,3750,-67.00000,40.00000,128,ADSB
2022-07-17T18:56:45.156,36.238081,-115.285614,3750,-67.00000,40.00000,192,ADSB
2022-07-17T18:56:46.157,36.238275,-115.285957,3750,-67.00000,40.00000,256,ADSB
2022-07-17T18:56:47.111,36.238446,-115.286322,3750,-66.00000,41.00000,320,ADSB
2022-07-17T18:56:47.955,36.238596,-115.286665,3775,-66.00000,41.00000,384,ADSB
2022-07-17T18:56:48.939,36.238768,-115.287030,3775,-65.00000,42.00000,384,ADSB
2022-07-17T18:56:49.829,36.238961,-115.287330,3775,-65.00000,42.00000,320,ADSB
2022-07-17T18:56:51.455,36.239283,-115.287888,3775,-65.00000,42.00000,192,ADSB
2022-07-17T18:56:52.533,36.239498,-115.288360,3775,-65.00000,42.00000,192,ADSB
2022-07-17T18:56:53.486,36.239669,-115.288725,3800,-64.00000,40.00000,256,ADSB
2022-07-17T18:56:54.516,36.239820,-115.289090,3800,-64.00000,39.00000,320,ADSB
2022-07-17T18:56:55.516,36.240034,-115.289476,3800,-64.00000,39.00000,320,ADSB
2022-07-17T18:56:56.533,36.240184,-115.289841,3800,-64.00000,40.00000,320,ADSB
2022-07-17T18:56:57.611,36.240399,-115.290184,3800,-64.00000,40.00000,128,ADSB
2022-07-17T18:56:58.595,36.240592,-115.290592,3800,-64.00000,40.00000,128,ADSB
2022-07-17T18:56:59.578,36.240785,-115.290935,3825,-65.00000,41.00000,64,ADSB
2022-07-17T18:57:00.563,36.240957,-115.291321,3825,-66.00000,40.00000,64,ADSB
2022-07-17T18:57:01.611,36.241150,-115.291686,3825,-66.00000,40.00000,192,ADSB
2022-07-17T18:57:02.783,36.241343,-115.292072,3825,-66.00000,40.00000,320,ADSB
2022-07-17T18:57:03.502,36.241515,-115.292459,3850,-65.00000,42.00000,384,ADSB
2022-07-17T18:57:04.626,36.241708,-115.292823,3850,-64.00000,41.00000,448,ADSB
2022-07-17T18:57:05.736,36.241901,-115.293167,3850,-63.00000,42.00000,384,ADSB
2022-07-17T18:57:06.705,36.242115,-115.293553,3875,-62.00000,42.00000,384,ADSB
2022-07-17T18:57:07.705,36.242330,-115.293961,3900,-62.00000,42.00000,448,ADSB
2022-07-17T18:57:08.893,36.242545,-115.294325,3900,-61.00000,42.00000,384,ADSB
2022-07-17T18:57:10.001,36.242781,-115.294733,3900,-60.00000,43.00000,448,ADSB
2022-07-17T18:57:11.096,36.242974,-115.295055,3925,-59.00000,45.00000,384,ADSB
2022-07-17T18:57:12.143,36.243210,-115.295441,3925,-59.00000,45.00000,320,ADSB
2022-07-17T18:57:13.205,36.243424,-115.295784,3925,-59.00000,45.00000,384,ADSB
2022-07-17T18:57:14.174,36.243660,-115.296128,3925,-58.00000,47.00000,448,ADSB
2022-07-17T18:57:15.344,36.243896,-115.296535,3950,-58.00000,47.00000,448,ADSB
2022-07-17T18:57:16.392,36.244133,-115.296836,3950,-56.00000,49.00000,320,ADSB
2022-07-17T18:57:17.455,36.244347,-115.297158,3950,-55.00000,50.00000,192,ADSB
2022-07-17T18:57:18.439,36.244605,-115.297480,3950,-55.00000,51.00000,320,ADSB
2022-07-17T18:57:19.547,36.244884,-115.297823,3950,-53.00000,53.00000,320,ADSB
2022-07-17T18:57:20.454,36.245141,-115.298145,3950,-51.00000,55.00000,192,ADSB
2022-07-17T18:57:21.486,36.245441,-115.298424,3975,-51.00000,56.00000,128,ADSB
2022-07-17T18:57:22.517,36.245635,-115.298703,3975,-50.00000,56.00000,256,ADSB
2022-07-17T18:57:23.596,36.245892,-115.299003,3975,-50.00000,56.00000,256,ADSB
2022-07-17T18:57:24.610,36.246192,-115.299282,3975,-51.00000,55.00000,192,ADSB
2022-07-17T18:57:25.601,36.246407,-115.299582,4000,-52.00000,54.00000,512,ADSB
2022-07-17T18:57:26.571,36.246686,-115.299904,4000,-52.00000,54.00000,448,ADSB
2022-07-17T18:57:27.618,36.246922,-115.300162,4000,-52.00000,54.00000,448,ADSB
2022-07-17T18:57:28.680,36.247201,-115.300570,4000,-52.00000,54.00000,384,ADSB
2022-07-17T18:57:29.844,36.247458,-115.300827,4025,-52.00000,54.00000,320,ADSB
2022-07-17T18:57:31.001,36.247737,-115.301235,4025,-53.00000,53.00000,320,ADSB
2022-07-17T18:57:31.971,36.247995,-115.301514,4025,-52.00000,52.00000,256,ADSB
2022-07-17T18:57:33.081,36.248252,-115.301793,4025,-53.00000,51.00000,320,ADSB
2022-07-17T18:57:34.065,36.248467,-115.302093,4025,-53.00000,51.00000,192,ADSB
2022-07-17T18:57:35.094,36.248789,-115.302501,4025,-53.00000,51.00000,192,ADSB
2022-07-17T18:57:35.986,36.248960,-115.302737,4050,-53.00000,51.00000,256,ADSB
2022-07-17T18:57:37.033,36.249197,-115.303059,4050,-54.00000,52.00000,0,ADSB
2022-07-17T18:57:38.174,36.249475,-115.303402,4050,-55.00000,51.00000,-64,ADSB
2022-07-17T18:57:39.096,36.249712,-115.303724,4050,-56.00000,50.00000,64,ADSB
2022-07-17T18:57:40.110,36.249948,-115.304089,4050,-56.00000,50.00000,128,ADSB
2022-07-17T18:57:41.127,36.250184,-115.304368,4050,-57.00000,50.00000,192,ADSB
2022-07-17T18:57:41.940,36.250377,-115.304604,4050,-56.00000,51.00000,192,ADSB
2022-07-17T18:57:43.033,36.250634,-115.304947,4050,-55.00000,53.00000,320,ADSB
2022-07-17T18:57:43.987,36.250870,-115.305247,4075,-54.00000,54.00000,320,ADSB
2022-07-17T18:57:45.578,36.251256,-115.305784,4075,-55.00000,53.00000,320,ADSB
2022-07-17T18:57:46.568,36.251493,-115.306084,4075,-55.00000,53.00000,192,ADSB
2022-07-17T18:57:47.552,36.251771,-115.306427,4075,-56.00000,54.00000,256,ADSB
2022-07-17T18:57:48.740,36.252093,-115.306771,4075,-56.00000,54.00000,384,ADSB
2022-07-17T18:57:49.672,36.252329,-115.307114,4100,-55.00000,55.00000,384,ADSB
2022-07-17T18:57:50.735,36.252608,-115.307415,4100,-55.00000,57.00000,512,ADSB
2022-07-17T18:57:51.830,36.252866,-115.307758,4125,-55.00000,57.00000,512,ADSB
2022-07-17T18:57:52.800,36.253123,-115.308058,4125,-56.00000,56.00000,640,ADSB
2022-07-17T18:57:53.753,36.253381,-115.308380,4150,-57.00000,55.00000,704,ADSB
2022-07-17T18:57:54.766,36.253617,-115.308702,4150,-58.00000,54.00000,640,ADSB
2022-07-17T18:57:55.830,36.253874,-115.309067,4175,-59.00000,53.00000,640,ADSB
2022-07-17T18:57:56.908,36.254153,-115.309474,4200,-59.00000,53.00000,704,ADSB
2022-07-17T18:57:57.892,36.254389,-115.309753,4200,-60.00000,52.00000,768,ADSB
2022-07-17T18:57:58.939,36.254647,-115.310161,4200,-59.00000,53.00000,576,ADSB
2022-07-17T18:57:59.876,36.254883,-115.310462,4200,-59.00000,53.00000,512,ADSB
2022-07-17T18:58:01.049,36.255162,-115.310783,4200,-58.00000,54.00000,320,ADSB
2022-07-17T18:58:02.080,36.255398,-115.311105,4200,-56.00000,54.00000,320,ADSB
2022-07-17T18:58:03.143,36.255720,-115.311513,4225,-56.00000,54.00000,320,ADSB
2022-07-17T18:58:04.111,36.255934,-115.311813,4250,-55.00000,53.00000,192,ADSB
2022-07-17T18:58:05.173,36.256192,-115.312157,4250,-55.00000,53.00000,256,ADSB
2022-07-17T18:58:06.018,36.256363,-115.312393,4250,-55.00000,53.00000,448,ADSB
2022-07-17T18:58:07.065,36.256642,-115.312736,4275,-54.00000,52.00000,576,ADSB
2022-07-17T18:58:08.158,36.256943,-115.313079,4275,-53.00000,53.00000,576,ADSB
2022-07-17T18:58:09.127,36.257157,-115.313380,4300,-53.00000,53.00000,512,ADSB
2022-07-17T18:58:10.001,36.257350,-115.313616,4300,-53.00000,53.00000,448,ADSB
2022-07-17T18:58:11.049,36.257629,-115.313873,4300,-53.00000,53.00000,448,ADSB
2022-07-17T18:58:11.956,36.257865,-115.314195,4300,-52.00000,54.00000,384,ADSB
2022-07-17T18:58:13.096,36.258123,-115.314496,4300,-52.00000,54.00000,320,ADSB
2022-07-17T18:58:14.049,36.258402,-115.314839,4325,-52.00000,54.00000,320,ADSB
2022-07-17T18:58:15.204,36.258659,-115.315139,4325,-54.00000,54.00000,256,ADSB
2022-07-17T18:58:16.236,36.258917,-115.315483,4325,-54.00000,54.00000,256,ADSB
2022-07-17T18:58:17.236,36.259174,-115.315783,4325,-54.00000,54.00000,256,ADSB
2022-07-17T18:58:18.314,36.259453,-115.316126,4325,-54.00000,54.00000,192,ADSB
2022-07-17T18:58:19.423,36.259732,-115.316448,4325,-54.00000,54.00000,192,ADSB
2022-07-17T18:58:20.470,36.260011,-115.316856,4350,-55.00000,53.00000,192,ADSB
2022-07-17T18:58:21.565,36.260290,-115.317178,4350,-55.00000,53.00000,192,ADSB
2022-07-17T18:58:22.721,36.260569,-115.317521,4350,-55.00000,53.00000,256,ADSB
2022-07-17T18:58:23.690,36.260827,-115.317886,4350,-55.00000,55.00000,192,ADSB
2022-07-17T18:58:24.704,36.261084,-115.318165,4350,-55.00000,55.00000,192,ADSB
2022-07-17T18:58:25.766,36.261342,-115.318508,4350,-55.00000,55.00000,128,ADSB
2022-07-17T18:58:26.908,36.261578,-115.318809,4350,-55.00000,55.00000,192,ADSB
2022-07-17T18:58:27.861,36.261835,-115.319130,4375,-55.00000,55.00000,256,ADSB
2022-07-17T18:58:28.814,36.262093,-115.319452,4375,-54.00000,56.00000,256,ADSB
2022-07-17T18:58:29.751,36.262350,-115.319774,4375,-54.00000,56.00000,256,ADSB
2022-07-17T18:58:30.924,36.262672,-115.320117,4375,-53.00000,57.00000,256,ADSB
2022-07-17T18:58:31.986,36.262929,-115.320396,4375,-53.00000,57.00000,256,ADSB
2022-07-17T18:58:32.924,36.263208,-115.320675,4375,-53.00000,57.00000,192,ADSB
2022-07-17T18:58:33.971,36.263444,-115.321040,4400,-53.00000,57.00000,256,ADSB
2022-07-17T18:58:35.095,36.263831,-115.321383,4400,-53.00000,57.00000,256,ADSB
2022-07-17T18:58:36.268,36.264045,-115.321662,4400,-53.00000,57.00000,256,ADSB
2022-07-17T18:58:37.346,36.264367,-115.322049,4400,-53.00000,55.00000,256,ADSB
2022-07-17T18:58:38.409,36.264603,-115.322371,4400,-54.00000,54.00000,256,ADSB
2022-07-17T18:58:39.407,36.264861,-115.322692,4425,-55.00000,53.00000,448,ADSB
2022-07-17T18:58:40.438,36.265140,-115.323079,4425,-55.00000,53.00000,448,ADSB
2022-07-17T18:58:41.424,36.265376,-115.323315,4450,-54.00000,52.00000,512,ADSB
2022-07-17T18:58:42.377,36.265590,-115.323594,4450,-53.00000,53.00000,576,ADSB
2022-07-17T18:58:43.314,36.265826,-115.323894,4450,-53.00000,53.00000,512,ADSB
2022-07-17T18:58:44.376,36.266062,-115.324194,4475,-53.00000,53.00000,512,ADSB
2022-07-17T18:58:45.501,36.266384,-115.324602,4475,-52.00000,54.00000,448,ADSB
2022-07-17T18:58:46.455,36.266577,-115.324838,4500,-52.00000,54.00000,448,ADSB
2022-07-17T18:58:47.471,36.266835,-115.325096,4500,-51.00000,55.00000,448,ADSB
2022-07-17T18:58:48.393,36.267071,-115.325418,4525,-51.00000,55.00000,448,ADSB
2022-07-17T18:58:49.485,36.267414,-115.325761,4525,-50.00000,56.00000,384,ADSB
2022-07-17T18:58:50.532,36.267650,-115.326061,4525,-49.00000,57.00000,320,ADSB
2022-07-17T18:58:51.612,36.267908,-115.326297,4500,-50.00000,57.00000,320,ADSB
2022-07-17T18:58:52.627,36.268208,-115.326641,4525,-50.00000,57.00000,192,ADSB
2022-07-17T18:58:53.721,36.268530,-115.326920,4550,-50.00000,57.00000,320,ADSB
2022-07-17T18:58:54.658,36.268744,-115.327156,4550,-50.00000,57.00000,384,ADSB
2022-07-17T18:58:55.596,36.268981,-115.327456,4550,-50.00000,57.00000,384,ADSB
2022-07-17T18:58:56.581,36.269259,-115.327778,4575,-51.00000,56.00000,384,ADSB
2022-07-17T18:58:57.566,36.269495,-115.328035,4575,-51.00000,56.00000,448,ADSB
2022-07-17T18:58:58.566,36.269753,-115.328357,4575,-50.00000,56.00000,640,ADSB
2022-07-17T18:58:59.595,36.270010,-115.328636,4600,-50.00000,56.00000,448,ADSB
2022-07-17T18:59:00.642,36.270268,-115.328872,4600,-50.00000,56.00000,576,ADSB
2022-07-17T18:59:01.737,36.270590,-115.329258,4625,-50.00000,54.00000,704,ADSB
2022-07-17T18:59:02.752,36.270847,-115.329559,4625,-50.00000,54.00000,576,ADSB
2022-07-17T18:59:03.768,36.271083,-115.329838,4625,-50.00000,54.00000,576,ADSB
2022-07-17T18:59:04.893,36.271362,-115.330181,4650,-50.00000,53.00000,512,ADSB
2022-07-17T18:59:05.879,36.271641,-115.330439,4650,-49.00000,54.00000,512,ADSB
2022-07-17T18:59:06.754,36.271834,-115.330675,4650,-48.00000,55.00000,512,ADSB
2022-07-17T18:59:07.707,36.272092,-115.330932,4650,-47.00000,56.00000,320,ADSB
2022-07-17T18:59:08.816,36.272349,-115.331190,4675,-49.00000,56.00000,192,ADSB
2022-07-17T18:59:09.782,36.272607,-115.331490,4675,-50.00000,55.00000,128,ADSB
2022-07-17T18:59:10.798,36.272843,-115.331790,4675,-50.00000,54.00000,0,ADSB
2022-07-17T18:59:11.861,36.273186,-115.332134,4675,-52.00000,54.00000,-128,ADSB
2022-07-17T18:59:12.830,36.273358,-115.332370,4675,-53.00000,53.00000,0,ADSB
2022-07-17T18:59:13.705,36.273551,-115.332606,4675,-54.00000,52.00000,128,ADSB
2022-07-17T18:59:14.673,36.273787,-115.332928,4675,-55.00000,51.00000,192,ADSB
2022-07-17T18:59:15.689,36.274066,-115.333335,4675,-56.00000,50.00000,256,ADSB
2022-07-17T18:59:16.721,36.274302,-115.333657,4675,-55.00000,50.00000,320,ADSB
2022-07-17T18:59:17.877,36.274517,-115.333958,4675,-54.00000,49.00000,384,ADSB
2022-07-17T18:59:18.799,36.274753,-115.334237,4700,-54.00000,49.00000,384,ADSB
2022-07-17T18:59:19.814,36.274989,-115.334580,4700,-54.00000,49.00000,320,ADSB
2022-07-17T18:59:20.925,36.275246,-115.334923,4700,-55.00000,50.00000,320,ADSB
2022-07-17T18:59:21.815,36.275439,-115.335224,4700,-55.00000,50.00000,320,ADSB
2022-07-17T18:59:22.581,36.275611,-115.335438,4700,-55.00000,50.00000,320,ADSB
2022-07-17T18:59:23.737,36.275890,-115.335846,4725,-56.00000,50.00000,192,ADSB
2022-07-17T18:59:24.837,36.276104,-115.336168,4725,-56.00000,50.00000,128,ADSB
2022-07-17T18:59:25.779,36.276362,-115.336468,4725,-56.00000,50.00000,128,ADSB
2022-07-17T18:59:26.874,36.276619,-115.336812,4725,-56.00000,52.00000,0,ADSB
2022-07-17T18:59:27.764,36.276855,-115.337112,4725,-56.00000,53.00000,0,ADSB
2022-07-17T18:59:28.796,36.277092,-115.337455,4725,-56.00000,53.00000,0,ADSB
2022-07-17T18:59:30.454,36.277456,-115.337927,4725,-57.00000,53.00000,0,ADSB
2022-07-17T18:59:31.691,36.277778,-115.338335,4725,-57.00000,53.00000,-128,ADSB
2022-07-17T18:59:32.566,36.278036,-115.338700,4725,-58.00000,52.00000,0,ADSB
2022-07-17T18:59:33.550,36.278250,-115.339022,4725,-58.00000,52.00000,64,ADSB
2022-07-17T18:59:34.595,36.278508,-115.339344,4725,-56.00000,53.00000,256,ADSB
2022-07-17T18:59:35.595,36.278765,-115.339622,4725,-55.00000,53.00000,256,ADSB
2022-07-17T18:59:36.659,36.279087,-115.340030,4725,-54.00000,54.00000,192,ADSB
2022-07-17T18:59:37.752,36.279323,-115.340374,4725,-53.00000,55.00000,256,ADSB
2022-07-17T18:59:38.690,36.279602,-115.340610,4725,-53.00000,55.00000,256,ADSB
2022-07-17T18:59:39.783,36.279838,-115.340931,4750,-53.00000,56.00000,256,ADSB
2022-07-17T18:59:40.673,36.280053,-115.341167,4750,-53.00000,56.00000,256,ADSB
2022-07-17T18:59:41.737,36.280375,-115.341511,4750,-53.00000,56.00000,256,ADSB
2022-07-17T18:59:43.221,36.280718,-115.341961,4750,-53.00000,56.00000,256,ADSB
2022-07-17T18:59:44.222,36.280975,-115.342262,4750,-52.00000,58.00000,128,ADSB
2022-07-17T18:59:45.299,36.281297,-115.342605,4750,-53.00000,57.00000,64,ADSB
2022-07-17T18:59:46.399,36.281555,-115.342884,4750,-52.00000,58.00000,128,ADSB
2022-07-17T18:59:47.414,36.281855,-115.343227,4775,-53.00000,59.00000,128,ADSB
2022-07-17T18:59:48.414,36.282113,-115.343463,4775,-52.00000,60.00000,128,ADSB
2022-07-17T18:59:49.227,36.282349,-115.343699,4775,-52.00000,60.00000,128,ADSB
2022-07-17T18:59:50.345,36.282670,-115.344064,4775,-51.00000,61.00000,128,ADSB
2022-07-17T18:59:51.424,36.282949,-115.344365,4775,-51.00000,61.00000,128,ADSB
2022-07-17T18:59:52.503,36.283228,-115.344708,4775,-53.00000,61.00000,64,ADSB
2022-07-17T18:59:53.566,36.283615,-115.345051,4775,-53.00000,61.00000,64,ADSB
2022-07-17T18:59:54.673,36.283937,-115.345459,4775,-53.00000,61.00000,128,ADSB
2022-07-17T18:59:55.673,36.284215,-115.345738,4775,-52.00000,62.00000,128,ADSB
2022-07-17T18:59:56.580,36.284494,-115.345974,4775,-51.00000,63.00000,128,ADSB
2022-07-17T18:59:57.549,36.284773,-115.346210,4775,-49.00000,65.00000,256,ADSB
2022-07-17T18:59:58.455,36.285009,-115.346446,4800,-48.00000,66.00000,128,ADSB
2022-07-17T18:59:59.407,36.285331,-115.346725,4800,-48.00000,66.00000,128,ADSB
2022-07-17T19:00:00.392,36.285610,-115.346982,4800,-48.00000,66.00000,128,ADSB
2022-07-17T19:00:01.362,36.285911,-115.347283,4800,-48.00000,66.00000,192,ADSB
2022-07-17T19:00:02.877,36.286426,-115.347691,4800,-46.00000,66.00000,384,ADSB
2022-07-17T19:00:03.924,36.286726,-115.347970,4825,-45.00000,65.00000,448,ADSB
2022-07-17T19:00:04.970,36.287026,-115.348206,4825,-44.00000,65.00000,512,ADSB
2022-07-17T19:00:05.987,36.287327,-115.348442,4825,-44.00000,65.00000,448,ADSB
2022-07-17T19:00:06.956,36.287606,-115.348721,4850,-44.00000,65.00000,320,ADSB
2022-07-17T19:00:08.003,36.287928,-115.348957,4850,-44.00000,65.00000,192,ADSB
2022-07-17T19:00:09.018,36.288249,-115.349236,4850,-44.00000,65.00000,192,ADSB
2022-07-17T19:00:09.877,36.288486,-115.349407,4850,-44.00000,65.00000,64,ADSB
2022-07-17T19:00:10.877,36.288764,-115.349665,4875,-44.00000,65.00000,128,ADSB
2022-07-17T19:00:11.940,36.289151,-115.349965,4875,-44.00000,65.00000,192,ADSB
2022-07-17T19:00:13.128,36.289451,-115.350201,4875,-44.00000,65.00000,192,ADSB
2022-07-17T19:00:14.066,36.289752,-115.350480,4875,-44.00000,65.00000,192,ADSB
2022-07-17T19:00:14.985,36.290030,-115.350716,4875,-43.00000,66.00000,128,ADSB
2022-07-17T19:00:16.065,36.290352,-115.350952,4875,-43.00000,66.00000,192,ADSB
2022-07-17T19:00:17.049,36.290674,-115.351231,4900,-42.00000,67.00000,192,ADSB
2022-07-17T19:00:18.174,36.291039,-115.351467,4900,-42.00000,67.00000,192,ADSB
2022-07-17T19:00:19.159,36.291339,-115.351768,4900,-42.00000,67.00000,256,ADSB
2022-07-17T19:00:20.048,36.291618,-115.351939,4900,-42.00000,67.00000,192,ADSB
2022-07-17T19:00:21.003,36.291919,-115.352154,4900,-42.00000,67.00000,128,ADSB
2022-07-17T19:00:22.190,36.292284,-115.352497,4900,-42.00000,67.00000,256,ADSB
2022-07-17T19:00:23.143,36.292584,-115.352712,4900,-42.00000,67.00000,192,ADSB
2022-07-17T19:00:24.003,36.292863,-115.352883,4900,-42.00000,67.00000,192,ADSB
2022-07-17T19:00:24.923,36.293142,-115.353119,4925,-42.00000,68.00000,192,ADSB
2022-07-17T19:00:26.080,36.293485,-115.353398,4925,-42.00000,68.00000,192,ADSB
2022-07-17T19:00:27.221,36.293850,-115.353699,4925,-41.00000,69.00000,192,ADSB
2022-07-17T19:00:28.127,36.294150,-115.353870,4925,-41.00000,68.00000,256,ADSB
2022-07-17T19:00:29.112,36.294494,-115.354171,4925,-41.00000,68.00000,256,ADSB
2022-07-17T19:00:30.189,36.294794,-115.354385,4950,-41.00000,68.00000,256,ADSB
2022-07-17T19:00:31.080,36.295094,-115.354578,4950,-42.00000,67.00000,192,ADSB
2022-07-17T19:00:32.127,36.295395,-115.354836,4950,-42.00000,67.00000,256,ADSB
2022-07-17T19:00:33.284,36.295760,-115.355136,4950,-41.00000,66.00000,384,ADSB
2022-07-17T19:00:34.237,36.296039,-115.355308,4975,-41.00000,66.00000,512,ADSB
2022-07-17T19:00:35.252,36.296360,-115.355566,4975,-41.00000,66.00000,512,ADSB
2022-07-17T19:00:36.253,36.296639,-115.355823,4975,-41.00000,66.00000,512,ADSB
2022-07-17T19:00:37.237,36.296918,-115.356038,5000,-41.00000,66.00000,576,ADSB
2022-07-17T19:00:38.331,36.297283,-115.356338,5000,-42.00000,65.00000,576,ADSB
2022-07-17T19:00:39.392,36.297584,-115.356553,5025,-44.00000,65.00000,512,ADSB
2022-07-17T19:00:40.408,36.297905,-115.356853,5025,-44.00000,65.00000,512,ADSB
2022-07-17T19:00:41.487,36.298227,-115.357068,5025,-44.00000,65.00000,640,ADSB
2022-07-17T19:00:42.456,36.298506,-115.357325,5050,-44.00000,65.00000,576,ADSB
2022-07-17T19:00:43.519,36.298871,-115.357604,5050,-42.00000,65.00000,448,ADSB
2022-07-17T19:00:44.423,36.299107,-115.357840,5050,-42.00000,65.00000,384,ADSB
2022-07-17T19:00:45.627,36.299472,-115.358140,5075,-42.00000,65.00000,384,ADSB
2022-07-17T19:00:46.441,36.299794,-115.358398,5075,-42.00000,65.00000,320,ADSB
2022-07-17T19:00:47.519,36.300094,-115.358613,5100,-42.00000,65.00000,256,ADSB
2022-07-17T19:00:48.519,36.300395,-115.358913,5100,-44.00000,65.00000,320,ADSB
2022-07-17T19:00:50.001,36.300824,-115.359192,5100,-44.00000,65.00000,448,ADSB
2022-07-17T19:00:50.892,36.301124,-115.359471,5125,-44.00000,65.00000,384,ADSB
2022-07-17T19:00:52.471,36.301532,-115.359771,5125,-43.00000,66.00000,384,ADSB
2022-07-17T19:00:53.362,36.301854,-115.360050,5125,-43.00000,66.00000,384,ADSB
2022-07-17T19:00:54.689,36.302218,-115.360329,5125,-43.00000,66.00000,512,ADSB
2022-07-17T19:00:55.414,36.302454,-115.360501,5150,-42.00000,68.00000,256,ADSB
2022-07-17T19:00:56.399,36.302776,-115.360780,5150,-41.00000,68.00000,448,ADSB
2022-07-17T19:00:57.399,36.303077,-115.361016,5175,-41.00000,68.00000,704,ADSB
2022-07-17T19:00:58.493,36.303506,-115.361316,5175,-41.00000,68.00000,640,ADSB
2022-07-17T19:00:59.486,36.303806,-115.361531,5200,-39.00000,68.00000,640,ADSB
2022-07-17T19:01:00.564,36.304085,-115.361767,5200,-39.00000,68.00000,704,ADSB
2022-07-17T19:01:01.706,36.304514,-115.362003,5225,-38.00000,69.00000,768,ADSB
2022-07-17T19:01:02.706,36.304793,-115.362239,5225,-38.00000,69.00000,640,ADSB
2022-07-17T19:01:03.800,36.305137,-115.362453,5250,-39.00000,68.00000,384,ADSB
2022-07-17T19:01:04.877,36.305437,-115.362647,5250,-39.00000,68.00000,384,ADSB
2022-07-17T19:01:05.705,36.305737,-115.362904,5250,-39.00000,68.00000,384,ADSB
2022-07-17T19:01:06.737,36.306038,-115.363162,5250,-40.00000,67.00000,320,ADSB
2022-07-17T19:01:07.675,36.306317,-115.363333,5250,-42.00000,65.00000,384,ADSB
2022-07-17T19:01:08.534,36.306617,-115.363591,5275,-43.00000,64.00000,448,ADSB
2022-07-17T19:01:09.642,36.306875,-115.363805,5275,-42.00000,63.00000,512,ADSB
2022-07-17T19:01:10.579,36.307197,-115.364063,5275,-41.00000,64.00000,512,ADSB
2022-07-17T19:01:11.721,36.307518,-115.364342,5300,-41.00000,64.00000,576,ADSB
2022-07-17T19:01:13.331,36.308033,-115.364685,5300,-40.00000,64.00000,448,ADSB
2022-07-17T19:01:14.206,36.308248,-115.364921,5300,-40.00000,64.00000,448,ADSB
2022-07-17T19:01:15.314,36.308634,-115.365136,5325,-41.00000,65.00000,384,ADSB
2022-07-17T19:01:16.456,36.308935,-115.365393,5325,-42.00000,65.00000,256,ADSB
2022-07-17T19:01:17.409,36.309214,-115.365651,5325,-43.00000,64.00000,256,ADSB
2022-07-17T19:01:18.909,36.309686,-115.366058,5325,-45.00000,61.00000,256,ADSB
2022-07-17T19:01:20.346,36.310050,-115.366445,5325,-47.00000,60.00000,128,ADSB
2022-07-17T19:01:21.394,36.310308,-115.366681,5325,-48.00000,60.00000,128,ADSB
2022-07-17T19:01:22.378,36.310608,-115.366960,5325,-47.00000,61.00000,64,ADSB
2022-07-17T19:01:23.456,36.310909,-115.367260,5325,-48.00000,60.00000,0,ADSB
2022-07-17T19:01:24.315,36.311166,-115.367539,5325,-47.00000,60.00000,128,ADSB
2022-07-17T19:01:25.267,36.311467,-115.367839,5325,-47.00000,60.00000,128,ADSB
2022-07-17T19:01:26.409,36.311724,-115.368075,5350,-47.00000,60.00000,256,ADSB
2022-07-17T19:01:27.518,36.312046,-115.368419,5350,-46.00000,59.00000,448,ADSB
2022-07-17T19:01:28.534,36.312325,-115.368698,5350,-46.00000,59.00000,576,ADSB
2022-07-17T19:01:29.424,36.312561,-115.368869,5375,-47.00000,58.00000,576,ADSB
2022-07-17T19:01:30.424,36.312797,-115.369127,5375,-47.00000,58.00000,512,ADSB
2022-07-17T19:01:31.534,36.313162,-115.369470,5400,-46.00000,59.00000,448,ADSB
2022-07-17T19:01:32.519,36.313441,-115.369728,5400,-45.00000,60.00000,384,ADSB
2022-07-17T19:01:33.691,36.313806,-115.370007,5425,-45.00000,61.00000,320,ADSB
2022-07-17T19:01:34.565,36.314020,-115.370243,5425,-44.00000,62.00000,320,ADSB
2022-07-17T19:01:35.675,36.314342,-115.370522,5450,-42.00000,63.00000,320,ADSB
2022-07-17T19:01:36.692,36.314664,-115.370758,5450,-42.00000,65.00000,320,ADSB
2022-07-17T19:01:37.754,36.314943,-115.370972,5450,-41.00000,65.00000,320,ADSB
2022-07-17T19:01:39.408,36.315436,-115.371315,5450,-40.00000,66.00000,256,ADSB
2022-07-17T19:01:40.486,36.315737,-115.371573,5475,-40.00000,66.00000,320,ADSB
2022-07-17T19:01:41.456,36.316037,-115.371830,5475,-39.00000,65.00000,320,ADSB
2022-07-17T19:01:42.456,36.316338,-115.372045,5475,-40.00000,66.00000,320,ADSB
2022-07-17T19:01:43.284,36.316638,-115.372238,5475,-40.00000,66.00000,384,ADSB
2022-07-17T19:01:44.736,36.317067,-115.372581,5475,-41.00000,65.00000,384,ADSB
2022-07-17T19:01:45.736,36.317410,-115.372818,5500,-41.00000,65.00000,256,ADSB
2022-07-17T19:01:46.585,36.317647,-115.373032,5500,-42.00000,65.00000,320,ADSB
2022-07-17T19:01:47.710,36.318011,-115.373333,5500,-42.00000,65.00000,256,ADSB
2022-07-17T19:01:48.820,36.318290,-115.373569,5500,-42.00000,65.00000,320,ADSB
2022-07-17T19:01:49.736,36.318612,-115.373783,5500,-43.00000,66.00000,384,ADSB
2022-07-17T19:01:50.861,36.318934,-115.374041,5525,-43.00000,66.00000,384,ADSB
2022-07-17T19:01:51.941,36.319256,-115.374320,5525,-42.00000,68.00000,256,ADSB
2022-07-17T19:01:52.769,36.319535,-115.374513,5525,-41.00000,69.00000,256,ADSB
2022-07-17T19:01:53.816,36.319878,-115.374749,5525,-42.00000,69.00000,128,ADSB
2022-07-17T19:01:55.002,36.320243,-115.375049,5525,-40.00000,70.00000,256,ADSB
2022-07-17T19:01:56.190,36.320672,-115.375328,5550,-40.00000,70.00000,256,ADSB
2022-07-17T19:01:57.098,36.320994,-115.375564,5550,-40.00000,70.00000,256,ADSB
2022-07-17T19:01:58.129,36.321294,-115.375779,5550,-40.00000,70.00000,128,ADSB
2022-07-17T19:01:59.160,36.321638,-115.376015,5550,-40.00000,70.00000,0,ADSB
2022-07-17T19:02:00.236,36.321938,-115.376251,5550,-40.00000,70.00000,128,ADSB
2022-07-17T19:02:01.300,36.322303,-115.376530,5550,-40.00000,69.00000,192,ADSB
2022-07-17T19:02:02.222,36.322582,-115.376701,5550,-40.00000,69.00000,192,ADSB
2022-07-17T19:02:03.113,36.322904,-115.376894,5550,-38.00000,69.00000,256,ADSB
2022-07-17T19:02:04.144,36.323225,-115.377152,5550,-39.00000,68.00000,192,ADSB
2022-07-17T19:02:05.738,36.323740,-115.377560,5575,-41.00000,68.00000,256,ADSB
2022-07-17T19:02:06.739,36.324019,-115.377774,5575,-42.00000,67.00000,256,ADSB
2022-07-17T19:02:07.677,36.324298,-115.377946,5575,-42.00000,65.00000,256,ADSB
2022-07-17T19:02:08.724,36.324620,-115.378246,5575,-44.00000,65.00000,320,ADSB
2022-07-17T19:02:09.674,36.324921,-115.378482,5600,-43.00000,64.00000,384,ADSB
2022-07-17T19:02:10.721,36.325221,-115.378761,5600,-43.00000,64.00000,384,ADSB
2022-07-17T19:02:11.581,36.325457,-115.378954,5600,-43.00000,64.00000,384,ADSB
2022-07-17T19:02:12.597,36.325736,-115.379212,5600,-42.00000,63.00000,384,ADSB
2022-07-17T19:02:13.628,36.326058,-115.379405,5600,-42.00000,63.00000,256,ADSB
2022-07-17T19:02:14.486,36.326337,-115.379684,5625,-41.00000,64.00000,192,ADSB
2022-07-17T19:02:15.565,36.326659,-115.379877,5625,-40.00000,64.00000,128,ADSB
2022-07-17T19:02:16.644,36.326938,-115.380135,5625,-40.00000,64.00000,128,ADSB
2022-07-17T19:02:17.550,36.327217,-115.380414,5625,-41.00000,64.00000,64,ADSB
2022-07-17T19:02:18.503,36.327538,-115.380585,5625,-42.00000,65.00000,64,ADSB
2022-07-17T19:02:19.565,36.327839,-115.380864,5625,-42.00000,65.00000,64,ADSB
2022-07-17T19:02:20.659,36.328161,-115.381100,5625,-42.00000,65.00000,0,ADSB
2022-07-17T19:02:21.769,36.328483,-115.381401,5625,-42.00000,65.00000,64,ADSB
2022-07-17T19:02:22.769,36.328804,-115.381637,5625,-41.00000,66.00000,64,ADSB
2022-07-17T19:02:23.785,36.329126,-115.381851,5625,-41.00000,66.00000,128,ADSB
2022-07-17T19:02:24.785,36.329405,-115.382109,5625,-41.00000,66.00000,128,ADSB
2022-07-17T19:02:25.564,36.329684,-115.382280,5625,-41.00000,66.00000,256,ADSB
2022-07-17T19:02:26.549,36.330006,-115.382538,5625,-41.00000,66.00000,256,ADSB
2022-07-17T19:02:27.440,36.330221,-115.382710,5650,-42.00000,65.00000,256,ADSB
2022-07-17T19:02:28.409,36.330521,-115.382967,5650,-44.00000,65.00000,384,ADSB
2022-07-17T19:02:29.252,36.330757,-115.383203,5650,-46.00000,63.00000,576,ADSB
2022-07-17T19:02:30.362,36.331079,-115.383503,5700,-47.00000,61.00000,576,ADSB
2022-07-17T19:02:31.347,36.331379,-115.383804,5700,-49.00000,59.00000,704,ADSB
2022-07-17T19:02:32.941,36.331830,-115.384254,5725,-50.00000,60.00000,832,ADSB
2022-07-17T19:02:33.832,36.332023,-115.384490,5725,-50.00000,60.00000,832,ADSB
2022-07-17T19:02:35.017,36.332388,-115.384834,5750,-49.00000,61.00000,576,ADSB
2022-07-17T19:02:36.190,36.332753,-115.385177,5775,-49.00000,62.00000,640,ADSB
2022-07-17T19:02:37.237,36.332989,-115.385435,5775,-49.00000,62.00000,576,ADSB
2022-07-17T19:02:38.300,36.333375,-115.385778,5775,-49.00000,62.00000,576,ADSB
2022-07-17T19:02:39.455,36.333654,-115.386035,5800,-49.00000,62.00000,512,ADSB
2022-07-17T19:02:40.565,36.333976,-115.386379,5800,-48.00000,61.00000,576,ADSB
2022-07-17T19:02:41.598,36.334298,-115.386658,5825,-47.00000,62.00000,576,ADSB
2022-07-17T19:02:42.661,36.334577,-115.386894,5825,-48.00000,63.00000,640,ADSB
2022-07-17T19:02:43.520,36.334856,-115.387194,5825,-48.00000,63.00000,640,ADSB
2022-07-17T19:02:44.346,36.335092,-115.387409,5850,-46.00000,64.00000,512,ADSB
2022-07-17T19:02:45.409,36.335413,-115.387623,5850,-45.00000,65.00000,384,ADSB
2022-07-17T19:02:46.535,36.335778,-115.387967,5850,-43.00000,66.00000,320,ADSB
2022-07-17T19:02:47.629,36.336079,-115.388181,5850,-42.00000,67.00000,384,ADSB
2022-07-17T19:02:49.035,36.336508,-115.388546,5875,-41.00000,68.00000,256,ADSB
2022-07-17T19:02:50.003,36.336808,-115.388761,5875,-41.00000,68.00000,320,ADSB
2022-07-17T19:02:50.956,36.337152,-115.388954,5875,-39.00000,68.00000,320,ADSB
2022-07-17T19:02:51.894,36.337473,-115.389233,5875,-40.00000,67.00000,256,ADSB
2022-07-17T19:02:53.051,36.337774,-115.389404,5875,-40.00000,67.00000,320,ADSB
2022-07-17T19:02:54.176,36.338160,-115.389683,5900,-41.00000,68.00000,320,ADSB
2022-07-17T19:02:55.033,36.338375,-115.389919,5900,-41.00000,68.00000,192,ADSB
2022-07-17T19:02:56.080,36.338718,-115.390112,5900,-41.00000,68.00000,192,ADSB
2022-07-17T19:02:57.049,36.339018,-115.390370,5900,-41.00000,68.00000,192,ADSB
2022-07-17T19:02:57.940,36.339319,-115.390563,5900,-40.00000,69.00000,256,ADSB
2022-07-17T19:02:59.034,36.339662,-115.390842,5925,-39.00000,70.00000,384,ADSB
2022-07-17T19:02:59.987,36.339984,-115.391035,5925,-39.00000,70.00000,448,ADSB
2022-07-17T19:03:01.191,36.340392,-115.391271,5950,-38.00000,69.00000,576,ADSB
2022-07-17T19:03:02.239,36.340714,-115.391529,5950,-38.00000,69.00000,576,ADSB
2022-07-17T19:03:03.161,36.341014,-115.391743,5950,-38.00000,69.00000,448,ADSB
2022-07-17T19:03:04.177,36.341357,-115.391979,5950,-38.00000,69.00000,448,ADSB
2022-07-17T19:03:05.299,36.341658,-115.392151,5975,-38.00000,71.00000,512,ADSB
2022-07-17T19:03:06.222,36.342001,-115.392387,5975,-38.00000,71.00000,512,ADSB
2022-07-17T19:03:07.331,36.342301,-115.392623,6000,-39.00000,70.00000,576,ADSB
2022-07-17T19:03:08.160,36.342645,-115.392838,6000,-39.00000,70.00000,640,ADSB
2022-07-17T19:03:09.222,36.342967,-115.393031,6025,-40.00000,69.00000,576,ADSB
2022-07-17T19:03:10.252,36.343267,-115.393288,6025,-41.00000,69.00000,448,ADSB
2022-07-17T19:03:11.238,36.343610,-115.393503,6025,-41.00000,68.00000,448,ADSB
2022-07-17T19:03:12.050,36.343803,-115.393739,6025,-42.00000,67.00000,384,ADSB
2022-07-17T19:03:12.957,36.344147,-115.393975,6025,-42.00000,67.00000,448,ADSB
2022-07-17T19:03:13.926,36.344447,-115.394189,6050,-42.00000,67.00000,384,ADSB
2022-07-17T19:03:15.159,36.344812,-115.394425,6050,-39.00000,68.00000,448,ADSB
2022-07-17T19:03:16.176,36.345155,-115.394661,6050,-39.00000,70.00000,384,ADSB
2022-07-17T19:03:17.410,36.345563,-115.394962,6075,-37.00000,72.00000,320,ADSB
2022-07-17T19:03:18.207,36.345842,-115.395069,6075,-37.00000,72.00000,192,ADSB
2022-07-17T19:03:19.176,36.346164,-115.395305,6075,-36.00000,74.00000,128,ADSB
2022-07-17T19:03:20.174,36.346443,-115.395477,6075,-36.00000,75.00000,128,ADSB
2022-07-17T19:03:21.111,36.346872,-115.395713,6075,-36.00000,75.00000,128,ADSB
2022-07-17T19:03:22.128,36.347215,-115.395927,6075,-36.00000,77.00000,-64,ADSB
2022-07-17T19:03:23.128,36.347537,-115.396099,6075,-35.00000,79.00000,-128,ADSB
2022-07-17T19:03:24.113,36.347945,-115.396335,6075,-35.00000,79.00000,-128,ADSB
2022-07-17T19:03:25.049,36.348267,-115.396507,6075,-34.00000,80.00000,-192,ADSB
2022-07-17T19:03:26.331,36.348717,-115.396721,6050,-33.00000,81.00000,-64,ADSB
2022-07-17T19:03:27.097,36.349061,-115.396893,6050,-33.00000,81.00000,0,ADSB
2022-07-17T19:03:28.081,36.349382,-115.397065,6075,-33.00000,81.00000,128,ADSB
2022-07-17T19:03:29.191,36.349854,-115.397301,6075,-33.00000,82.00000,0,ADSB
2022-07-17T19:03:30.299,36.350198,-115.397472,6075,-33.00000,83.00000,-64,ADSB
2022-07-17T19:03:31.316,36.350584,-115.397708,6075,-35.00000,82.00000,-128,ADSB
2022-07-17T19:03:32.284,36.350970,-115.397880,6050,-39.00000,80.00000,-256,ADSB
2022-07-17T19:03:33.222,36.351335,-115.398116,6050,-40.00000,79.00000,-192,ADSB
2022-07-17T19:03:34.270,36.351700,-115.398395,6050,-43.00000,77.00000,256,ADSB
2022-07-17T19:03:35.346,36.352108,-115.398674,6075,-42.00000,76.00000,384,ADSB
2022-07-17T19:03:36.347,36.352451,-115.398932,6075,-42.00000,76.00000,512,ADSB
2022-07-17T19:03:37.316,36.352730,-115.399103,6100,-42.00000,75.00000,576,ADSB
2022-07-17T19:03:38.300,36.353159,-115.399404,6100,-42.00000,75.00000,512,ADSB
2022-07-17T19:03:39.254,36.353481,-115.399640,6100,-41.00000,74.00000,448,ADSB
2022-07-17T19:03:40.331,36.353846,-115.399854,6125,-41.00000,74.00000,640,ADSB
2022-07-17T19:03:41.504,36.354275,-115.400155,6125,-41.00000,74.00000,576,ADSB
2022-07-17T19:03:42.644,36.354575,-115.400391,6150,-41.00000,73.00000,704,ADSB
2022-07-17T19:03:43.566,36.354918,-115.400627,6150,-41.00000,73.00000,704,ADSB
2022-07-17T19:03:44.628,36.355262,-115.400841,6175,-41.00000,73.00000,576,ADSB
2022-07-17T19:03:45.534,36.355627,-115.401099,6200,-40.00000,73.00000,640,ADSB
2022-07-17T19:03:46.538,36.355948,-115.401313,6200,-40.00000,73.00000,704,ADSB
2022-07-17T19:03:47.648,36.356270,-115.401549,6200,-40.00000,73.00000,640,ADSB
2022-07-17T19:03:48.601,36.356592,-115.401828,6200,-40.00000,73.00000,512,ADSB
2022-07-17T19:03:49.783,36.357000,-115.402043,6200,-39.00000,73.00000,384,ADSB
2022-07-17T19:03:50.566,36.357279,-115.402215,6225,-38.00000,72.00000,192,ADSB
2022-07-17T19:03:51.504,36.357622,-115.402429,6200,-38.00000,72.00000,192,ADSB
2022-07-17T19:03:52.567,36.357965,-115.402687,6225,-38.00000,72.00000,128,ADSB
2022-07-17T19:03:53.567,36.358330,-115.402901,6225,-36.00000,75.00000,128,ADSB
2022-07-17T19:03:54.565,36.358652,-115.403073,6225,-34.00000,76.00000,0,ADSB
2022-07-17T19:03:55.502,36.359017,-115.403309,6225,-34.00000,77.00000,-64,ADSB
2022-07-17T19:03:56.534,36.359296,-115.403438,6225,-34.00000,77.00000,-64,ADSB
2022-07-17T19:03:57.347,36.359661,-115.403588,6225,-34.00000,77.00000,-128,ADSB
2022-07-17T19:03:58.519,36.360068,-115.403888,6225,-35.00000,76.00000,-64,ADSB
2022-07-17T19:03:59.533,36.360412,-115.404081,6200,-35.00000,76.00000,-128,ADSB
2022-07-17T19:04:00.393,36.360691,-115.404253,6200,-35.00000,76.00000,-64,ADSB
2022-07-17T19:04:01.347,36.361034,-115.404446,6200,-35.00000,76.00000,0,ADSB
2022-07-17T19:04:02.363,36.361399,-115.404661,6200,-35.00000,76.00000,-64,ADSB
2022-07-17T19:04:03.253,36.361721,-115.404768,6200,-34.00000,77.00000,0,ADSB
2022-07-17T19:04:04.315,36.362150,-115.405004,6200,-34.00000,77.00000,-64,ADSB
2022-07-17T19:04:05.409,36.362450,-115.405262,6200,-34.00000,76.00000,-64,ADSB
2022-07-17T19:04:06.597,36.362836,-115.405412,6200,-35.00000,74.00000,192,ADSB
2022-07-17T19:04:07.504,36.363137,-115.405605,6200,-35.00000,74.00000,192,ADSB
2022-07-17T19:04:08.535,36.363566,-115.405884,6250,-36.00000,74.00000,256,ADSB
2022-07-17T19:04:09.628,36.363909,-115.406055,6250,-36.00000,73.00000,320,ADSB
2022-07-17T19:04:10.659,36.364253,-115.406291,6250,-36.00000,73.00000,320,ADSB
2022-07-17T19:04:11.568,36.364596,-115.406463,6250,-36.00000,73.00000,256,ADSB
2022-07-17T19:04:12.536,36.364832,-115.406635,6250,-34.00000,73.00000,320,ADSB
2022-07-17T19:04:13.521,36.365197,-115.406806,6250,-34.00000,73.00000,320,ADSB
2022-07-17T19:04:14.486,36.365626,-115.407085,6275,-33.00000,74.00000,320,ADSB
2022-07-17T19:04:15.518,36.365948,-115.407236,6275,-33.00000,75.00000,256,ADSB
2022-07-17T19:04:16.566,36.366313,-115.407429,6275,-32.00000,75.00000,256,ADSB
2022-07-17T19:04:17.441,36.366570,-115.407536,6275,-32.00000,75.00000,192,ADSB
2022-07-17T19:04:18.550,36.366935,-115.407751,6275,-32.00000,75.00000,128,ADSB
2022-07-17T19:04:19.331,36.367257,-115.407944,6275,-33.00000,73.00000,192,ADSB
2022-07-17T19:04:20.268,36.367536,-115.408115,6275,-33.00000,72.00000,320,ADSB
2022-07-17T19:04:21.317,36.367857,-115.408287,6300,-34.00000,70.00000,448,ADSB
2022-07-17T19:04:22.239,36.368179,-115.408523,6300,-35.00000,69.00000,512,ADSB
2022-07-17T19:04:23.395,36.368544,-115.408738,6325,-36.00000,68.00000,512,ADSB
2022-07-17T19:04:24.331,36.368845,-115.408974,6325,-37.00000,67.00000,448,ADSB
2022-07-17T19:04:25.408,36.369188,-115.409210,6325,-37.00000,67.00000,384,ADSB
2022-07-17T19:04:26.456,36.369488,-115.409381,6325,-37.00000,67.00000,256,ADSB
2022-07-17T19:04:27.613,36.369874,-115.409617,6325,-37.00000,67.00000,256,ADSB
2022-07-17T19:04:28.535,36.370153,-115.409832,6325,-37.00000,66.00000,192,ADSB
2022-07-17T19:04:30.487,36.370797,-115.410283,6350,-37.00000,65.00000,320,ADSB
2022-07-17T19:04:31.613,36.371076,-115.410497,6350,-37.00000,65.00000,256,ADSB
2022-07-17T19:04:32.722,36.371377,-115.410690,6350,-37.00000,64.00000,320,ADSB
2022-07-17T19:04:33.738,36.371677,-115.410905,6375,-36.00000,65.00000,320,ADSB
2022-07-17T19:04:34.628,36.371977,-115.411141,6375,-36.00000,65.00000,256,ADSB
2022-07-17T19:04:35.847,36.372342,-115.411377,6375,-35.00000,64.00000,256,ADSB
2022-07-17T19:04:36.832,36.372621,-115.411613,6375,-35.00000,64.00000,320,ADSB
2022-07-17T19:04:37.645,36.372943,-115.411785,6375,-35.00000,64.00000,320,ADSB
2022-07-17T19:04:38.660,36.373222,-115.412021,6400,-35.00000,64.00000,384,ADSB
2022-07-17T19:04:39.909,36.373587,-115.412192,6400,-34.00000,64.00000,384,ADSB
2022-07-17T19:04:41.003,36.373823,-115.412364,6400,-35.00000,63.00000,384,ADSB
2022-07-17T19:04:41.926,36.374145,-115.412600,6400,-33.00000,63.00000,448,ADSB
2022-07-17T19:04:42.911,36.374381,-115.412772,6425,-33.00000,63.00000,576,ADSB
2022-07-17T19:04:44.067,36.374681,-115.412986,6425,-33.00000,62.00000,640,ADSB
2022-07-17T19:04:44.909,36.375046,-115.413201,6450,-32.00000,63.00000,640,ADSB
2022-07-17T19:04:45.924,36.375282,-115.413330,6450,-32.00000,63.00000,576,ADSB
2022-07-17T19:04:47.300,36.375690,-115.413587,6475,-31.00000,64.00000,448,ADSB
2022-07-17T19:04:48.254,36.375968,-115.413780,6475,-32.00000,65.00000,384,ADSB
2022-07-17T19:04:49.362,36.376333,-115.413952,6475,-30.00000,65.00000,384,ADSB
2022-07-17T19:04:50.331,36.376612,-115.414124,6475,-30.00000,65.00000,320,ADSB
2022-07-17T19:04:51.285,36.376913,-115.414295,6475,-29.00000,66.00000,320,ADSB
2022-07-17T19:04:52.285,36.377192,-115.414402,6500,-28.00000,65.00000,320,ADSB
2022-07-17T19:04:53.332,36.377556,-115.414639,6500,-27.00000,66.00000,448,ADSB
2022-07-17T19:04:54.254,36.377792,-115.414746,6525,-27.00000,66.00000,448,ADSB
2022-07-17T19:04:55.299,36.378114,-115.414875,6550,-27.00000,66.00000,512,ADSB
2022-07-17T19:04:56.300,36.378393,-115.415046,6550,-25.00000,66.00000,512,ADSB
2022-07-17T19:04:57.347,36.378758,-115.415218,6575,-25.00000,66.00000,576,ADSB
2022-07-17T19:04:58.238,36.379037,-115.415325,6575,-24.00000,67.00000,512,ADSB
2022-07-17T19:04:59.239,36.379316,-115.415475,6575,-23.00000,67.00000,448,ADSB
2022-07-17T19:05:00.346,36.379616,-115.415604,6575,-23.00000,67.00000,512,ADSB
2022-07-17T19:05:01.238,36.379960,-115.415754,6600,-23.00000,67.00000,512,ADSB
2022-07-17T19:05:02.254,36.380260,-115.415840,6600,-23.00000,67.00000,512,ADSB
2022-07-17T19:05:03.332,36.380582,-115.415990,6600,-22.00000,68.00000,448,ADSB
2022-07-17T19:05:04.270,36.380904,-115.416119,6625,-22.00000,68.00000,448,ADSB
2022-07-17T19:05:05.362,36.381269,-115.416248,6625,-23.00000,67.00000,448,ADSB
2022-07-17T19:05:06.410,36.381547,-115.416398,6625,-23.00000,67.00000,320,ADSB
2022-07-17T19:05:07.301,36.381869,-115.416527,6650,-24.00000,67.00000,384,ADSB
2022-07-17T19:05:08.301,36.382213,-115.416698,6650,-26.00000,67.00000,384,ADSB
2022-07-17T19:05:09.223,36.382427,-115.416806,6650,-27.00000,67.00000,320,ADSB
2022-07-17T19:05:10.425,36.382813,-115.417042,6650,-28.00000,66.00000,320,ADSB
2022-07-17T19:05:11.411,36.383092,-115.417149,6675,-29.00000,67.00000,384,ADSB
2022-07-17T19:05:12.395,36.383457,-115.417342,6675,-29.00000,67.00000,320,ADSB
2022-07-17T19:05:13.567,36.383822,-115.417514,6675,-28.00000,69.00000,256,ADSB
2022-07-17T19:05:14.721,36.384165,-115.417728,6675,-28.00000,70.00000,320,ADSB
2022-07-17T19:05:15.768,36.384530,-115.417900,6700,-28.00000,70.00000,448,ADSB
2022-07-17T19:05:16.816,36.384852,-115.418029,6700,-27.00000,70.00000,384,ADSB
2022-07-17T19:05:17.879,36.385152,-115.418179,6700,-27.00000,70.00000,384,ADSB
2022-07-17T19:05:18.863,36.385517,-115.418329,6700,-27.00000,70.00000,448,ADSB
2022-07-17T19:05:19.815,36.385796,-115.418522,6725,-27.00000,70.00000,512,ADSB
2022-07-17T19:05:20.629,36.386075,-115.418651,6725,-25.00000,70.00000,512,ADSB
2022-07-17T19:05:21.568,36.386397,-115.418801,6725,-25.00000,70.00000,512,ADSB
2022-07-17T19:05:22.677,36.386719,-115.418866,6725,-25.00000,70.00000,384,ADSB
2022-07-17T19:05:23.771,36.387084,-115.419102,6750,-26.00000,68.00000,384,ADSB
2022-07-17T19:05:24.753,36.387427,-115.419273,6750,-27.00000,68.00000,384,ADSB
2022-07-17T19:05:25.551,36.387641,-115.419381,6750,-29.00000,67.00000,384,ADSB
2022-07-17T19:05:26.521,36.387920,-115.419509,6775,-29.00000,67.00000,320,ADSB
2022-07-17T19:05:27.802,36.388307,-115.419681,6775,-29.00000,68.00000,256,ADSB
2022-07-17T19:05:28.708,36.388671,-115.419917,6775,-28.00000,70.00000,192,ADSB
2022-07-17T19:05:29.894,36.389015,-115.420067,6775,-28.00000,70.00000,192,ADSB
2022-07-17T19:05:30.691,36.389272,-115.420196,6775,-28.00000,70.00000,192,ADSB
2022-07-17T19:05:31.723,36.389658,-115.420411,6775,-28.00000,70.00000,128,ADSB
2022-07-17T19:05:32.692,36.389916,-115.420539,6775,-31.00000,69.00000,0,ADSB
2022-07-17T19:05:33.489,36.390152,-115.420711,6775,-32.00000,69.00000,64,ADSB
2022-07-17T19:05:34.551,36.390517,-115.420883,6775,-33.00000,68.00000,320,ADSB
2022-07-17T19:05:35.739,36.390924,-115.421162,6800,-33.00000,68.00000,384,ADSB
2022-07-17T19:05:36.865,36.391225,-115.421312,6800,-35.00000,69.00000,192,ADSB
2022-07-17T19:05:37.818,36.391568,-115.421569,6800,-36.00000,70.00000,64,ADSB
2022-07-17T19:05:38.756,36.391890,-115.421784,6775,-38.00000,71.00000,-256,ADSB
2022-07-17T19:05:39.831,36.392212,-115.421956,6750,-38.00000,72.00000,-384,ADSB
2022-07-17T19:05:40.737,36.392577,-115.422192,6750,-39.00000,73.00000,-512,ADSB
2022-07-17T19:05:41.691,36.392813,-115.422363,6725,-39.00000,74.00000,-512,ADSB
2022-07-17T19:05:42.691,36.393178,-115.422599,6725,-40.00000,75.00000,-512,ADSB
2022-07-17T19:05:43.660,36.393521,-115.422835,6725,-42.00000,75.00000,-512,ADSB
2022-07-17T19:05:44.690,36.393907,-115.423114,6725,-43.00000,74.00000,-512,ADSB
2022-07-17T19:05:45.706,36.394207,-115.423350,6700,-46.00000,74.00000,-384,ADSB
2022-07-17T19:05:46.696,36.394637,-115.423651,6700,-47.00000,73.00000,-256,ADSB
2022-07-17T19:05:47.649,36.394916,-115.423887,6700,-47.00000,73.00000,-192,ADSB
2022-07-17T19:05:48.758,36.395237,-115.424187,6700,-49.00000,72.00000,-192,ADSB
2022-07-17T19:05:49.534,36.395559,-115.424466,6725,-50.00000,71.00000,-64,ADSB
2022-07-17T19:05:50.691,36.395924,-115.424767,6725,-50.00000,72.00000,0,ADSB
2022-07-17T19:05:51.786,36.396332,-115.425110,6725,-49.00000,73.00000,64,ADSB
2022-07-17T19:05:52.911,36.396697,-115.425453,6725,-49.00000,73.00000,64,ADSB
2022-07-17T19:05:53.958,36.397061,-115.425754,6725,-50.00000,72.00000,64,ADSB
2022-07-17T19:05:54.939,36.397383,-115.426033,6725,-51.00000,73.00000,64,ADSB
2022-07-17T19:05:56.143,36.397705,-115.426333,6725,-52.00000,72.00000,64,ADSB
2022-07-17T19:05:57.066,36.398027,-115.426655,6725,-52.00000,72.00000,64,ADSB
2022-07-17T19:05:57.941,36.398306,-115.426891,6725,-54.00000,71.00000,0,ADSB
2022-07-17T19:05:58.816,36.398628,-115.427148,6725,-54.00000,71.00000,-64,ADSB
2022-07-17T19:05:59.769,36.398993,-115.427449,6725,-54.00000,71.00000,-64,ADSB
2022-07-17T19:06:00.894,36.399293,-115.427792,6700,-54.00000,71.00000,-64,ADSB
2022-07-17T19:06:01.911,36.399701,-115.428157,6700,-54.00000,71.00000,-192,ADSB
2022-07-17T19:06:02.942,36.400044,-115.428436,6700,-54.00000,71.00000,-128,ADSB
2022-07-17T19:06:03.817,36.400323,-115.428650,6700,-53.00000,70.00000,-128,ADSB
2022-07-17T19:06:04.863,36.400602,-115.429015,6700,-53.00000,70.00000,-128,ADSB
2022-07-17T19:06:05.832,36.400945,-115.429294,6675,-53.00000,70.00000,-384,ADSB
2022-07-17T19:06:06.723,36.401224,-115.429573,6675,-53.00000,70.00000,-256,ADSB
2022-07-17T19:06:07.583,36.401525,-115.429852,6675,-54.00000,69.00000,-192,ADSB
2022-07-17T19:06:08.708,36.401868,-115.430152,6700,-54.00000,69.00000,0,ADSB
2022-07-17T19:06:09.597,36.402168,-115.430496,6700,-54.00000,69.00000,64,ADSB
2022-07-17T19:06:10.628,36.402512,-115.430775,6700,-53.00000,70.00000,192,ADSB
2022-07-17T19:06:11.692,36.402876,-115.431182,6700,-54.00000,71.00000,0,ADSB
2022-07-17T19:06:12.801,36.403198,-115.431483,6700,-54.00000,71.00000,0,ADSB
2022-07-17T19:06:13.707,36.403563,-115.431740,6700,-54.00000,71.00000,64,ADSB
2022-07-17T19:06:14.831,36.403906,-115.432062,6700,-55.00000,70.00000,128,ADSB
2022-07-17T19:06:15.801,36.404207,-115.432384,6725,-55.00000,70.00000,192,ADSB
2022-07-17T19:06:16.646,36.404486,-115.432663,6725,-55.00000,70.00000,256,ADSB
2022-07-17T19:06:17.818,36.404850,-115.433006,6725,-55.00000,70.00000,384,ADSB
2022-07-17T19:06:18.756,36.405151,-115.433285,6725,-54.00000,69.00000,320,ADSB
2022-07-17T19:06:19.941,36.405494,-115.433629,6725,-55.00000,68.00000,256,ADSB
2022-07-17T19:06:20.832,36.405795,-115.433929,6750,-55.00000,68.00000,320,ADSB
2022-07-17T19:06:21.755,36.406138,-115.434272,6750,-55.00000,66.00000,256,ADSB
2022-07-17T19:06:22.739,36.406417,-115.434573,6750,-56.00000,64.00000,320,ADSB
2022-07-17T19:06:23.692,36.406653,-115.434809,6750,-55.00000,63.00000,384,ADSB
2022-07-17T19:06:24.659,36.406953,-115.435131,6775,-55.00000,63.00000,384,ADSB
2022-07-17T19:06:25.815,36.407275,-115.435517,6775,-55.00000,63.00000,320,ADSB
2022-07-17T19:06:26.831,36.407576,-115.435860,6775,-54.00000,63.00000,192,ADSB
2022-07-17T19:06:27.957,36.407876,-115.436161,6775,-54.00000,63.00000,192,ADSB
2022-07-17T19:06:28.847,36.408176,-115.436440,6775,-54.00000,63.00000,256,ADSB
2022-07-17T19:06:29.894,36.408455,-115.436783,6775,-54.00000,64.00000,64,ADSB
2022-07-17T19:06:30.879,36.408734,-115.437083,6775,-54.00000,64.00000,128,ADSB
2022-07-17T19:06:31.739,36.409056,-115.437405,6775,-54.00000,64.00000,128,ADSB
2022-07-17T19:06:33.114,36.409292,-115.437641,6775,-53.00000,64.00000,192,ADSB
2022-07-17T19:06:33.567,36.409571,-115.437963,6800,-56.00000,62.00000,-128,ADSB
2022-07-17T19:06:34.706,36.409957,-115.438306,6775,-57.00000,61.00000,-256,ADSB
2022-07-17T19:06:35.831,36.410193,-115.438671,6775,-57.00000,61.00000,-192,ADSB
2022-07-17T19:06:36.739,36.410515,-115.439014,6750,-56.00000,62.00000,-192,ADSB
2022-07-17T19:06:37.677,36.410794,-115.439293,6750,-57.00000,63.00000,-256,ADSB
2022-07-17T19:06:38.818,36.411030,-115.439594,6750,-56.00000,65.00000,-320,ADSB
2022-07-17T19:06:39.612,36.411352,-115.439894,6725,-56.00000,65.00000,-320,ADSB
2022-07-17T19:06:40.722,36.411674,-115.440302,6725,-58.00000,64.00000,-320,ADSB
2022-07-17T19:06:41.911,36.411996,-115.440624,6750,-59.00000,64.00000,-256,ADSB
2022-07-17T19:06:42.770,36.412275,-115.440946,6750,-59.00000,64.00000,-192,ADSB
2022-07-17T19:06:43.895,36.412575,-115.441310,6750,-58.00000,65.00000,-64,ADSB
2022-07-17T19:06:44.972,36.412876,-115.441654,6725,-58.00000,65.00000,-128,ADSB
2022-07-17T19:06:45.988,36.413262,-115.441997,6725,-56.00000,65.00000,-64,ADSB
2022-07-17T19:06:46.973,36.413541,-115.442340,6725,-55.00000,68.00000,0,ADSB
2022-07-17T19:06:48.098,36.413863,-115.442641,6725,-54.00000,69.00000,-64,ADSB
2022-07-17T19:06:48.974,36.414185,-115.442963,6725,-54.00000,69.00000,-64,ADSB
2022-07-17T19:06:49.988,36.414506,-115.443285,6725,-52.00000,69.00000,-128,ADSB
2022-07-17T19:06:50.973,36.414828,-115.443542,6725,-52.00000,69.00000,-128,ADSB
2022-07-17T19:06:51.989,36.415172,-115.443864,6700,-53.00000,70.00000,-192,ADSB
2022-07-17T19:06:53.146,36.415472,-115.444164,6700,-52.00000,71.00000,-384,ADSB
2022-07-17T19:06:54.083,36.415815,-115.444443,6700,-52.00000,72.00000,-512,ADSB
2022-07-17T19:06:54.971,36.416159,-115.444744,6675,-52.00000,72.00000,-448,ADSB
2022-07-17T19:06:56.268,36.416566,-115.445130,6675,-54.00000,71.00000,-512,ADSB
2022-07-17T19:06:57.379,36.416888,-115.445452,6675,-54.00000,71.00000,-384,ADSB
2022-07-17T19:06:58.269,36.417210,-115.445774,6675,-54.00000,71.00000,-192,ADSB
2022-07-17T19:06:59.275,36.417532,-115.446031,6650,-54.00000,71.00000,-256,ADSB
2022-07-17T19:07:14.629,36.422510,-115.451310,6625,-61.00000,68.00000,128,ADSB
2022-07-17T19:07:15.676,36.422853,-115.451696,6625,-61.00000,66.00000,128,ADSB
2022-07-17T19:07:16.552,36.423111,-115.451996,6675,-61.00000,65.00000,192,ADSB
2022-07-17T19:07:17.505,36.423454,-115.452340,6675,-62.00000,64.00000,256,ADSB
2022-07-17T19:07:18.458,36.423690,-115.452640,6675,-61.00000,63.00000,320,ADSB
2022-07-17T19:07:19.284,36.423905,-115.452876,6675,-62.00000,62.00000,256,ADSB
2022-07-17T19:07:20.222,36.424162,-115.453262,6675,-63.00000,60.00000,256,ADSB
2022-07-17T19:07:21.269,36.424463,-115.453627,6700,-63.00000,60.00000,320,ADSB
2022-07-17T19:07:22.443,36.424806,-115.454035,6700,-63.00000,60.00000,384,ADSB
2022-07-17T19:07:23.302,36.425085,-115.454400,6700,-63.00000,60.00000,320,ADSB
2022-07-17T19:07:24.456,36.425364,-115.454786,6700,-63.00000,61.00000,128,ADSB
2022-07-17T19:07:25.456,36.425622,-115.455151,6700,-65.00000,61.00000,192,ADSB
2022-07-17T19:07:26.441,36.425922,-115.455494,6700,-65.00000,61.00000,192,ADSB
2022-07-17T19:07:27.566,36.426244,-115.455966,6725,-65.00000,61.00000,384,ADSB
2022-07-17T19:07:28.504,36.426544,-115.456352,6700,-65.00000,61.00000,320,ADSB
2022-07-17T19:07:29.581,36.426802,-115.456717,6725,-64.00000,60.00000,256,ADSB
2022-07-17T19:07:30.519,36.427102,-115.457103,6725,-64.00000,60.00000,192,ADSB
2022-07-17T19:07:31.551,36.427360,-115.457489,6700,-65.00000,59.00000,128,ADSB
2022-07-17T19:07:32.582,36.427639,-115.457833,6700,-66.00000,58.00000,-64,ADSB
2022-07-17T19:07:33.536,36.427917,-115.458241,6700,-66.00000,57.00000,-192,ADSB
2022-07-17T19:07:34.550,36.428154,-115.458584,6700,-67.00000,56.00000,-128,ADSB
2022-07-17T19:07:35.753,36.428432,-115.459013,6700,-67.00000,56.00000,-64,ADSB
2022-07-17T19:07:36.614,36.428647,-115.459378,6700,-68.00000,55.00000,-64,ADSB
2022-07-17T19:07:37.739,36.428969,-115.459850,6700,-67.00000,56.00000,-192,ADSB
2022-07-17T19:07:38.723,36.429226,-115.460236,6700,-67.00000,56.00000,-192,ADSB
2022-07-17T19:07:39.707,36.429484,-115.460579,6700,-67.00000,56.00000,-128,ADSB
2022-07-17T19:07:40.879,36.429741,-115.460987,6700,-67.00000,56.00000,-128,ADSB
2022-07-17T19:07:42.052,36.430063,-115.461459,6675,-68.00000,55.00000,-128,ADSB
2022-07-17T19:07:43.022,36.430299,-115.461845,6675,-69.00000,54.00000,-192,ADSB
2022-07-17T19:07:44.178,36.430514,-115.462210,6675,-71.00000,50.00000,-320,ADSB
2022-07-17T19:07:45.207,36.430750,-115.462704,6675,-75.00000,44.00000,-320,ADSB
2022-07-17T19:07:46.270,36.430943,-115.463219,6675,-79.00000,35.00000,-320,ADSB
2022-07-17T19:07:47.400,36.431072,-115.463798,6675,-83.00000,24.00000,-192,ADSB
2022-07-17T19:07:48.494,36.431179,-115.464270,6675,-85.00000,10.00000,-192,ADSB
2022-07-17T19:07:49.581,36.431179,-115.464849,6675,-85.00000,-1.00000,-128,ADSB
2022-07-17T19:07:50.410,36.431136,-115.465257,6675,-84.00000,-13.00000,0,ADSB
2022-07-17T19:07:51.551,36.430986,-115.465772,6675,-80.00000,-25.00000,64,ADSB
2022-07-17T19:07:52.755,36.430793,-115.466201,6675,-75.00000,-37.00000,128,ADSB
2022-07-17T19:07:53.661,36.430621,-115.466609,6675,-66.00000,-50.00000,256,ADSB
2022-07-17T19:07:54.472,36.430428,-115.466888,6725,-58.00000,-60.00000,192,ADSB
2022-07-17T19:07:55.675,36.430063,-115.467253,6725,-50.00000,-66.00000,256,ADSB
2022-07-17T19:07:56.598,36.429698,-115.467510,6700,-39.00000,-73.00000,256,ADSB
2022-07-17T19:07:57.582,36.429355,-115.467703,6700,-29.00000,-79.00000,192,ADSB
2022-07-17T19:07:58.739,36.428905,-115.467832,6700,-19.00000,-83.00000,256,ADSB
2022-07-17T19:07:59.878,36.428518,-115.467918,6700,-10.00000,-84.00000,256,ADSB
2022-07-17T19:08:00.785,36.428111,-115.467896,6725,-2.00000,-86.00000,256,ADSB
2022-07-17T19:08:01.786,36.427681,-115.467854,6725,7.00000,-86.00000,256,ADSB
2022-07-17T19:08:02.973,36.427231,-115.467746,6725,14.00000,-86.00000,256,ADSB
2022-07-17T19:08:04.036,36.426845,-115.467596,6725,23.00000,-85.00000,192,ADSB
2022-07-17T19:08:05.129,36.426458,-115.467446,6725,29.00000,-83.00000,128,ADSB
2022-07-17T19:08:06.176,36.426094,-115.467253,6725,38.00000,-81.00000,-128,ADSB
2022-07-17T19:08:07.208,36.425643,-115.466888,6725,44.00000,-79.00000,-192,ADSB
2022-07-17T19:08:08.161,36.425300,-115.466652,6725,49.00000,-75.00000,-192,ADSB
2022-07-17T19:08:09.284,36.425042,-115.466416,6725,53.00000,-73.00000,-256,ADSB
2022-07-17T19:08:09.988,36.424699,-115.466073,6700,57.00000,-71.00000,-256,ADSB
2022-07-17T19:08:10.816,36.424420,-115.465772,6675,60.00000,-69.00000,-192,ADSB
2022-07-17T19:08:11.818,36.424119,-115.465450,6675,61.00000,-70.00000,-192,ADSB
2022-07-17T19:08:12.927,36.423776,-115.465086,6675,63.00000,-70.00000,-256,ADSB
2022-07-17T19:08:13.990,36.423411,-115.464613,6675,65.00000,-69.00000,-384,ADSB
2022-07-17T19:08:14.878,36.423132,-115.464377,6650,65.00000,-69.00000,-320,ADSB
2022-07-17T19:08:15.878,36.422832,-115.463970,6650,67.00000,-69.00000,-256,ADSB
2022-07-17T19:08:16.879,36.422510,-115.463562,6650,67.00000,-69.00000,-192,ADSB
2022-07-17T19:08:18.036,36.422102,-115.463090,6650,67.00000,-70.00000,-256,ADSB
2022-07-17T19:08:18.911,36.421824,-115.462704,6650,69.00000,-69.00000,-320,ADSB
2022-07-17T19:08:19.847,36.421545,-115.462425,6650,70.00000,-67.00000,-256,ADSB
2022-07-17T19:08:20.800,36.421223,-115.461974,6650,70.00000,-67.00000,-192,ADSB
2022-07-17T19:08:21.786,36.420922,-115.461609,6625,70.00000,-67.00000,-128,ADSB
2022-07-17T19:08:22.661,36.420686,-115.461266,6625,70.00000,-67.00000,-192,ADSB
2022-07-17T19:08:23.599,36.420321,-115.460880,6625,69.00000,-69.00000,-192,ADSB
2022-07-17T19:08:24.519,36.420043,-115.460536,6625,69.00000,-69.00000,-256,ADSB
2022-07-17T19:08:25.409,36.419764,-115.460193,6625,69.00000,-69.00000,-256,ADSB
2022-07-17T19:08:26.567,36.419399,-115.459721,6625,68.00000,-70.00000,-192,ADSB
2022-07-17T19:08:27.629,36.419077,-115.459356,6625,69.00000,-71.00000,-192,ADSB
2022-07-17T19:08:28.739,36.418755,-115.458927,6600,70.00000,-70.00000,-256,ADSB
2022-07-17T19:08:30.066,36.418347,-115.458412,6600,70.00000,-70.00000,-320,ADSB
2022-07-17T19:08:30.816,36.418004,-115.458004,6600,71.00000,-71.00000,-384,ADSB
2022-07-17T19:08:31.817,36.417704,-115.457618,6600,71.00000,-71.00000,-256,ADSB
2022-07-17T19:08:32.881,36.417360,-115.457253,6600,71.00000,-71.00000,-192,ADSB
2022-07-17T19:08:33.756,36.417017,-115.456803,6600,71.00000,-71.00000,-128,ADSB
2022-07-17T19:08:34.863,36.416695,-115.456438,6600,71.00000,-71.00000,-64,ADSB
2022-07-17T19:08:36.051,36.416373,-115.455945,6600,71.00000,-71.00000,-64,ADSB
2022-07-17T19:08:36.927,36.416051,-115.455558,6600,73.00000,-70.00000,-64,ADSB
2022-07-17T19:08:37.896,36.415751,-115.455151,6575,75.00000,-70.00000,-192,ADSB
2022-07-17T19:08:39.115,36.415386,-115.454743,6575,75.00000,-70.00000,-64,ADSB
2022-07-17T19:08:39.832,36.415107,-115.454292,6575,76.00000,-68.00000,0,ADSB
2022-07-17T19:08:40.895,36.414785,-115.453863,6575,75.00000,-70.00000,-64,ADSB
2022-07-17T19:08:42.162,36.414378,-115.453327,6575,77.00000,-70.00000,-64,ADSB
2022-07-17T19:08:43.209,36.413991,-115.452812,6575,77.00000,-70.00000,0,ADSB
2022-07-17T19:08:44.331,36.413691,-115.452340,6600,76.00000,-71.00000,128,ADSB
2022-07-17T19:08:45.472,36.413262,-115.451825,6600,77.00000,-72.00000,128,ADSB
2022-07-17T19:08:46.394,36.412983,-115.451417,6600,79.00000,-69.00000,256,ADSB
2022-07-17T19:08:47.473,36.412618,-115.450923,6625,80.00000,-67.00000,192,ADSB
2022-07-17T19:08:48.661,36.412361,-115.450408,6625,83.00000,-61.00000,192,ADSB
2022-07-17T19:08:49.597,36.412082,-115.449829,6625,90.00000,-42.00000,192,ADSB
2022-07-17T19:08:50.535,36.411953,-115.449421,6625,91.00000,-33.00000,192,ADSB
2022-07-17T19:08:51.410,36.411846,-115.448864,6625,92.00000,-23.00000,384,ADSB
2022-07-17T19:08:52.411,36.411803,-115.448370,6650,91.00000,-13.00000,640,ADSB
2022-07-17T19:08:53.552,36.411803,-115.447834,6650,90.00000,-2.00000,576,ADSB
2022-07-17T19:08:54.442,36.411867,-115.447319,6700,87.00000,9.00000,512,ADSB
2022-07-17T19:08:55.300,36.411910,-115.446975,6700,82.00000,21.00000,448,ADSB
2022-07-17T19:08:56.300,36.412039,-115.446503,6675,77.00000,31.00000,384,ADSB
2022-07-17T19:08:57.286,36.412189,-115.446095,6675,77.00000,31.00000,384,ADSB
2022-07-17T19:08:58.349,36.412468,-115.445623,6675,62.00000,49.00000,192,ADSB
2022-07-17T19:08:59.472,36.412725,-115.445302,6675,53.00000,57.00000,0,ADSB
2022-07-17T19:09:00.473,36.412983,-115.445044,6675,41.00000,64.00000,0,ADSB
2022-07-17T19:09:01.536,36.413305,-115.444851,6675,29.00000,69.00000,64,ADSB
2022-07-17T19:09:02.458,36.413627,-115.444744,6675,18.00000,72.00000,128,ADSB
2022-07-17T19:09:03.396,36.413949,-115.444679,6675,8.00000,74.00000,64,ADSB
2022-07-17T19:09:04.426,36.414335,-115.444679,6675,-4.00000,74.00000,64,ADSB
2022-07-17T19:09:05.317,36.414635,-115.444744,6675,-16.00000,73.00000,64,ADSB
2022-07-17T19:09:06.317,36.414914,-115.444851,6675,-21.00000,72.00000,-64,ADSB
2022-07-17T19:09:07.396,36.415279,-115.445087,6675,-41.00000,65.00000,-64,ADSB
2022-07-17T19:09:08.427,36.415579,-115.445387,6675,-51.00000,59.00000,0,ADSB
2022-07-17T19:09:09.411,36.415837,-115.445709,6675,-60.00000,52.00000,0,ADSB
2022-07-17T19:09:10.442,36.416051,-115.446031,6675,-62.00000,50.00000,0,ADSB
2022-07-17T19:09:11.505,36.416287,-115.446460,6675,-68.00000,46.00000,128,ADSB
2022-07-17T19:09:12.678,36.416523,-115.446911,6675,-70.00000,45.00000,64,ADSB
2022-07-17T19:09:13.600,36.416738,-115.447319,6675,-70.00000,46.00000,64,ADSB
2022-07-17T19:09:14.691,36.416931,-115.447705,6675,-70.00000,46.00000,64,ADSB
2022-07-17T19:09:15.707,36.417210,-115.448220,6675,-71.00000,46.00000,64,ADSB
2022-07-17T19:09:16.864,36.417403,-115.448606,6650,-71.00000,46.00000,0,ADSB
2022-07-17T19:09:17.896,36.417618,-115.449035,6650,-70.00000,47.00000,-64,ADSB
2022-07-17T19:09:19.021,36.417897,-115.449550,6650,-70.00000,49.00000,-64,ADSB
2022-07-17T19:09:19.988,36.418068,-115.449829,6650,-70.00000,49.00000,-64,ADSB
2022-07-17T19:09:21.098,36.418347,-115.450280,6650,-70.00000,49.00000,0,ADSB
2022-07-17T19:09:22.271,36.418626,-115.450795,6650,-70.00000,49.00000,-64,ADSB
2022-07-17T19:09:23.224,36.418884,-115.451181,6650,-70.00000,51.00000,-128,ADSB
2022-07-17T19:09:24.224,36.419077,-115.451610,6650,-71.00000,50.00000,0,ADSB
2022-07-17T19:09:25.410,36.419356,-115.452061,6650,-72.00000,49.00000,64,ADSB
2022-07-17T19:09:26.379,36.419592,-115.452468,6650,-72.00000,49.00000,128,ADSB
2022-07-17T19:09:27.427,36.419806,-115.452919,6675,-72.00000,49.00000,128,ADSB
2022-07-17T19:09:28.536,36.420085,-115.453370,6700,-71.00000,50.00000,192,ADSB
2022-07-17T19:09:29.660,36.420321,-115.453799,6700,-71.00000,50.00000,256,ADSB
2022-07-17T19:09:30.598,36.420557,-115.454185,6700,-70.00000,49.00000,320,ADSB
2022-07-17T19:09:31.490,36.420772,-115.454528,6700,-70.00000,49.00000,384,ADSB
2022-07-17T19:09:32.413,36.420987,-115.454915,6700,-70.00000,51.00000,256,ADSB
2022-07-17T19:09:33.538,36.421180,-115.455322,6725,-70.00000,51.00000,384,ADSB
2022-07-17T19:09:34.457,36.421437,-115.455730,6725,-71.00000,50.00000,448,ADSB
2022-07-17T19:09:35.567,36.421716,-115.456266,6700,-71.00000,50.00000,128,ADSB
2022-07-17T19:09:36.740,36.421995,-115.456717,6700,-71.00000,50.00000,128,ADSB
2022-07-17T19:09:37.803,36.422188,-115.457146,6700,-71.00000,48.00000,-64,ADSB
2022-07-17T19:09:38.771,36.422424,-115.457532,6700,-72.00000,47.00000,0,ADSB
2022-07-17T19:09:39.738,36.422617,-115.457897,6700,-72.00000,47.00000,0,ADSB
2022-07-17T19:09:40.894,36.422896,-115.458369,6725,-71.00000,46.00000,128,ADSB
2022-07-17T19:09:42.005,36.423132,-115.458884,6725,-71.00000,46.00000,64,ADSB
2022-07-17T19:09:42.989,36.423347,-115.459270,6725,-72.00000,47.00000,64,ADSB
2022-07-17T19:09:43.974,36.423583,-115.459700,6725,-72.00000,47.00000,-64,ADSB
2022-07-17T19:09:45.098,36.423798,-115.460064,6725,-73.00000,46.00000,64,ADSB
2022-07-17T19:09:46.176,36.423969,-115.460515,6725,-75.00000,45.00000,128,ADSB
2022-07-17T19:09:47.133,36.424248,-115.461051,6725,-75.00000,44.00000,64,ADSB
2022-07-17T19:09:48.024,36.424377,-115.461395,6725,-75.00000,44.00000,64,ADSB
2022-07-17T19:09:48.977,36.424570,-115.461781,6750,-74.00000,43.00000,256,ADSB
2022-07-17T19:09:50.067,36.424806,-115.462210,6750,-75.00000,44.00000,384,ADSB
2022-07-17T19:09:51.036,36.424978,-115.462639,6750,-75.00000,45.00000,320,ADSB
2022-07-17T19:09:52.069,36.425214,-115.463090,6750,-75.00000,45.00000,256,ADSB
2022-07-17T19:09:53.069,36.425407,-115.463498,6775,-75.00000,47.00000,384,ADSB
2022-07-17T19:09:53.976,36.425643,-115.463970,6775,-75.00000,47.00000,256,ADSB
2022-07-17T19:09:54.825,36.425772,-115.464313,6775,-75.00000,47.00000,64,ADSB
2022-07-17T19:09:55.894,36.426051,-115.464699,6775,-75.00000,47.00000,-64,ADSB
2022-07-17T19:09:56.692,36.426244,-115.465150,6775,-74.00000,46.00000,-64,ADSB
2022-07-17T19:09:57.723,36.426458,-115.465558,6750,-74.00000,46.00000,-64,ADSB
2022-07-17T19:09:58.817,36.426651,-115.466008,6775,-75.00000,45.00000,-64,ADSB
2022-07-17T19:09:59.739,36.426802,-115.466373,6750,-75.00000,44.00000,-64,ADSB
