time,lat,lon,alt,Vx,Vy,Vz,source
2022-07-17T18:45:00.092,37.068601,-115.048356,18625,-4.00000,-197.00000,-1088,ADSB
2022-07-17T18:45:00.670,37.067978,-115.048399,18625,-4.00000,-197.00000,-1088,ADSB
2022-07-17T18:45:01.656,37.067077,-115.048420,18575,-4.00000,-196.00000,-1088,ADSB
2022-07-17T18:45:02.062,37.066712,-115.048420,18575,-4.00000,-196.00000,-1024,ADSB
2022-07-17T18:45:03.000,37.066176,-115.048442,18575,-3.00000,-196.00000,-960,ADSB
2022-07-17T18:45:03.094,37.065768,-115.048463,18575,-3.00000,-196.00000,-960,ADSB
2022-07-17T18:45:04.047,37.065082,-115.048463,18550,-3.00000,-196.00000,-832,ADSB
2022-07-17T18:45:04.747,37.064352,-115.048463,18550,-2.00000,-196.00000,-768,ADSB
2022-07-17T18:45:05.279,37.063816,-115.048463,18550,-2.00000,-195.00000,-768,ADSB
2022-07-17T18:45:05.982,37.063279,-115.048485,18550,-2.00000,-195.00000,-704,ADSB
2022-07-17T18:45:06.326,37.062893,-115.048463,18525,-2.00000,-195.00000,-704,ADSB
2022-07-17T18:45:07.373,37.062013,-115.048528,18525,-2.00000,-195.00000,-640,ADSB
2022-07-17T18:45:08.420,37.061005,-115.048528,18500,-2.00000,-195.00000,-640,ADSB
2022-07-17T18:45:09.170,37.060382,-115.048506,18525,-1.00000,-194.00000,-704,ADSB
2022-07-17T18:45:10.029,37.059674,-115.048506,18475,-1.00000,-194.00000,-832,ADSB
2022-07-17T18:45:10.452,37.059138,-115.048528,18475,-1.00000,-194.00000,-896,ADSB
2022-07-17T18:45:11.515,37.058237,-115.048528,18450,-1.00000,-194.00000,-960,ADSB
2022-07-17T18:45:12.656,37.057121,-115.048528,18450,0.00000,-194.00000,-1024,ADSB
2022-07-17T18:45:13.546,37.056434,-115.048528,18425,0.00000,-194.00000,-1088,ADSB
2022-07-17T18:45:14.638,37.055340,-115.048528,18400,0.00000,-195.00000,-1088,ADSB
2022-07-17T18:45:15.545,37.054503,-115.048528,18375,0.00000,-194.00000,-1088,ADSB
2022-07-17T18:45:16.639,37.053709,-115.048528,18375,1.00000,-194.00000,-1088,ADSB
2022-07-17T18:45:17.561,37.052894,-115.048528,18350,1.00000,-194.00000,-1024,ADSB
2022-07-17T18:45:18.343,37.051992,-115.048528,18325,1.00000,-194.00000,-1024,ADSB
2022-07-17T18:45:19.294,37.051198,-115.048528,18325,1.00000,-194.00000,-1024,ADSB
2022-07-17T18:45:20.404,37.050211,-115.048485,18300,2.00000,-194.00000,-960,ADSB
2022-07-17T18:45:21.139,37.049589,-115.048485,18275,3.00000,-195.00000,-896,ADSB
2022-07-17T18:45:21.717,37.049053,-115.048463,18275,3.00000,-194.00000,-832,ADSB
2022-07-17T18:45:22.357,37.048409,-115.048485,18275,3.00000,-194.00000,-768,ADSB
2022-07-17T18:45:22.936,37.047958,-115.048442,18250,4.00000,-194.00000,-768,ADSB
2022-07-17T18:45:23.592,37.047315,-115.048420,18225,4.00000,-194.00000,-768,ADSB
2022-07-17T18:45:24.325,37.046885,-115.048420,18250,3.00000,-195.00000,-832,ADSB
2022-07-17T18:45:24.700,37.046328,-115.048420,18250,4.00000,-195.00000,-896,ADSB
2022-07-17T18:45:25.059,37.045941,-115.048420,18250,4.00000,-195.00000,-896,ADSB
2022-07-17T18:45:25.731,37.045426,-115.048420,18200,4.00000,-195.00000,-896,ADSB
2022-07-17T18:45:26.247,37.044976,-115.048356,18225,4.00000,-195.00000,-960,ADSB
2022-07-17T18:45:26.747,37.044547,-115.048356,18200,4.00000,-195.00000,-960,ADSB
2022-07-17T18:45:27.356,37.043989,-115.048356,18200,5.00000,-195.00000,-896,ADSB
2022-07-17T18:45:27.950,37.043517,-115.048356,18175,5.00000,-195.00000,-896,ADSB
2022-07-17T18:45:28.231,37.043066,-115.048356,18175,5.00000,-195.00000,-896,ADSB
2022-07-17T18:45:28.622,37.042744,-115.048313,18150,5.00000,-194.00000,-896,ADSB
2022-07-17T18:45:29.373,37.042100,-115.048292,18150,6.00000,-194.00000,-896,ADSB
2022-07-17T18:45:29.841,37.041650,-115.048270,18150,5.00000,-194.00000,-960,ADSB
2022-07-17T18:45:30.468,37.041113,-115.048227,18125,5.00000,-194.00000,-960,ADSB
2022-07-17T18:45:31.124,37.040555,-115.048227,18125,5.00000,-194.00000,-960,ADSB
2022-07-17T18:45:31.765,37.040040,-115.048227,18100,5.00000,-194.00000,-1024,ADSB
2022-07-17T18:45:32.233,37.039590,-115.048184,18100,5.00000,-194.00000,-1024,ADSB
2022-07-17T18:45:32.827,37.039032,-115.048184,18100,6.00000,-194.00000,-1088,ADSB
2022-07-17T18:45:33.327,37.038581,-115.048163,18075,6.00000,-194.00000,-1088,ADSB
2022-07-17T18:45:33.812,37.038217,-115.048120,18075,6.00000,-194.00000,-1088,ADSB
2022-07-17T18:45:34.419,37.037659,-115.048120,18050,6.00000,-194.00000,-1088,ADSB
2022-07-17T18:45:34.825,37.037251,-115.048120,18050,6.00000,-194.00000,-1088,ADSB
2022-07-17T18:45:35.389,37.036779,-115.048120,18050,6.00000,-194.00000,-1088,ADSB
2022-07-17T18:45:35.842,37.036328,-115.048077,18025,6.00000,-194.00000,-1024,ADSB
2022-07-17T18:45:36.389,37.035878,-115.048077,18025,6.00000,-194.00000,-1024,ADSB
2022-07-17T18:45:36.811,37.035406,-115.048077,18025,6.00000,-194.00000,-1024,ADSB
2022-07-17T18:45:37.373,37.034912,-115.048013,18000,7.00000,-194.00000,-1024,ADSB
2022-07-17T18:45:37.780,37.034547,-115.048013,18000,7.00000,-194.00000,-960,ADSB
2022-07-17T18:45:38.436,37.033989,-115.048013,18000,7.00000,-194.00000,-960,ADSB
2022-07-17T18:45:39.014,37.033453,-115.047948,17975,7.00000,-194.00000,-960,ADSB
2022-07-17T18:45:39.466,37.033088,-115.047948,17975,7.00000,-194.00000,-896,ADSB
2022-07-17T18:45:39.983,37.032573,-115.047884,17975,7.00000,-193.00000,-832,ADSB
2022-07-17T18:45:40.545,37.032123,-115.047863,17950,7.00000,-193.00000,-832,ADSB
2022-07-17T18:45:40.873,37.031736,-115.047863,17950,7.00000,-193.00000,-832,ADSB
2022-07-17T18:45:41.436,37.031286,-115.047841,17950,7.00000,-193.00000,-832,ADSB
2022-07-17T18:45:41.889,37.030985,-115.047841,17950,7.00000,-193.00000,-832,ADSB
2022-07-17T18:45:42.499,37.030342,-115.047798,17925,7.00000,-193.00000,-896,ADSB
2022-07-17T18:45:43.405,37.029612,-115.047755,17925,7.00000,-192.00000,-896,ADSB
2022-07-17T18:45:43.858,37.029097,-115.047755,17925,7.00000,-192.00000,-896,ADSB
2022-07-17T18:45:44.466,37.028646,-115.047712,17900,8.00000,-192.00000,-896,ADSB
2022-07-17T18:45:44.893,37.028217,-115.047691,17900,8.00000,-192.00000,-960,ADSB
2022-07-17T18:45:45.440,37.027767,-115.047669,17900,8.00000,-192.00000,-960,ADSB
2022-07-17T18:45:45.909,37.027402,-115.047669,17850,8.00000,-192.00000,-1024,ADSB
2022-07-17T18:45:46.253,37.027037,-115.047669,17850,8.00000,-192.00000,-1024,ADSB
2022-07-17T18:45:46.690,37.026587,-115.047626,17850,8.00000,-192.00000,-1024,ADSB
2022-07-17T18:45:47.253,37.026179,-115.047605,17825,8.00000,-192.00000,-1088,ADSB
2022-07-17T18:45:47.753,37.025707,-115.047605,17825,8.00000,-192.00000,-1088,ADSB
2022-07-17T18:45:48.332,37.025192,-115.047584,17800,8.00000,-191.00000,-1088,ADSB
2022-07-17T18:45:49.082,37.024634,-115.047519,17800,8.00000,-191.00000,-1088,ADSB
2022-07-17T18:45:49.356,37.024291,-115.047519,17800,8.00000,-191.00000,-1088,ADSB
2022-07-17T18:45:49.856,37.023840,-115.047476,17775,8.00000,-191.00000,-1088,ADSB
2022-07-17T18:45:50.404,37.023325,-115.047476,17775,8.00000,-191.00000,-1152,ADSB
2022-07-17T18:45:50.811,37.022939,-115.047455,17750,8.00000,-191.00000,-1088,ADSB
2022-07-17T18:45:51.295,37.022531,-115.047390,17750,8.00000,-191.00000,-1088,ADSB
2022-07-17T18:45:51.670,37.022166,-115.047390,17750,8.00000,-191.00000,-1088,ADSB
2022-07-17T18:45:52.326,37.021651,-115.047390,17725,8.00000,-191.00000,-1152,ADSB
2022-07-17T18:45:52.701,37.021265,-115.047326,17725,8.00000,-190.00000,-1152,ADSB
2022-07-17T18:45:53.280,37.020750,-115.047326,17725,8.00000,-190.00000,-1088,ADSB
2022-07-17T18:45:53.858,37.020257,-115.047283,17700,8.00000,-190.00000,-1088,ADSB
2022-07-17T18:45:54.497,37.019806,-115.047240,17700,8.00000,-190.00000,-1088,ADSB
2022-07-17T18:45:54.921,37.019355,-115.047283,17675,8.00000,-190.00000,-1088,ADSB
2022-07-17T18:45:55.390,37.018991,-115.047219,17675,8.00000,-190.00000,-1024,ADSB
2022-07-17T18:45:55.687,37.018669,-115.047219,17675,8.00000,-190.00000,-1024,ADSB
2022-07-17T18:45:56.421,37.018197,-115.047197,17675,8.00000,-189.00000,-1024,ADSB
2022-07-17T18:45:56.812,37.017703,-115.047197,17650,8.00000,-189.00000,-960,ADSB
2022-07-17T18:45:57.234,37.017317,-115.047154,17650,8.00000,-189.00000,-960,ADSB
2022-07-17T18:45:57.765,37.016823,-115.047133,17650,8.00000,-189.00000,-896,ADSB
2022-07-17T18:45:58.281,37.016394,-115.047090,17625,8.00000,-189.00000,-896,ADSB
2022-07-17T18:45:58.843,37.015922,-115.047069,17625,8.00000,-189.00000,-832,ADSB
2022-07-17T18:45:59.435,37.015343,-115.047026,17600,8.00000,-188.00000,-832,ADSB
2022-07-17T18:45:59.825,37.014978,-115.047047,17600,8.00000,-188.00000,-768,ADSB
2022-07-17T18:46:00.326,37.014613,-115.046983,17600,8.00000,-188.00000,-768,ADSB
2022-07-17T18:46:00.826,37.014184,-115.046961,17600,8.00000,-188.00000,-704,ADSB
2022-07-17T18:46:01.358,37.013776,-115.046983,17600,8.00000,-188.00000,-704,ADSB
2022-07-17T18:46:01.842,37.013304,-115.046918,17600,8.00000,-188.00000,-704,ADSB
2022-07-17T18:46:02.467,37.012811,-115.046897,17575,8.00000,-188.00000,-640,ADSB
2022-07-17T18:46:03.077,37.012296,-115.046897,17575,8.00000,-188.00000,-640,ADSB
2022-07-17T18:46:03.530,37.011867,-115.046833,17575,8.00000,-187.00000,-640,ADSB
2022-07-17T18:46:04.171,37.011330,-115.046833,17575,8.00000,-187.00000,-640,ADSB
2022-07-17T18:46:04.716,37.010794,-115.046790,17550,8.00000,-187.00000,-704,ADSB
2022-07-17T18:46:05.186,37.010386,-115.046790,17550,8.00000,-187.00000,-704,ADSB
2022-07-17T18:46:05.749,37.010000,-115.046725,17550,8.00000,-187.00000,-704,ADSB
2022-07-17T18:46:06.030,37.009678,-115.046747,17550,8.00000,-187.00000,-704,ADSB
2022-07-17T18:46:06.577,37.009141,-115.046725,17525,8.00000,-187.00000,-832,ADSB
2022-07-17T18:46:07.155,37.008626,-115.046661,17500,8.00000,-187.00000,-896,ADSB
2022-07-17T18:46:07.874,37.008133,-115.046661,17500,8.00000,-187.00000,-896,ADSB
2022-07-17T18:46:08.265,37.007768,-115.046618,17475,8.00000,-187.00000,-960,ADSB
2022-07-17T18:46:08.702,37.007360,-115.046618,17475,8.00000,-187.00000,-1024,ADSB
2022-07-17T18:46:09.294,37.006888,-115.046554,17475,8.00000,-187.00000,-1024,ADSB
2022-07-17T18:46:09.747,37.006481,-115.046532,17450,8.00000,-187.00000,-1088,ADSB
2022-07-17T18:46:10.342,37.005966,-115.046489,17450,8.00000,-187.00000,-1088,ADSB
2022-07-17T18:46:10.827,37.005622,-115.046489,17425,8.00000,-188.00000,-1152,ADSB
2022-07-17T18:46:11.327,37.005064,-115.046489,17425,8.00000,-188.00000,-1152,ADSB
2022-07-17T18:46:11.748,37.004743,-115.046446,17425,8.00000,-188.00000,-1152,ADSB
2022-07-17T18:46:12.264,37.004185,-115.046446,17400,8.00000,-188.00000,-1152,ADSB
2022-07-17T18:46:12.889,37.003777,-115.046382,17400,8.00000,-188.00000,-1152,ADSB
2022-07-17T18:46:13.374,37.003241,-115.046382,17375,8.00000,-188.00000,-1152,ADSB
2022-07-17T18:46:14.030,37.002726,-115.046382,17375,8.00000,-188.00000,-1152,ADSB
2022-07-17T18:46:14.576,37.002275,-115.046318,17350,8.00000,-188.00000,-1088,ADSB
2022-07-17T18:46:15.186,37.001760,-115.046318,17350,8.00000,-188.00000,-1088,ADSB
2022-07-17T18:46:15.624,37.001352,-115.046253,17350,8.00000,-188.00000,-1088,ADSB
2022-07-17T18:46:16.155,37.000880,-115.046253,17350,8.00000,-188.00000,-1024,ADSB
2022-07-17T18:46:16.702,37.000473,-115.046210,17325,8.00000,-188.00000,-1024,ADSB
2022-07-17T18:46:17.186,37.000129,-115.046210,17325,8.00000,-188.00000,-1024,ADSB
2022-07-17T18:46:17.499,36.999764,-115.046210,17300,8.00000,-188.00000,-1024,ADSB
2022-07-17T18:46:18.077,36.999335,-115.046146,17300,8.00000,-188.00000,-1024,ADSB
2022-07-17T18:46:18.452,36.998885,-115.046146,17300,8.00000,-188.00000,-960,ADSB
2022-07-17T18:46:18.952,36.998477,-115.046146,17275,8.00000,-188.00000,-960,ADSB
2022-07-17T18:46:19.545,36.998048,-115.046082,17275,8.00000,-188.00000,-960,ADSB
2022-07-17T18:46:19.999,36.997597,-115.046082,17275,8.00000,-188.00000,-960,ADSB
2022-07-17T18:46:20.593,36.997061,-115.046017,17250,8.00000,-188.00000,-896,ADSB
2022-07-17T18:46:21.030,36.996739,-115.046017,17250,8.00000,-188.00000,-896,ADSB
2022-07-17T18:46:21.452,36.996267,-115.046017,17250,8.00000,-188.00000,-896,ADSB
2022-07-17T18:46:22.046,36.995859,-115.045974,17250,8.00000,-188.00000,-896,ADSB
2022-07-17T18:46:22.530,36.995323,-115.045974,17225,8.00000,-188.00000,-896,ADSB
2022-07-17T18:46:23.109,36.994915,-115.045910,17225,8.00000,-187.00000,-832,ADSB
2022-07-17T18:46:23.577,36.994486,-115.045910,17225,8.00000,-187.00000,-832,ADSB
2022-07-17T18:46:24.218,36.993949,-115.045846,17200,8.00000,-187.00000,-832,ADSB
2022-07-17T18:46:24.591,36.993628,-115.045846,17200,8.00000,-187.00000,-832,ADSB
2022-07-17T18:46:25.140,36.993155,-115.045846,17200,8.00000,-187.00000,-832,ADSB
2022-07-17T18:46:25.594,36.992748,-115.045781,17200,8.00000,-187.00000,-832,ADSB
2022-07-17T18:46:26.172,36.992211,-115.045781,17175,8.00000,-187.00000,-832,ADSB
2022-07-17T18:46:26.672,36.991761,-115.045717,17175,8.00000,-187.00000,-896,ADSB
2022-07-17T18:46:27.344,36.991246,-115.045717,17175,8.00000,-187.00000,-896,ADSB
2022-07-17T18:46:27.797,36.990838,-115.045674,17150,8.00000,-187.00000,-896,ADSB
2022-07-17T18:46:28.219,36.990473,-115.045674,17150,8.00000,-187.00000,-896,ADSB
2022-07-17T18:46:28.609,36.990151,-115.045674,17150,8.00000,-187.00000,-896,ADSB
2022-07-17T18:46:29.031,36.989701,-115.045609,17125,8.00000,-187.00000,-896,ADSB
2022-07-17T18:46:29.560,36.989272,-115.045609,17125,8.00000,-187.00000,-960,ADSB
2022-07-17T18:46:30.093,36.988821,-115.045545,17125,8.00000,-187.00000,-960,ADSB
2022-07-17T18:46:30.624,36.988413,-115.045545,17125,8.00000,-187.00000,-960,ADSB
2022-07-17T18:46:31.015,36.988027,-115.045545,17100,8.00000,-187.00000,-960,ADSB
2022-07-17T18:46:31.468,36.987619,-115.045502,17100,8.00000,-187.00000,-960,ADSB
2022-07-17T18:46:31.984,36.987212,-115.045502,17100,8.00000,-187.00000,-960,ADSB
2022-07-17T18:46:32.405,36.986847,-115.045502,17075,8.00000,-187.00000,-960,ADSB
2022-07-17T18:46:32.952,36.986353,-115.045438,17050,8.00000,-187.00000,-960,ADSB
2022-07-17T18:46:33.499,36.985903,-115.045416,17075,8.00000,-187.00000,-960,ADSB
2022-07-17T18:46:33.984,36.985474,-115.045373,17025,8.00000,-187.00000,-960,ADSB
2022-07-17T18:46:34.435,36.985109,-115.045373,17025,8.00000,-187.00000,-960,ADSB
2022-07-17T18:46:34.810,36.984787,-115.045373,17025,8.00000,-187.00000,-960,ADSB
2022-07-17T18:46:35.311,36.984358,-115.045373,17025,8.00000,-187.00000,-896,ADSB
2022-07-17T18:46:35.889,36.983800,-115.045309,17000,8.00000,-187.00000,-896,ADSB
2022-07-17T18:46:36.452,36.983371,-115.045266,17000,8.00000,-187.00000,-896,ADSB
2022-07-17T18:46:37.077,36.982856,-115.045266,17000,8.00000,-187.00000,-896,ADSB
2022-07-17T18:46:37.499,36.982362,-115.045202,16975,8.00000,-187.00000,-896,ADSB
2022-07-17T18:46:38.108,36.981890,-115.045180,16975,8.00000,-187.00000,-896,ADSB
2022-07-17T18:46:38.546,36.981461,-115.045180,16950,8.00000,-187.00000,-896,ADSB
2022-07-17T18:46:39.046,36.981118,-115.045137,16950,8.00000,-187.00000,-896,ADSB
2022-07-17T18:46:39.435,36.980624,-115.045116,16925,8.00000,-187.00000,-960,ADSB
2022-07-17T18:46:40.092,36.980174,-115.045116,16950,8.00000,-187.00000,-960,ADSB
2022-07-17T18:46:40.467,36.979830,-115.045073,16950,8.00000,-187.00000,-960,ADSB
2022-07-17T18:46:41.092,36.979337,-115.045073,16925,8.00000,-187.00000,-960,ADSB
2022-07-17T18:46:41.671,36.978800,-115.045030,16925,9.00000,-187.00000,-960,ADSB
2022-07-17T18:46:42.077,36.978436,-115.045009,16900,8.00000,-187.00000,-960,ADSB
2022-07-17T18:46:42.530,36.978006,-115.044966,16900,8.00000,-187.00000,-960,ADSB
2022-07-17T18:46:43.218,36.977513,-115.044944,16875,9.00000,-186.00000,-960,ADSB
2022-07-17T18:46:43.671,36.977084,-115.044944,16875,8.00000,-187.00000,-960,ADSB
2022-07-17T18:46:44.233,36.976633,-115.044923,16875,8.00000,-186.00000,-960,ADSB
2022-07-17T18:46:44.717,36.976311,-115.044858,16875,8.00000,-186.00000,-960,ADSB
2022-07-17T18:46:45.186,36.975796,-115.044837,16850,9.00000,-186.00000,-960,ADSB
2022-07-17T18:46:45.702,36.975453,-115.044858,16850,9.00000,-186.00000,-960,ADSB
2022-07-17T18:46:46.046,36.974938,-115.044794,16825,8.00000,-186.00000,-1024,ADSB
2022-07-17T18:46:46.671,36.974487,-115.044773,16825,8.00000,-186.00000,-960,ADSB
2022-07-17T18:46:47.249,36.974037,-115.044730,16825,9.00000,-186.00000,-960,ADSB
2022-07-17T18:46:47.609,36.973608,-115.044730,16825,9.00000,-186.00000,-960,ADSB
2022-07-17T18:46:48.234,36.973200,-115.044687,16800,9.00000,-186.00000,-960,ADSB
2022-07-17T18:46:48.796,36.972771,-115.044708,16800,9.00000,-186.00000,-960,ADSB
2022-07-17T18:46:49.156,36.972342,-115.044687,16800,9.00000,-186.00000,-960,ADSB
2022-07-17T18:46:49.763,36.971891,-115.044644,16775,9.00000,-186.00000,-960,ADSB
2022-07-17T18:46:50.342,36.971462,-115.044622,16775,9.00000,-186.00000,-960,ADSB
2022-07-17T18:46:50.795,36.970968,-115.044558,16775,9.00000,-186.00000,-960,ADSB
2022-07-17T18:46:51.358,36.970539,-115.044537,16750,9.00000,-186.00000,-960,ADSB
2022-07-17T18:46:51.842,36.970088,-115.044494,16750,9.00000,-186.00000,-960,ADSB
2022-07-17T18:46:52.452,36.969552,-115.044472,16750,9.00000,-186.00000,-1024,ADSB
2022-07-17T18:46:52.780,36.969123,-115.044451,16725,9.00000,-186.00000,-1024,ADSB
2022-07-17T18:46:53.389,36.968715,-115.044451,16700,9.00000,-186.00000,-1024,ADSB
2022-07-17T18:46:53.858,36.968350,-115.044451,16675,9.00000,-186.00000,-960,ADSB
2022-07-17T18:46:54.466,36.967857,-115.044386,16700,9.00000,-186.00000,-960,ADSB
2022-07-17T18:46:54.887,36.967406,-115.044343,16675,9.00000,-186.00000,-960,ADSB
2022-07-17T18:46:55.560,36.966999,-115.044343,16675,9.00000,-186.00000,-960,ADSB
2022-07-17T18:46:55.951,36.966569,-115.044301,16650,9.00000,-186.00000,-960,ADSB
2022-07-17T18:46:56.482,36.966119,-115.044279,16650,9.00000,-186.00000,-960,ADSB
2022-07-17T18:46:56.873,36.965690,-115.044301,16625,9.00000,-186.00000,-1024,ADSB
2022-07-17T18:46:57.264,36.965368,-115.044236,16625,9.00000,-186.00000,-1024,ADSB
2022-07-17T18:46:57.779,36.964917,-115.044215,16625,9.00000,-185.00000,-1024,ADSB
2022-07-17T18:46:58.404,36.964488,-115.044172,16625,9.00000,-185.00000,-1024,ADSB
2022-07-17T18:46:58.826,36.964059,-115.044150,16600,9.00000,-185.00000,-1024,ADSB
2022-07-17T18:46:59.357,36.963544,-115.044150,16600,9.00000,-185.00000,-960,ADSB
2022-07-17T18:46:59.951,36.963050,-115.044086,16575,9.00000,-185.00000,-960,ADSB
2022-07-17T18:47:00.468,36.962686,-115.044086,16575,9.00000,-185.00000,-960,ADSB
2022-07-17T18:47:00.874,36.962235,-115.044043,16575,9.00000,-185.00000,-960,ADSB
2022-07-17T18:47:01.546,36.961849,-115.044043,16550,9.00000,-185.00000,-960,ADSB
2022-07-17T18:47:01.874,36.961398,-115.044000,16550,9.00000,-185.00000,-960,ADSB
2022-07-17T18:47:02.499,36.960905,-115.044000,16550,9.00000,-185.00000,-960,ADSB
2022-07-17T18:47:03.062,36.960390,-115.043936,16525,9.00000,-185.00000,-960,ADSB
2022-07-17T18:47:03.687,36.959939,-115.043914,16525,9.00000,-185.00000,-960,ADSB
2022-07-17T18:47:04.031,36.959488,-115.043936,16525,9.00000,-185.00000,-960,ADSB
2022-07-17T18:47:05.109,36.958652,-115.043871,16500,9.00000,-185.00000,-960,ADSB
2022-07-17T18:47:05.968,36.957922,-115.043807,16475,8.00000,-184.00000,-1024,ADSB
2022-07-17T18:47:06.515,36.957407,-115.043764,16450,8.00000,-184.00000,-1024,ADSB
2022-07-17T18:47:07.062,36.956956,-115.043743,16475,8.00000,-184.00000,-960,ADSB
2022-07-17T18:47:08.094,36.956034,-115.043700,16450,8.00000,-184.00000,-1024,ADSB
2022-07-17T18:47:09.203,36.955175,-115.043678,16425,8.00000,-184.00000,-1024,ADSB
2022-07-17T18:47:09.763,36.954660,-115.043635,16425,8.00000,-184.00000,-1024,ADSB
2022-07-17T18:47:10.171,36.954296,-115.043635,16425,8.00000,-184.00000,-1024,ADSB
2022-07-17T18:47:10.921,36.953652,-115.043571,16400,8.00000,-184.00000,-1024,ADSB
2022-07-17T18:47:24.966,36.941829,-115.043035,16175,5.00000,-181.00000,-896,ADSB
2022-07-17T18:47:26.015,36.940885,-115.043035,16150,5.00000,-181.00000,-960,ADSB
2022-07-17T18:47:26.999,36.940155,-115.042992,16125,5.00000,-181.00000,-960,ADSB
2022-07-17T18:47:27.437,36.939640,-115.042970,16100,5.00000,-181.00000,-1024,ADSB
2022-07-17T18:47:28.031,36.939211,-115.042970,16100,5.00000,-181.00000,-1024,ADSB
2022-07-17T18:47:28.937,36.938460,-115.042927,16075,5.00000,-181.00000,-1088,ADSB
2022-07-17T18:47:30.186,36.937473,-115.042884,16075,5.00000,-181.00000,-1088,ADSB
2022-07-17T18:47:30.655,36.936958,-115.042884,16025,4.00000,-181.00000,-1088,ADSB
2022-07-17T18:47:31.327,36.936550,-115.042863,16050,4.00000,-181.00000,-1088,ADSB
2022-07-17T18:47:32.311,36.935627,-115.042863,16025,4.00000,-181.00000,-1088,ADSB
2022-07-17T18:47:33.218,36.934876,-115.042799,16000,4.00000,-180.00000,-1024,ADSB
2022-07-17T18:47:33.905,36.934297,-115.042799,15975,4.00000,-180.00000,-1024,ADSB
2022-07-17T18:47:34.286,36.934040,-115.042799,16000,4.00000,-180.00000,-960,ADSB
2022-07-17T18:47:35.125,36.933289,-115.042777,15975,4.00000,-180.00000,-960,ADSB
2022-07-17T18:47:35.734,36.932795,-115.042756,15950,4.00000,-180.00000,-960,ADSB
2022-07-17T18:47:36.297,36.932366,-115.042734,15975,4.00000,-180.00000,-896,ADSB
2022-07-17T18:47:37.016,36.931787,-115.042713,15925,4.00000,-180.00000,-896,ADSB
2022-07-17T18:47:37.484,36.931465,-115.042691,15950,4.00000,-180.00000,-896,ADSB
2022-07-17T18:47:38.000,36.930950,-115.042691,15925,4.00000,-180.00000,-832,ADSB
2022-07-17T18:47:38.360,36.930585,-115.042691,15925,4.00000,-180.00000,-832,ADSB
2022-07-17T18:47:39.078,36.930134,-115.042691,15900,4.00000,-180.00000,-832,ADSB
2022-07-17T18:47:39.389,36.929770,-115.042691,15900,4.00000,-179.00000,-832,ADSB
2022-07-17T18:47:39.983,36.929255,-115.042627,15900,4.00000,-179.00000,-832,ADSB
2022-07-17T18:47:40.452,36.928868,-115.042627,15875,4.00000,-179.00000,-832,ADSB
2022-07-17T18:47:40.937,36.928546,-115.042627,15875,4.00000,-179.00000,-832,ADSB
2022-07-17T18:47:41.312,36.928117,-115.042627,15875,4.00000,-179.00000,-832,ADSB
2022-07-17T18:47:41.952,36.927710,-115.042627,15850,4.00000,-179.00000,-832,ADSB
2022-07-17T18:47:42.359,36.927302,-115.042584,15850,4.00000,-179.00000,-896,ADSB
2022-07-17T18:47:42.796,36.926980,-115.042584,15850,4.00000,-179.00000,-896,ADSB
2022-07-17T18:47:43.265,36.926529,-115.042562,15850,4.00000,-179.00000,-896,ADSB
2022-07-17T18:47:43.937,36.926100,-115.042584,15850,4.00000,-179.00000,-896,ADSB
2022-07-17T18:47:44.270,36.925693,-115.042562,15825,4.00000,-179.00000,-896,ADSB
2022-07-17T18:47:44.872,36.925285,-115.042520,15825,4.00000,-179.00000,-896,ADSB
2022-07-17T18:47:45.330,36.924856,-115.042562,15800,4.00000,-179.00000,-960,ADSB
2022-07-17T18:47:45.845,36.924448,-115.042520,15800,4.00000,-179.00000,-960,ADSB
2022-07-17T18:47:46.517,36.923954,-115.042520,15800,4.00000,-179.00000,-960,ADSB
2022-07-17T18:47:46.799,36.923633,-115.042520,15775,4.00000,-179.00000,-960,ADSB
2022-07-17T18:47:47.345,36.923118,-115.042520,15775,4.00000,-179.00000,-960,ADSB
2022-07-17T18:47:47.736,36.922796,-115.042455,15775,4.00000,-179.00000,-1024,ADSB
2022-07-17T18:47:48.330,36.922302,-115.042455,15750,4.00000,-179.00000,-1024,ADSB
2022-07-17T18:47:48.799,36.921873,-115.042434,15750,4.00000,-179.00000,-1024,ADSB
2022-07-17T18:47:49.357,36.921487,-115.042455,15750,4.00000,-179.00000,-1024,ADSB
2022-07-17T18:47:49.904,36.920972,-115.042455,15725,4.00000,-179.00000,-1024,ADSB
2022-07-17T18:47:50.421,36.920586,-115.042434,15725,4.00000,-179.00000,-1024,ADSB
2022-07-17T18:47:50.858,36.920264,-115.042434,15700,4.00000,-179.00000,-1024,ADSB
2022-07-17T18:47:51.327,36.919878,-115.042369,15700,4.00000,-179.00000,-1024,ADSB
2022-07-17T18:47:51.874,36.919405,-115.042369,15700,4.00000,-179.00000,-1024,ADSB
2022-07-17T18:47:52.343,36.918998,-115.042391,15675,4.00000,-179.00000,-1024,ADSB
2022-07-17T18:47:52.905,36.918504,-115.042348,15675,4.00000,-179.00000,-1024,ADSB
2022-07-17T18:47:53.437,36.918075,-115.042369,15675,4.00000,-179.00000,-1024,ADSB
2022-07-17T18:47:53.890,36.917732,-115.042326,15650,4.00000,-179.00000,-1024,ADSB
2022-07-17T18:47:54.279,36.917367,-115.042348,15650,4.00000,-179.00000,-960,ADSB
2022-07-17T18:47:54.797,36.916895,-115.042326,15650,4.00000,-179.00000,-960,ADSB
2022-07-17T18:47:55.280,36.916530,-115.042326,15625,4.00000,-179.00000,-960,ADSB
2022-07-17T18:47:55.780,36.916165,-115.042284,15625,4.00000,-179.00000,-960,ADSB
2022-07-17T18:47:56.233,36.915779,-115.042326,15625,4.00000,-179.00000,-960,ADSB
2022-07-17T18:47:56.811,36.915414,-115.042262,15625,4.00000,-179.00000,-960,ADSB
2022-07-17T18:47:57.233,36.914942,-115.042262,15600,4.00000,-179.00000,-896,ADSB
2022-07-17T18:47:57.811,36.914620,-115.042262,15600,4.00000,-179.00000,-896,ADSB
2022-07-17T18:47:58.108,36.914191,-115.042219,15600,4.00000,-179.00000,-896,ADSB
2022-07-17T18:47:58.561,36.913869,-115.042219,15600,4.00000,-179.00000,-896,ADSB
2022-07-17T18:47:59.108,36.913462,-115.042198,15575,4.00000,-179.00000,-896,ADSB
2022-07-17T18:47:59.701,36.912947,-115.042198,15575,4.00000,-179.00000,-896,ADSB
2022-07-17T18:48:00.108,36.912625,-115.042198,15575,4.00000,-179.00000,-896,ADSB
2022-07-17T18:48:00.749,36.912110,-115.042198,15550,4.00000,-179.00000,-896,ADSB
2022-07-17T18:48:01.233,36.911724,-115.042176,15550,4.00000,-179.00000,-896,ADSB
2022-07-17T18:48:01.811,36.911230,-115.042176,15550,4.00000,-179.00000,-896,ADSB
2022-07-17T18:48:02.218,36.910822,-115.042176,15525,4.00000,-179.00000,-896,ADSB
2022-07-17T18:48:02.655,36.910479,-115.042133,15525,4.00000,-179.00000,-896,ADSB
2022-07-17T18:48:03.327,36.909964,-115.042133,15500,4.00000,-179.00000,-896,ADSB
2022-07-17T18:48:03.812,36.909449,-115.042133,15475,4.00000,-179.00000,-896,ADSB
2022-07-17T18:48:04.249,36.909084,-115.042090,15475,4.00000,-179.00000,-896,ADSB
2022-07-17T18:48:04.795,36.908698,-115.042112,15475,5.00000,-179.00000,-960,ADSB
2022-07-17T18:48:05.202,36.908333,-115.042090,15475,5.00000,-179.00000,-960,ADSB
2022-07-17T18:48:05.780,36.907883,-115.042048,15450,4.00000,-179.00000,-960,ADSB
2022-07-17T18:48:06.109,36.907561,-115.042048,15450,4.00000,-179.00000,-960,ADSB
2022-07-17T18:48:06.609,36.907175,-115.042026,15450,4.00000,-179.00000,-960,ADSB
2022-07-17T18:48:07.094,36.906853,-115.042026,15425,5.00000,-179.00000,-960,ADSB
2022-07-17T18:48:07.579,36.906424,-115.041983,15425,5.00000,-179.00000,-960,ADSB
2022-07-17T18:48:07.985,36.906102,-115.041983,15425,4.00000,-179.00000,-960,ADSB
2022-07-17T18:48:08.625,36.905587,-115.041983,15400,5.00000,-179.00000,-960,ADSB
2022-07-17T18:48:09.047,36.905179,-115.041962,15400,5.00000,-179.00000,-960,ADSB
2022-07-17T18:48:09.592,36.904836,-115.041962,15400,4.00000,-179.00000,-960,ADSB
2022-07-17T18:48:09.936,36.904407,-115.041940,15375,4.00000,-179.00000,-960,ADSB
2022-07-17T18:48:10.578,36.903913,-115.041962,15375,5.00000,-179.00000,-960,ADSB
2022-07-17T18:48:11.031,36.903505,-115.041897,15375,5.00000,-179.00000,-960,ADSB
2022-07-17T18:48:11.593,36.903076,-115.041940,15350,5.00000,-179.00000,-960,ADSB
2022-07-17T18:48:12.015,36.902647,-115.041897,15350,5.00000,-179.00000,-960,ADSB
2022-07-17T18:48:12.593,36.902282,-115.041876,15350,5.00000,-179.00000,-1024,ADSB
2022-07-17T18:48:12.984,36.901875,-115.041833,15325,5.00000,-179.00000,-1024,ADSB
2022-07-17T18:48:13.469,36.901445,-115.041854,15325,4.00000,-179.00000,-1024,ADSB
2022-07-17T18:48:14.250,36.900930,-115.041811,15325,4.00000,-179.00000,-1024,ADSB
2022-07-17T18:48:15.013,36.900179,-115.041833,15300,5.00000,-179.00000,-1024,ADSB
2022-07-17T18:48:15.593,36.899772,-115.041790,15300,5.00000,-179.00000,-1024,ADSB
2022-07-17T18:48:16.015,36.899364,-115.041811,15275,4.00000,-180.00000,-1024,ADSB
2022-07-17T18:48:16.718,36.898785,-115.041769,15250,5.00000,-180.00000,-1024,ADSB
2022-07-17T18:48:17.593,36.898141,-115.041747,15250,5.00000,-180.00000,-960,ADSB
2022-07-17T18:48:18.233,36.897626,-115.041747,15250,5.00000,-180.00000,-960,ADSB
2022-07-17T18:48:18.749,36.897218,-115.041726,15250,5.00000,-180.00000,-960,ADSB
2022-07-17T18:48:19.249,36.896703,-115.041726,15225,5.00000,-180.00000,-960,ADSB
2022-07-17T18:48:19.748,36.896253,-115.041704,15225,5.00000,-180.00000,-960,ADSB
2022-07-17T18:48:20.233,36.895866,-115.041661,15225,5.00000,-180.00000,-960,ADSB
2022-07-17T18:48:20.734,36.895437,-115.041640,15200,5.00000,-180.00000,-960,ADSB
2022-07-17T18:48:21.187,36.895115,-115.041640,15200,5.00000,-180.00000,-896,ADSB
2022-07-17T18:48:21.781,36.894686,-115.041597,15200,5.00000,-180.00000,-896,ADSB
2022-07-17T18:48:22.187,36.894279,-115.041575,15200,5.00000,-180.00000,-896,ADSB
2022-07-17T18:48:22.734,36.893849,-115.041597,15200,5.00000,-180.00000,-896,ADSB
2022-07-17T18:48:23.312,36.893356,-115.041597,15175,5.00000,-180.00000,-896,ADSB
2022-07-17T18:48:23.781,36.892905,-115.041575,15175,5.00000,-180.00000,-832,ADSB
2022-07-17T18:48:24.358,36.892455,-115.041533,15150,5.00000,-180.00000,-832,ADSB
2022-07-17T18:48:24.830,36.891940,-115.041511,15125,5.00000,-180.00000,-832,ADSB
2022-07-17T18:48:25.468,36.891532,-115.041490,15150,5.00000,-180.00000,-832,ADSB
2022-07-17T18:48:25.936,36.891103,-115.041490,15125,5.00000,-181.00000,-832,ADSB
2022-07-17T18:48:26.452,36.890695,-115.041490,15125,5.00000,-181.00000,-832,ADSB
2022-07-17T18:48:26.858,36.890266,-115.041468,15100,5.00000,-181.00000,-896,ADSB
2022-07-17T18:48:27.515,36.889772,-115.041447,15100,5.00000,-181.00000,-896,ADSB
2022-07-17T18:48:28.453,36.889021,-115.041425,15075,5.00000,-182.00000,-896,ADSB
2022-07-17T18:48:28.985,36.888571,-115.041404,15075,5.00000,-182.00000,-896,ADSB
2022-07-17T18:48:29.342,36.888249,-115.041404,15050,6.00000,-182.00000,-896,ADSB
2022-07-17T18:48:29.857,36.887798,-115.041361,15050,6.00000,-182.00000,-896,ADSB
2022-07-17T18:48:30.327,36.887369,-115.041339,15050,6.00000,-182.00000,-896,ADSB
2022-07-17T18:48:30.905,36.886961,-115.041361,15025,5.00000,-183.00000,-896,ADSB
2022-07-17T18:48:31.312,36.886640,-115.041296,15025,5.00000,-183.00000,-896,ADSB
2022-07-17T18:48:31.765,36.886189,-115.041296,15025,5.00000,-183.00000,-960,ADSB
2022-07-17T18:48:32.296,36.885674,-115.041296,15025,5.00000,-183.00000,-896,ADSB
2022-07-17T18:48:32.937,36.885202,-115.041275,15000,5.00000,-183.00000,-960,ADSB
2022-07-17T18:48:33.296,36.884923,-115.041254,15000,5.00000,-183.00000,-960,ADSB
2022-07-17T18:48:33.890,36.884408,-115.041254,15000,5.00000,-183.00000,-960,ADSB
2022-07-17T18:48:34.467,36.883979,-115.041232,14975,6.00000,-184.00000,-960,ADSB
2022-07-17T18:48:34.827,36.883507,-115.041211,14950,5.00000,-184.00000,-960,ADSB
2022-07-17T18:48:35.374,36.883056,-115.041189,14975,5.00000,-184.00000,-960,ADSB
2022-07-17T18:48:36.359,36.882284,-115.041168,14950,5.00000,-184.00000,-960,ADSB
2022-07-17T18:48:37.046,36.881790,-115.041146,14950,5.00000,-185.00000,-960,ADSB
2022-07-17T18:48:37.312,36.881425,-115.041125,14925,5.00000,-185.00000,-960,ADSB
2022-07-17T18:48:38.531,36.880546,-115.041125,14925,5.00000,-185.00000,-960,ADSB
2022-07-17T18:48:39.388,36.879730,-115.041060,14900,5.00000,-185.00000,-960,ADSB
2022-07-17T18:48:39.841,36.879280,-115.041060,14900,5.00000,-185.00000,-960,ADSB
2022-07-17T18:48:40.327,36.878850,-115.041060,14875,5.00000,-186.00000,-960,ADSB
2022-07-17T18:48:40.999,36.878443,-115.041060,14875,5.00000,-186.00000,-960,ADSB
2022-07-17T18:48:41.389,36.877992,-115.040996,14875,5.00000,-186.00000,-960,ADSB
2022-07-17T18:48:42.327,36.877112,-115.040996,14850,5.00000,-186.00000,-960,ADSB
2022-07-17T18:48:42.952,36.876640,-115.040975,14825,5.00000,-186.00000,-960,ADSB
2022-07-17T18:48:43.390,36.876254,-115.040932,14825,5.00000,-186.00000,-960,ADSB
2022-07-17T18:48:43.874,36.875846,-115.040953,14825,5.00000,-187.00000,-960,ADSB
2022-07-17T18:48:44.404,36.875331,-115.040932,14825,5.00000,-187.00000,-960,ADSB
2022-07-17T18:48:44.842,36.874902,-115.040910,14825,5.00000,-187.00000,-960,ADSB
2022-07-17T18:48:45.390,36.874559,-115.040889,14800,5.00000,-187.00000,-960,ADSB
2022-07-17T18:48:45.952,36.874044,-115.040867,14775,5.00000,-187.00000,-960,ADSB
2022-07-17T18:48:46.405,36.873593,-115.040889,14800,5.00000,-187.00000,-960,ADSB
2022-07-17T18:48:46.843,36.873164,-115.040846,14775,5.00000,-187.00000,-960,ADSB
2022-07-17T18:48:47.359,36.872714,-115.040824,14775,5.00000,-187.00000,-960,ADSB
2022-07-17T18:48:47.890,36.872263,-115.040824,14775,5.00000,-187.00000,-960,ADSB
2022-07-17T18:48:48.359,36.871941,-115.040824,14750,5.00000,-188.00000,-960,ADSB
2022-07-17T18:48:49.218,36.871147,-115.040760,14750,5.00000,-188.00000,-896,ADSB
2022-07-17T18:48:50.202,36.870396,-115.040760,14725,5.00000,-188.00000,-896,ADSB
2022-07-17T18:48:50.937,36.869688,-115.040739,14700,5.00000,-188.00000,-896,ADSB
2022-07-17T18:48:51.359,36.869345,-115.040696,14725,5.00000,-188.00000,-896,ADSB
2022-07-17T18:48:52.250,36.868637,-115.040696,14700,5.00000,-188.00000,-896,ADSB
2022-07-17T18:48:52.484,36.868358,-115.040717,14700,5.00000,-188.00000,-896,ADSB
2022-07-17T18:48:53.562,36.867328,-115.040653,14675,5.00000,-189.00000,-896,ADSB
2022-07-17T18:48:54.093,36.866941,-115.040653,14675,5.00000,-189.00000,-896,ADSB
2022-07-17T18:48:54.436,36.866555,-115.040631,14650,5.00000,-189.00000,-896,ADSB
2022-07-17T18:48:55.154,36.866190,-115.040653,14625,5.00000,-189.00000,-896,ADSB
2022-07-17T18:48:55.404,36.865740,-115.040588,14625,5.00000,-189.00000,-896,ADSB
2022-07-17T18:48:55.997,36.865311,-115.040588,14625,5.00000,-189.00000,-896,ADSB
2022-07-17T18:48:56.435,36.864860,-115.040588,14600,5.00000,-189.00000,-896,ADSB
2022-07-17T18:48:57.435,36.863980,-115.040524,14600,5.00000,-189.00000,-896,ADSB
2022-07-17T18:48:58.404,36.863208,-115.040524,14575,5.00000,-190.00000,-896,ADSB
2022-07-17T18:48:58.951,36.862671,-115.040524,14575,5.00000,-190.00000,-896,ADSB
2022-07-17T18:48:59.436,36.862242,-115.040460,14575,5.00000,-190.00000,-960,ADSB
2022-07-17T18:48:59.889,36.861792,-115.040481,14550,5.00000,-190.00000,-960,ADSB
2022-07-17T18:49:00.515,36.861277,-115.040460,14550,5.00000,-190.00000,-960,ADSB
2022-07-17T18:49:01.015,36.860912,-115.040481,14550,5.00000,-190.00000,-960,ADSB
2022-07-17T18:49:01.453,36.860483,-115.040417,14525,5.00000,-190.00000,-960,ADSB
2022-07-17T18:49:01.953,36.860054,-115.040417,14525,5.00000,-190.00000,-960,ADSB
2022-07-17T18:49:02.359,36.859581,-115.040417,14525,5.00000,-190.00000,-960,ADSB
2022-07-17T18:49:03.297,36.858895,-115.040417,14500,5.00000,-190.00000,-960,ADSB
2022-07-17T18:49:04.404,36.857886,-115.040352,14475,5.00000,-191.00000,-960,ADSB
2022-07-17T18:49:05.390,36.857028,-115.040288,14475,5.00000,-191.00000,-960,ADSB
2022-07-17T18:49:05.952,36.856513,-115.040309,14475,5.00000,-191.00000,-960,ADSB
2022-07-17T18:49:06.562,36.856062,-115.040288,14450,5.00000,-191.00000,-896,ADSB
2022-07-17T18:49:07.577,36.855075,-115.040288,14425,5.00000,-191.00000,-896,ADSB
2022-07-17T18:49:08.515,36.854196,-115.040224,14425,5.00000,-191.00000,-896,ADSB
2022-07-17T18:49:09.031,36.853831,-115.040245,14425,5.00000,-191.00000,-896,ADSB
2022-07-17T18:49:09.311,36.853509,-115.040245,14400,5.00000,-191.00000,-896,ADSB
2022-07-17T18:49:10.234,36.852715,-115.040181,14400,5.00000,-191.00000,-960,ADSB
2022-07-17T18:49:11.265,36.851728,-115.040181,14375,5.00000,-191.00000,-960,ADSB
2022-07-17T18:49:11.953,36.851170,-115.040181,14375,5.00000,-191.00000,-960,ADSB
2022-07-17T18:49:12.359,36.850741,-115.040116,14375,5.00000,-191.00000,-960,ADSB
2022-07-17T18:49:13.140,36.850140,-115.040116,14325,5.00000,-190.00000,-960,ADSB
2022-07-17T18:49:13.671,36.849604,-115.040095,14325,5.00000,-190.00000,-960,ADSB
2022-07-17T18:49:14.499,36.848874,-115.040073,14325,4.00000,-190.00000,-960,ADSB
2022-07-17T18:49:15.030,36.848466,-115.040052,14325,4.00000,-190.00000,-960,ADSB
2022-07-17T18:49:15.531,36.848016,-115.040073,14300,4.00000,-190.00000,-960,ADSB
2022-07-17T18:49:16.422,36.847222,-115.040009,14300,4.00000,-190.00000,-960,ADSB
2022-07-17T18:49:17.125,36.846621,-115.040009,14300,4.00000,-190.00000,-960,ADSB
2022-07-17T18:49:17.719,36.846085,-115.040009,14275,4.00000,-190.00000,-960,ADSB
2022-07-17T18:49:18.187,36.845720,-115.039966,14275,4.00000,-190.00000,-960,ADSB
2022-07-17T18:49:19.187,36.844840,-115.039966,14225,4.00000,-189.00000,-896,ADSB
2022-07-17T18:49:19.920,36.844153,-115.039923,14225,4.00000,-189.00000,-896,ADSB
2022-07-17T18:49:20.734,36.843531,-115.039945,14200,4.00000,-189.00000,-896,ADSB
2022-07-17T18:49:21.234,36.843016,-115.039880,14200,4.00000,-189.00000,-896,ADSB
2022-07-17T18:49:21.672,36.842587,-115.039880,14200,4.00000,-189.00000,-896,ADSB
2022-07-17T18:49:22.297,36.842136,-115.039880,14175,4.00000,-189.00000,-896,ADSB
2022-07-17T18:49:23.078,36.841364,-115.039859,14150,4.00000,-189.00000,-896,ADSB
2022-07-17T18:49:23.969,36.840827,-115.039837,14150,4.00000,-189.00000,-960,ADSB
2022-07-17T18:49:24.295,36.840312,-115.039837,14150,4.00000,-189.00000,-960,ADSB
2022-07-17T18:49:24.940,36.839776,-115.039816,14150,4.00000,-189.00000,-960,ADSB
2022-07-17T18:49:25.472,36.839347,-115.039837,14125,4.00000,-189.00000,-960,ADSB
2022-07-17T18:49:26.035,36.838746,-115.039794,14100,4.00000,-189.00000,-1024,ADSB
2022-07-17T18:49:26.988,36.838038,-115.039794,14100,4.00000,-189.00000,-1024,ADSB
2022-07-17T18:49:27.426,36.837587,-115.039773,14100,4.00000,-189.00000,-1024,ADSB
2022-07-17T18:49:28.473,36.836686,-115.039709,14075,4.00000,-189.00000,-1024,ADSB
2022-07-17T18:49:29.420,36.835806,-115.039709,14050,4.00000,-189.00000,-1024,ADSB
2022-07-17T18:49:29.982,36.835291,-115.039709,14050,4.00000,-189.00000,-960,ADSB
2022-07-17T18:49:30.452,36.834884,-115.039687,14025,4.00000,-189.00000,-1024,ADSB
2022-07-17T18:49:31.124,36.834326,-115.039644,14025,4.00000,-189.00000,-960,ADSB
2022-07-17T18:49:31.577,36.834004,-115.039666,14025,4.00000,-189.00000,-960,ADSB
2022-07-17T18:49:32.671,36.833017,-115.039644,14000,4.00000,-189.00000,-960,ADSB
2022-07-17T18:49:33.687,36.832244,-115.039623,13975,4.00000,-189.00000,-960,ADSB
2022-07-17T18:49:34.140,36.831815,-115.039601,13975,4.00000,-189.00000,-896,ADSB
2022-07-17T18:49:34.654,36.831300,-115.039601,13975,4.00000,-189.00000,-896,ADSB
2022-07-17T18:49:35.593,36.830485,-115.039558,13975,4.00000,-189.00000,-896,ADSB
2022-07-17T18:49:36.546,36.829712,-115.039537,13950,4.00000,-189.00000,-896,ADSB
2022-07-17T18:49:37.078,36.829154,-115.039537,13950,4.00000,-189.00000,-896,ADSB
2022-07-17T18:49:37.593,36.828640,-115.039537,13925,4.00000,-189.00000,-896,ADSB
2022-07-17T18:49:38.343,36.828146,-115.039494,13925,4.00000,-189.00000,-896,ADSB
2022-07-17T18:49:38.718,36.827760,-115.039537,13925,4.00000,-189.00000,-896,ADSB
2022-07-17T18:49:39.764,36.826816,-115.039494,13900,4.00000,-189.00000,-896,ADSB
2022-07-17T18:49:40.843,36.825764,-115.039451,13850,4.00000,-189.00000,-896,ADSB
2022-07-17T18:49:41.704,36.825078,-115.039451,13850,4.00000,-189.00000,-960,ADSB
2022-07-17T18:49:42.360,36.824713,-115.039451,13825,4.00000,-189.00000,-960,ADSB
2022-07-17T18:49:42.688,36.824155,-115.039451,13825,3.00000,-189.00000,-960,ADSB
2022-07-17T18:49:43.595,36.823468,-115.039387,13800,2.00000,-189.00000,-960,ADSB
2022-07-17T18:49:44.001,36.823061,-115.039430,13800,2.00000,-189.00000,-960,ADSB
2022-07-17T18:49:44.655,36.822610,-115.039387,13800,1.00000,-189.00000,-960,ADSB
2022-07-17T18:49:45.015,36.822095,-115.039408,13775,-2.00000,-189.00000,-960,ADSB
2022-07-17T18:49:45.722,36.821666,-115.039430,13800,-2.00000,-189.00000,-960,ADSB
2022-07-17T18:49:46.175,36.821172,-115.039451,13775,-4.00000,-189.00000,-960,ADSB
2022-07-17T18:49:46.628,36.820765,-115.039473,13775,-6.00000,-189.00000,-960,ADSB
2022-07-17T18:49:47.144,36.820335,-115.039473,13750,-8.00000,-189.00000,-1024,ADSB
2022-07-17T18:49:47.847,36.819692,-115.039537,13750,-10.00000,-189.00000,-1024,ADSB
2022-07-17T18:49:48.316,36.819370,-115.039537,13725,-11.00000,-189.00000,-1024,ADSB
2022-07-17T18:49:48.816,36.818941,-115.039558,13725,-11.00000,-189.00000,-1024,ADSB
2022-07-17T18:49:49.326,36.818383,-115.039623,13725,-13.00000,-189.00000,-960,ADSB
2022-07-17T18:49:49.967,36.817889,-115.039709,13700,-15.00000,-189.00000,-960,ADSB
2022-07-17T18:49:50.437,36.817439,-115.039730,13700,-16.00000,-189.00000,-960,ADSB
2022-07-17T18:49:50.859,36.816967,-115.039794,13700,-17.00000,-189.00000,-960,ADSB
2022-07-17T18:49:51.624,36.816473,-115.039837,13675,-19.00000,-189.00000,-960,ADSB
2022-07-17T18:49:51.921,36.816108,-115.039902,13675,-19.00000,-190.00000,-960,ADSB
2022-07-17T18:49:52.812,36.815250,-115.040009,13650,-21.00000,-190.00000,-960,ADSB
2022-07-17T18:49:53.515,36.814821,-115.040052,13650,-21.00000,-190.00000,-960,ADSB
2022-07-17T18:49:53.906,36.814370,-115.040138,13650,-22.00000,-190.00000,-960,ADSB
2022-07-17T18:49:54.592,36.813662,-115.040245,13625,-24.00000,-190.00000,-960,ADSB
2022-07-17T18:49:55.530,36.812954,-115.040352,13625,-25.00000,-191.00000,-960,ADSB
2022-07-17T18:49:55.858,36.812675,-115.040417,13600,-25.00000,-191.00000,-960,ADSB
2022-07-17T18:49:56.437,36.812160,-115.040481,13600,-26.00000,-191.00000,-960,ADSB
2022-07-17T18:49:56.937,36.811709,-115.040588,13600,-26.00000,-191.00000,-960,ADSB
2022-07-17T18:49:57.702,36.811001,-115.040696,13575,-27.00000,-191.00000,-960,ADSB
2022-07-17T18:49:58.984,36.809928,-115.040867,13575,-28.00000,-191.00000,-960,ADSB
2022-07-17T18:49:59.826,36.809134,-115.041060,13550,-29.00000,-191.00000,-960,ADSB
2022-07-17T18:50:00.734,36.808362,-115.041189,13525,-29.00000,-191.00000,-960,ADSB
2022-07-17T18:50:01.812,36.807439,-115.041382,13525,-30.00000,-191.00000,-960,ADSB
2022-07-17T18:50:02.359,36.806946,-115.041511,13500,-31.00000,-191.00000,-960,ADSB
2022-07-17T18:50:02.874,36.806388,-115.041575,13500,-31.00000,-190.00000,-960,ADSB
2022-07-17T18:50:03.328,36.806023,-115.041683,13500,-31.00000,-190.00000,-960,ADSB
2022-07-17T18:50:03.921,36.805594,-115.041747,13450,-31.00000,-190.00000,-960,ADSB
2022-07-17T18:50:04.545,36.805079,-115.041854,13475,-32.00000,-190.00000,-960,ADSB
2022-07-17T18:50:04.795,36.804714,-115.041940,13475,-32.00000,-190.00000,-960,ADSB
2022-07-17T18:50:05.390,36.804285,-115.042026,13450,-32.00000,-190.00000,-960,ADSB
2022-07-17T18:50:05.843,36.803834,-115.042112,13450,-32.00000,-190.00000,-960,ADSB
2022-07-17T18:50:06.343,36.803427,-115.042198,13450,-32.00000,-190.00000,-960,ADSB
2022-07-17T18:50:06.765,36.803062,-115.042305,13450,-32.00000,-190.00000,-896,ADSB
2022-07-17T18:50:07.359,36.802504,-115.042412,13425,-33.00000,-189.00000,-832,ADSB
2022-07-17T18:50:07.969,36.802096,-115.042455,13425,-33.00000,-189.00000,-768,ADSB
2022-07-17T18:50:08.328,36.801646,-115.042584,13425,-33.00000,-189.00000,-704,ADSB
2022-07-17T18:50:08.781,36.801217,-115.042691,13425,-33.00000,-189.00000,-640,ADSB
2022-07-17T18:50:09.561,36.800702,-115.042799,13425,-33.00000,-188.00000,-576,ADSB
2022-07-17T18:50:09.874,36.800337,-115.042863,13400,-33.00000,-188.00000,-512,ADSB
2022-07-17T18:50:10.359,36.799886,-115.042992,13400,-33.00000,-188.00000,-448,ADSB
2022-07-17T18:50:11.000,36.799393,-115.043099,13400,-33.00000,-187.00000,-384,ADSB
2022-07-17T18:50:11.453,36.798942,-115.043163,13400,-34.00000,-187.00000,-384,ADSB
2022-07-17T18:50:12.016,36.798427,-115.043271,13400,-34.00000,-187.00000,-384,ADSB
2022-07-17T18:50:12.531,36.798105,-115.043399,13400,-34.00000,-186.00000,-320,ADSB
2022-07-17T18:50:12.953,36.797590,-115.043507,13400,-34.00000,-186.00000,-320,ADSB
2022-07-17T18:50:13.531,36.797140,-115.043571,13400,-34.00000,-186.00000,-384,ADSB
2022-07-17T18:50:14.110,36.796710,-115.043678,13375,-34.00000,-185.00000,-384,ADSB
2022-07-17T18:50:14.592,36.796196,-115.043807,13375,-34.00000,-185.00000,-384,ADSB
2022-07-17T18:50:15.154,36.795766,-115.043914,13375,-34.00000,-185.00000,-384,ADSB
2022-07-17T18:50:15.624,36.795359,-115.043979,13375,-34.00000,-185.00000,-448,ADSB
2022-07-17T18:50:16.171,36.794822,-115.044129,13350,-34.00000,-185.00000,-448,ADSB
2022-07-17T18:50:16.765,36.794393,-115.044193,13350,-34.00000,-184.00000,-448,ADSB
2022-07-17T18:50:17.390,36.794007,-115.044322,13325,-34.00000,-184.00000,-512,ADSB
2022-07-17T18:50:17.796,36.793492,-115.044451,13325,-34.00000,-184.00000,-512,ADSB
2022-07-17T18:50:18.374,36.793020,-115.044558,13325,-34.00000,-184.00000,-512,ADSB
2022-07-17T18:50:18.703,36.792719,-115.044601,13325,-35.00000,-184.00000,-576,ADSB
2022-07-17T18:50:19.156,36.792290,-115.044708,13325,-35.00000,-184.00000,-576,ADSB
2022-07-17T18:50:19.670,36.791947,-115.044794,13300,-35.00000,-184.00000,-576,ADSB
2022-07-17T18:50:20.139,36.791518,-115.044880,13300,-35.00000,-183.00000,-576,ADSB
2022-07-17T18:50:20.718,36.791024,-115.045030,13300,-35.00000,-183.00000,-640,ADSB
2022-07-17T18:50:21.234,36.790552,-115.045094,13300,-35.00000,-183.00000,-640,ADSB
2022-07-17T18:50:21.859,36.790144,-115.045223,13300,-35.00000,-183.00000,-640,ADSB
2022-07-17T18:50:22.265,36.789715,-115.045331,13275,-35.00000,-183.00000,-640,ADSB
2022-07-17T18:50:22.781,36.789329,-115.045395,13275,-35.00000,-183.00000,-640,ADSB
2022-07-17T18:50:23.250,36.788878,-115.045502,13275,-35.00000,-183.00000,-640,ADSB
2022-07-17T18:50:23.687,36.788557,-115.045609,13275,-35.00000,-183.00000,-640,ADSB
2022-07-17T18:50:24.140,36.788127,-115.045674,13275,-35.00000,-183.00000,-640,ADSB
2022-07-17T18:50:24.608,36.787720,-115.045781,13250,-35.00000,-183.00000,-640,ADSB
2022-07-17T18:50:25.098,36.787248,-115.045910,13250,-35.00000,-183.00000,-576,ADSB
2022-07-17T18:50:25.615,36.786947,-115.045974,13250,-35.00000,-183.00000,-576,ADSB
2022-07-17T18:50:25.912,36.786582,-115.046082,13250,-36.00000,-183.00000,-576,ADSB
2022-07-17T18:50:26.865,36.785810,-115.046253,13250,-36.00000,-183.00000,-576,ADSB
2022-07-17T18:50:27.740,36.785059,-115.046425,13225,-36.00000,-183.00000,-512,ADSB
2022-07-17T18:50:28.271,36.784737,-115.046532,13225,-36.00000,-183.00000,-512,ADSB
2022-07-17T18:50:28.615,36.784329,-115.046618,13225,-36.00000,-183.00000,-512,ADSB
2022-07-17T18:50:29.671,36.783428,-115.046833,13225,-36.00000,-183.00000,-512,ADSB
2022-07-17T18:50:30.124,36.783042,-115.046940,13200,-36.00000,-183.00000,-512,ADSB
2022-07-17T18:50:30.515,36.782677,-115.047004,13200,-36.00000,-183.00000,-512,ADSB
2022-07-17T18:50:31.172,36.782184,-115.047176,13200,-36.00000,-183.00000,-512,ADSB
2022-07-17T18:50:31.687,36.781669,-115.047240,13200,-36.00000,-183.00000,-512,ADSB
2022-07-17T18:50:32.719,36.780810,-115.047519,13200,-37.00000,-183.00000,-512,ADSB
2022-07-17T18:50:33.797,36.779909,-115.047712,13175,-37.00000,-183.00000,-512,ADSB
2022-07-17T18:50:34.437,36.779394,-115.047863,13175,-37.00000,-183.00000,-512,ADSB
2022-07-17T18:50:35.062,36.778986,-115.047970,13175,-37.00000,-183.00000,-512,ADSB
2022-07-17T18:50:35.531,36.778471,-115.048077,13150,-37.00000,-183.00000,-576,ADSB
2022-07-17T18:50:35.969,36.778107,-115.048141,13150,-37.00000,-183.00000,-576,ADSB
2022-07-17T18:50:36.860,36.777291,-115.048378,13150,-37.00000,-183.00000,-576,ADSB
2022-07-17T18:50:37.438,36.776819,-115.048485,13150,-37.00000,-183.00000,-576,ADSB
2022-07-17T18:50:37.797,36.776433,-115.048592,13125,-37.00000,-183.00000,-576,ADSB
2022-07-17T18:50:38.672,36.775746,-115.048764,13125,-37.00000,-184.00000,-576,ADSB
2022-07-17T18:50:39.639,36.775060,-115.048935,13125,-37.00000,-184.00000,-576,ADSB
2022-07-17T18:50:40.062,36.774631,-115.049064,13125,-37.00000,-184.00000,-512,ADSB
2022-07-17T18:50:40.954,36.773880,-115.049236,13100,-37.00000,-184.00000,-576,ADSB
2022-07-17T18:50:41.735,36.773193,-115.049386,13100,-37.00000,-184.00000,-576,ADSB
2022-07-17T18:50:42.173,36.772721,-115.049536,13100,-37.00000,-184.00000,-576,ADSB
2022-07-17T18:50:43.157,36.771970,-115.049686,13100,-37.00000,-184.00000,-576,ADSB
2022-07-17T18:50:43.751,36.771498,-115.049837,13075,-37.00000,-184.00000,-640,ADSB
2022-07-17T18:50:44.063,36.771240,-115.049880,13075,-37.00000,-184.00000,-576,ADSB
2022-07-17T18:50:44.530,36.770790,-115.050030,13075,-37.00000,-184.00000,-576,ADSB
2022-07-17T18:50:45.046,36.770360,-115.050116,13075,-37.00000,-184.00000,-576,ADSB
2022-07-17T18:50:45.547,36.769953,-115.050223,13050,-38.00000,-184.00000,-576,ADSB
2022-07-17T18:50:45.984,36.769588,-115.050309,13075,-38.00000,-184.00000,-576,ADSB
2022-07-17T18:50:47.000,36.768730,-115.050545,13050,-37.00000,-184.00000,-576,ADSB
2022-07-17T18:50:47.594,36.768215,-115.050652,13050,-38.00000,-184.00000,-512,ADSB
2022-07-17T18:50:47.969,36.767893,-115.050716,13050,-38.00000,-184.00000,-512,ADSB
2022-07-17T18:50:48.531,36.767399,-115.050888,13050,-38.00000,-184.00000,-512,ADSB
2022-07-17T18:50:49.094,36.766949,-115.050995,13025,-38.00000,-184.00000,-512,ADSB
2022-07-17T18:50:49.483,36.766541,-115.051103,13025,-38.00000,-184.00000,-576,ADSB
2022-07-17T18:50:49.968,36.766198,-115.051167,13025,-38.00000,-184.00000,-576,ADSB
2022-07-17T18:50:50.375,36.765833,-115.051296,13025,-38.00000,-184.00000,-576,ADSB
2022-07-17T18:50:50.781,36.765511,-115.051339,13025,-38.00000,-184.00000,-576,ADSB
2022-07-17T18:50:51.281,36.765103,-115.051467,13025,-38.00000,-184.00000,-576,ADSB
2022-07-17T18:50:51.735,36.764631,-115.051575,12975,-38.00000,-184.00000,-576,ADSB
2022-07-17T18:50:52.219,36.764331,-115.051639,13000,-38.00000,-184.00000,-576,ADSB
2022-07-17T18:50:52.547,36.763880,-115.051746,12975,-38.00000,-184.00000,-576,ADSB
2022-07-17T18:50:53.469,36.763086,-115.051982,12975,-38.00000,-184.00000,-576,ADSB
2022-07-17T18:50:54.545,36.762271,-115.052154,12950,-38.00000,-184.00000,-576,ADSB
2022-07-17T18:50:55.546,36.761391,-115.052369,12950,-38.00000,-184.00000,-576,ADSB
2022-07-17T18:50:56.171,36.760919,-115.052519,12950,-38.00000,-185.00000,-576,ADSB
2022-07-17T18:50:56.639,36.760490,-115.052626,12950,-38.00000,-185.00000,-512,ADSB
2022-07-17T18:50:57.499,36.759696,-115.052841,12925,-38.00000,-185.00000,-512,ADSB
2022-07-17T18:50:58.124,36.759267,-115.052927,12925,-38.00000,-185.00000,-512,ADSB
2022-07-17T18:50:58.515,36.758816,-115.053034,12925,-38.00000,-185.00000,-512,ADSB
2022-07-17T18:50:59.452,36.758065,-115.053270,12925,-38.00000,-186.00000,-512,ADSB
2022-07-17T18:51:00.391,36.757271,-115.053463,12900,-38.00000,-186.00000,-512,ADSB
2022-07-17T18:51:00.814,36.756864,-115.053570,12900,-38.00000,-186.00000,-576,ADSB
2022-07-17T18:51:01.501,36.756349,-115.053678,12900,-38.00000,-186.00000,-576,ADSB
2022-07-17T18:51:02.017,36.755898,-115.053806,12900,-38.00000,-187.00000,-512,ADSB
2022-07-17T18:51:02.423,36.755469,-115.053914,12900,-38.00000,-187.00000,-512,ADSB
2022-07-17T18:51:03.048,36.754868,-115.054042,12900,-38.00000,-187.00000,-512,ADSB
2022-07-17T18:51:03.486,36.754525,-115.054150,12875,-38.00000,-187.00000,-512,ADSB
2022-07-17T18:51:04.576,36.753581,-115.054386,12875,-38.00000,-187.00000,-512,ADSB
2022-07-17T18:51:05.609,36.752722,-115.054622,12850,-39.00000,-187.00000,-448,ADSB
2022-07-17T18:51:06.156,36.752250,-115.054729,12850,-39.00000,-188.00000,-448,ADSB
2022-07-17T18:51:06.609,36.751821,-115.054858,12850,-39.00000,-188.00000,-448,ADSB
2022-07-17T18:51:07.672,36.750941,-115.055072,12850,-39.00000,-188.00000,-448,ADSB
2022-07-17T18:51:08.672,36.749997,-115.055287,12850,-39.00000,-188.00000,-448,ADSB
2022-07-17T18:51:23.298,36.737230,-115.058613,12775,-40.00000,-188.00000,0,ADSB
2022-07-17T18:51:24.188,36.736414,-115.058827,12775,-40.00000,-188.00000,0,ADSB
2022-07-17T18:51:25.139,36.735663,-115.059021,12800,-40.00000,-188.00000,0,ADSB
2022-07-17T18:51:26.296,36.734698,-115.059278,12775,-40.00000,-188.00000,0,ADSB
2022-07-17T18:51:26.609,36.734269,-115.059385,12800,-40.00000,-188.00000,0,ADSB
2022-07-17T18:51:27.281,36.733754,-115.059536,12775,-40.00000,-188.00000,0,ADSB
2022-07-17T18:51:28.187,36.733046,-115.059707,12800,-40.00000,-187.00000,64,ADSB
2022-07-17T18:51:29.359,36.732016,-115.059986,12800,-40.00000,-187.00000,64,ADSB
2022-07-17T18:51:30.360,36.731114,-115.060222,12800,-40.00000,-187.00000,0,ADSB
2022-07-17T18:51:31.344,36.730278,-115.060437,12800,-40.00000,-187.00000,0,ADSB
2022-07-17T18:51:32.422,36.729290,-115.060694,12800,-40.00000,-187.00000,0,ADSB
2022-07-17T18:51:33.516,36.728346,-115.060952,12800,-40.00000,-187.00000,0,ADSB
2022-07-17T18:51:34.577,36.727509,-115.061166,12800,-40.00000,-187.00000,-64,ADSB
2022-07-17T18:51:35.640,36.726480,-115.061445,12800,-40.00000,-187.00000,-128,ADSB
2022-07-17T18:51:36.484,36.725771,-115.061638,12800,-40.00000,-186.00000,-128,ADSB
2022-07-17T18:51:37.672,36.724827,-115.061917,12775,-40.00000,-186.00000,-128,ADSB
2022-07-17T18:51:38.469,36.724055,-115.062110,12775,-40.00000,-186.00000,-128,ADSB
2022-07-17T18:51:39.515,36.723175,-115.062325,12775,-40.00000,-186.00000,-64,ADSB
2022-07-17T18:51:40.186,36.722682,-115.062475,12775,-40.00000,-186.00000,-64,ADSB
2022-07-17T18:51:40.453,36.722295,-115.062561,12775,-40.00000,-186.00000,-64,ADSB
2022-07-17T18:51:41.531,36.721437,-115.062797,12775,-40.00000,-186.00000,0,ADSB
2022-07-17T18:51:42.047,36.720943,-115.062926,12775,-40.00000,-186.00000,0,ADSB
2022-07-17T18:51:42.625,36.720514,-115.063076,12775,-40.00000,-186.00000,0,ADSB
2022-07-17T18:51:43.172,36.720085,-115.063162,12775,-40.00000,-186.00000,0,ADSB
2022-07-17T18:51:43.641,36.719656,-115.063269,12775,-40.00000,-186.00000,0,ADSB
2022-07-17T18:51:44.250,36.719227,-115.063398,12775,-40.00000,-185.00000,0,ADSB
2022-07-17T18:51:44.515,36.718776,-115.063527,12775,-40.00000,-185.00000,0,ADSB
2022-07-17T18:51:45.568,36.717939,-115.063720,12775,-40.00000,-185.00000,0,ADSB
2022-07-17T18:51:46.224,36.717510,-115.063848,12775,-40.00000,-185.00000,64,ADSB
2022-07-17T18:51:46.662,36.717060,-115.063956,12775,-40.00000,-185.00000,0,ADSB
2022-07-17T18:51:47.552,36.716223,-115.064192,12775,-40.00000,-185.00000,64,ADSB
2022-07-17T18:51:48.568,36.715386,-115.064428,12775,-40.00000,-185.00000,64,ADSB
2022-07-17T18:51:49.655,36.714442,-115.064685,12775,-40.00000,-185.00000,64,ADSB
2022-07-17T18:51:50.828,36.713476,-115.064964,12775,-40.00000,-184.00000,64,ADSB
2022-07-17T18:51:51.875,36.712639,-115.065200,12775,-40.00000,-184.00000,64,ADSB
2022-07-17T18:51:52.734,36.711738,-115.065415,12775,-40.00000,-184.00000,64,ADSB
2022-07-17T18:51:53.750,36.710901,-115.065651,12775,-40.00000,-184.00000,0,ADSB
2022-07-17T18:51:54.468,36.710343,-115.065780,12800,-40.00000,-184.00000,0,ADSB
2022-07-17T18:51:55.484,36.709485,-115.066016,12800,-40.00000,-184.00000,0,ADSB
2022-07-17T18:51:56.749,36.708434,-115.066273,12775,-40.00000,-184.00000,0,ADSB
2022-07-17T18:51:57.781,36.707618,-115.066509,12800,-40.00000,-184.00000,-64,ADSB
2022-07-17T18:51:58.843,36.706674,-115.066767,12775,-40.00000,-184.00000,0,ADSB
2022-07-17T18:51:59.531,36.706073,-115.066917,12775,-40.00000,-184.00000,-64,ADSB
2022-07-17T18:52:00.673,36.705043,-115.067196,12775,-40.00000,-184.00000,0,ADSB
2022-07-17T18:52:01.751,36.704185,-115.067432,12775,-40.00000,-183.00000,0,ADSB
2022-07-17T18:52:02.673,36.703348,-115.067647,12775,-40.00000,-183.00000,0,ADSB
2022-07-17T18:52:03.579,36.702576,-115.067883,12775,-40.00000,-183.00000,0,ADSB
2022-07-17T18:52:04.204,36.702168,-115.067990,12800,-40.00000,-183.00000,0,ADSB
2022-07-17T18:52:04.624,36.701739,-115.068119,12775,-40.00000,-183.00000,0,ADSB
2022-07-17T18:52:05.469,36.700966,-115.068290,12775,-40.00000,-183.00000,0,ADSB
2022-07-17T18:52:06.548,36.700108,-115.068505,12775,-40.00000,-183.00000,0,ADSB
2022-07-17T18:52:07.157,36.699615,-115.068676,12800,-40.00000,-183.00000,64,ADSB
2022-07-17T18:52:08.423,36.698520,-115.068998,12775,-40.00000,-183.00000,0,ADSB
2022-07-17T18:52:09.671,36.697576,-115.069256,12775,-40.00000,-183.00000,0,ADSB
2022-07-17T18:52:10.454,36.696739,-115.069470,12800,-41.00000,-183.00000,0,ADSB
2022-07-17T18:52:11.563,36.695902,-115.069706,12775,-41.00000,-183.00000,0,ADSB
2022-07-17T18:52:12.188,36.695387,-115.069835,12800,-41.00000,-183.00000,0,ADSB
2022-07-17T18:52:12.704,36.694937,-115.069985,12775,-41.00000,-183.00000,0,ADSB
2022-07-17T18:52:13.485,36.694186,-115.070157,12775,-41.00000,-183.00000,0,ADSB
2022-07-17T18:52:14.421,36.693327,-115.070393,12775,-41.00000,-183.00000,0,ADSB
2022-07-17T18:52:15.486,36.692491,-115.070629,12800,-41.00000,-183.00000,64,ADSB
2022-07-17T18:52:16.517,36.691654,-115.070865,12800,-41.00000,-183.00000,64,ADSB
2022-07-17T18:52:17.533,36.690795,-115.071101,12800,-41.00000,-183.00000,64,ADSB
2022-07-17T18:52:18.611,36.689873,-115.071380,12775,-41.00000,-183.00000,0,ADSB
2022-07-17T18:52:19.686,36.688929,-115.071659,12775,-41.00000,-183.00000,0,ADSB
2022-07-17T18:52:20.656,36.688070,-115.071895,12800,-41.00000,-183.00000,0,ADSB
2022-07-17T18:52:21.563,36.687405,-115.072045,12800,-41.00000,-183.00000,64,ADSB
2022-07-17T18:52:22.578,36.686461,-115.072324,12800,-41.00000,-183.00000,0,ADSB
2022-07-17T18:52:23.500,36.685688,-115.072517,12800,-41.00000,-183.00000,64,ADSB
2022-07-17T18:52:24.203,36.685216,-115.072668,12800,-41.00000,-183.00000,64,ADSB
2022-07-17T18:52:24.437,36.684830,-115.072796,12800,-41.00000,-183.00000,0,ADSB
2022-07-17T18:52:25.562,36.683950,-115.073032,12800,-41.00000,-183.00000,0,ADSB
2022-07-17T18:52:26.703,36.683071,-115.073247,12800,-41.00000,-183.00000,0,ADSB
2022-07-17T18:52:27.437,36.682491,-115.073419,12800,-41.00000,-183.00000,0,ADSB
2022-07-17T18:52:28.594,36.681376,-115.073719,12800,-41.00000,-183.00000,0,ADSB
2022-07-17T18:52:29.219,36.680989,-115.073869,12800,-41.00000,-183.00000,64,ADSB
2022-07-17T18:52:29.577,36.680560,-115.074019,12800,-41.00000,-183.00000,0,ADSB
2022-07-17T18:52:30.703,36.679595,-115.074234,12800,-42.00000,-183.00000,64,ADSB
2022-07-17T18:52:31.531,36.678843,-115.074492,12800,-42.00000,-183.00000,64,ADSB
2022-07-17T18:52:32.656,36.677899,-115.074749,12800,-42.00000,-183.00000,64,ADSB
2022-07-17T18:52:33.672,36.677084,-115.074964,12800,-42.00000,-183.00000,64,ADSB
2022-07-17T18:52:34.921,36.676140,-115.075243,12800,-42.00000,-183.00000,0,ADSB
2022-07-17T18:52:35.750,36.675303,-115.075479,12800,-42.00000,-183.00000,0,ADSB
2022-07-17T18:52:36.782,36.674466,-115.075715,12800,-42.00000,-183.00000,0,ADSB
2022-07-17T18:52:37.969,36.673501,-115.075951,12800,-42.00000,-183.00000,0,ADSB
2022-07-17T18:52:38.594,36.673007,-115.076122,12800,-42.00000,-183.00000,-64,ADSB
2022-07-17T18:52:38.876,36.672642,-115.076230,12800,-42.00000,-183.00000,-64,ADSB
2022-07-17T18:52:39.984,36.671720,-115.076466,12800,-42.00000,-183.00000,-64,ADSB
2022-07-17T18:52:40.907,36.670969,-115.076702,12800,-42.00000,-183.00000,0,ADSB
2022-07-17T18:52:41.969,36.670046,-115.077002,12800,-42.00000,-183.00000,0,ADSB
2022-07-17T18:52:42.735,36.669445,-115.077131,12800,-42.00000,-183.00000,0,ADSB
2022-07-17T18:52:43.735,36.668608,-115.077367,12800,-42.00000,-183.00000,0,ADSB
2022-07-17T18:52:44.905,36.667664,-115.077646,12800,-42.00000,-183.00000,0,ADSB
2022-07-17T18:52:45.703,36.666870,-115.077839,12800,-42.00000,-183.00000,0,ADSB
2022-07-17T18:52:46.719,36.666033,-115.078096,12800,-42.00000,-183.00000,0,ADSB
2022-07-17T18:52:47.656,36.665175,-115.078354,12800,-42.00000,-184.00000,0,ADSB
2022-07-17T18:52:48.703,36.664360,-115.078590,12800,-42.00000,-184.00000,0,ADSB
2022-07-17T18:52:49.796,36.663373,-115.078869,12800,-42.00000,-184.00000,0,ADSB
2022-07-17T18:52:50.719,36.662621,-115.079041,12800,-42.00000,-184.00000,0,ADSB
2022-07-17T18:52:51.563,36.661956,-115.079255,12800,-42.00000,-184.00000,0,ADSB
2022-07-17T18:52:52.548,36.661119,-115.079491,12800,-42.00000,-184.00000,0,ADSB
2022-07-17T18:52:53.752,36.659982,-115.079792,12800,-42.00000,-184.00000,0,ADSB
2022-07-17T18:52:54.671,36.659231,-115.080028,12800,-42.00000,-184.00000,0,ADSB
2022-07-17T18:52:55.828,36.658309,-115.080264,12800,-42.00000,-184.00000,0,ADSB
2022-07-17T18:52:56.406,36.657708,-115.080457,12800,-42.00000,-184.00000,0,ADSB
2022-07-17T18:52:56.859,36.657343,-115.080521,12800,-42.00000,-184.00000,0,ADSB
2022-07-17T18:52:57.578,36.656849,-115.080693,12800,-42.00000,-184.00000,0,ADSB
2022-07-17T18:52:57.985,36.656485,-115.080822,12800,-42.00000,-184.00000,0,ADSB
2022-07-17T18:52:58.844,36.655648,-115.081036,12800,-42.00000,-184.00000,0,ADSB
2022-07-17T18:52:59.780,36.654961,-115.081208,12800,-42.00000,-184.00000,0,ADSB
2022-07-17T18:53:00.953,36.653910,-115.081508,12800,-42.00000,-185.00000,0,ADSB
2022-07-17T18:53:01.891,36.653094,-115.081723,12800,-42.00000,-185.00000,0,ADSB
2022-07-17T18:53:02.875,36.652408,-115.081937,12800,-42.00000,-185.00000,0,ADSB
2022-07-17T18:53:03.079,36.652043,-115.082023,12800,-42.00000,-185.00000,0,ADSB
2022-07-17T18:53:04.094,36.651099,-115.082324,12800,-42.00000,-185.00000,0,ADSB
2022-07-17T18:53:04.624,36.650691,-115.082409,12800,-42.00000,-185.00000,0,ADSB
2022-07-17T18:53:05.156,36.650240,-115.082538,12800,-42.00000,-185.00000,0,ADSB
2022-07-17T18:53:05.922,36.649661,-115.082688,12800,-42.00000,-185.00000,64,ADSB
2022-07-17T18:53:06.266,36.649296,-115.082817,12800,-42.00000,-185.00000,0,ADSB
2022-07-17T18:53:06.876,36.648803,-115.082946,12800,-42.00000,-185.00000,64,ADSB
2022-07-17T18:53:07.907,36.647944,-115.083182,12800,-42.00000,-185.00000,0,ADSB
2022-07-17T18:53:08.735,36.647258,-115.083375,12800,-42.00000,-185.00000,0,ADSB
2022-07-17T18:53:09.547,36.646571,-115.083568,12800,-42.00000,-185.00000,0,ADSB
2022-07-17T18:53:10.062,36.646099,-115.083718,12800,-42.00000,-185.00000,0,ADSB
2022-07-17T18:53:10.923,36.645370,-115.083890,12800,-42.00000,-185.00000,-64,ADSB
2022-07-17T18:53:11.532,36.644855,-115.084040,12800,-42.00000,-186.00000,-64,ADSB
2022-07-17T18:53:12.079,36.644297,-115.084190,12800,-42.00000,-186.00000,-64,ADSB
2022-07-17T18:53:13.110,36.643481,-115.084426,12800,-42.00000,-186.00000,-64,ADSB
2022-07-17T18:53:14.049,36.642709,-115.084641,12800,-42.00000,-186.00000,-64,ADSB
2022-07-17T18:53:14.421,36.642280,-115.084770,12800,-42.00000,-186.00000,-64,ADSB
2022-07-17T18:53:15.093,36.641829,-115.084877,12800,-42.00000,-186.00000,-64,ADSB
2022-07-17T18:53:15.437,36.641421,-115.085006,12800,-42.00000,-186.00000,-64,ADSB
2022-07-17T18:53:16.141,36.640863,-115.085156,12800,-42.00000,-186.00000,0,ADSB
2022-07-17T18:53:16.766,36.640370,-115.085285,12800,-42.00000,-186.00000,0,ADSB
2022-07-17T18:53:17.219,36.639833,-115.085478,12800,-42.00000,-186.00000,0,ADSB
2022-07-17T18:53:18.172,36.639168,-115.085628,12800,-42.00000,-186.00000,0,ADSB
2022-07-17T18:53:18.813,36.638482,-115.085821,12800,-42.00000,-186.00000,0,ADSB
2022-07-17T18:53:19.437,36.637967,-115.085971,12800,-42.00000,-186.00000,0,ADSB
2022-07-17T18:53:20.594,36.636980,-115.086229,12800,-42.00000,-186.00000,0,ADSB
2022-07-17T18:53:21.579,36.636143,-115.086465,12800,-42.00000,-186.00000,0,ADSB
2022-07-17T18:53:22.673,36.635177,-115.086744,12800,-42.00000,-186.00000,0,ADSB
2022-07-17T18:53:23.673,36.634319,-115.087001,12800,-42.00000,-187.00000,0,ADSB
2022-07-17T18:53:24.609,36.633632,-115.087173,12800,-42.00000,-187.00000,0,ADSB
2022-07-17T18:53:25.692,36.632645,-115.087452,12800,-42.00000,-187.00000,0,ADSB
2022-07-17T18:53:26.739,36.631722,-115.087731,12800,-42.00000,-187.00000,0,ADSB
2022-07-17T18:53:27.551,36.631036,-115.087924,12800,-42.00000,-187.00000,0,ADSB
2022-07-17T18:53:28.661,36.630177,-115.088160,12800,-42.00000,-187.00000,-64,ADSB
2022-07-17T18:53:29.624,36.629212,-115.088439,12800,-42.00000,-187.00000,0,ADSB
2022-07-17T18:53:30.453,36.628418,-115.088654,12800,-42.00000,-187.00000,0,ADSB
2022-07-17T18:53:31.407,36.627667,-115.088868,12800,-42.00000,-187.00000,0,ADSB
2022-07-17T18:53:32.282,36.626852,-115.089104,12800,-42.00000,-187.00000,0,ADSB
2022-07-17T18:53:33.235,36.625993,-115.089340,12800,-42.00000,-187.00000,0,ADSB
2022-07-17T18:53:34.235,36.625328,-115.089512,12800,-42.00000,-187.00000,0,ADSB
2022-07-17T18:53:35.437,36.624105,-115.089855,12800,-42.00000,-187.00000,0,ADSB
2022-07-17T18:53:36.438,36.623290,-115.090091,12800,-42.00000,-187.00000,0,ADSB
2022-07-17T18:53:37.517,36.622367,-115.090370,12800,-43.00000,-187.00000,0,ADSB
2022-07-17T18:53:38.282,36.621680,-115.090542,12800,-43.00000,-187.00000,0,ADSB
2022-07-17T18:53:39.327,36.620779,-115.090778,12800,-43.00000,-187.00000,0,ADSB
2022-07-17T18:53:40.312,36.619942,-115.091057,12800,-43.00000,-187.00000,0,ADSB
2022-07-17T18:53:40.891,36.619427,-115.091186,12800,-43.00000,-187.00000,64,ADSB
2022-07-17T18:53:41.313,36.619084,-115.091293,12800,-43.00000,-187.00000,64,ADSB
2022-07-17T18:53:42.438,36.618140,-115.091550,12800,-43.00000,-187.00000,64,ADSB
2022-07-17T18:53:43.391,36.617346,-115.091808,12800,-43.00000,-187.00000,64,ADSB
2022-07-17T18:53:44.204,36.616659,-115.091980,12800,-43.00000,-187.00000,0,ADSB
2022-07-17T18:53:44.812,36.616144,-115.092130,12800,-43.00000,-187.00000,0,ADSB
2022-07-17T18:53:45.249,36.615608,-115.092258,12800,-43.00000,-187.00000,0,ADSB
2022-07-17T18:53:46.098,36.614921,-115.092494,12800,-43.00000,-187.00000,0,ADSB
2022-07-17T18:53:47.098,36.614063,-115.092709,12800,-43.00000,-187.00000,-64,ADSB
2022-07-17T18:53:47.817,36.613355,-115.092902,12800,-43.00000,-187.00000,-64,ADSB
2022-07-17T18:53:48.864,36.612496,-115.093160,12800,-43.00000,-187.00000,-64,ADSB
2022-07-17T18:53:50.140,36.611445,-115.093460,12800,-43.00000,-188.00000,-64,ADSB
2022-07-17T18:53:50.720,36.610930,-115.093610,12800,-43.00000,-188.00000,-64,ADSB
2022-07-17T18:53:51.266,36.610372,-115.093739,12800,-43.00000,-188.00000,0,ADSB
2022-07-17T18:53:52.470,36.609321,-115.094039,12800,-43.00000,-188.00000,0,ADSB
2022-07-17T18:53:53.485,36.608462,-115.094318,12800,-43.00000,-188.00000,-64,ADSB
2022-07-17T18:53:54.375,36.607711,-115.094533,12800,-43.00000,-188.00000,-64,ADSB
2022-07-17T18:53:55.332,36.606896,-115.094726,12800,-43.00000,-188.00000,-64,ADSB
2022-07-17T18:53:56.286,36.606123,-115.094941,12800,-43.00000,-188.00000,-64,ADSB
2022-07-17T18:53:56.848,36.605716,-115.095069,12800,-43.00000,-188.00000,-64,ADSB
2022-07-17T18:53:57.176,36.605351,-115.095177,12775,-43.00000,-188.00000,-64,ADSB
2022-07-17T18:53:57.880,36.604664,-115.095370,12800,-43.00000,-188.00000,-64,ADSB
2022-07-17T18:53:59.290,36.603613,-115.095670,12800,-43.00000,-188.00000,-64,ADSB
2022-07-17T18:53:59.843,36.602926,-115.095863,12800,-43.00000,-188.00000,-64,ADSB
2022-07-17T18:54:00.751,36.602240,-115.096056,12800,-43.00000,-188.00000,-64,ADSB
2022-07-17T18:54:01.657,36.601360,-115.096292,12800,-42.00000,-188.00000,-64,ADSB
2022-07-17T18:54:02.095,36.600995,-115.096378,12775,-42.00000,-188.00000,0,ADSB
2022-07-17T18:54:02.657,36.600480,-115.096550,12800,-42.00000,-188.00000,-64,ADSB
2022-07-17T18:54:03.079,36.600137,-115.096657,12775,-43.00000,-188.00000,-64,ADSB
2022-07-17T18:54:04.205,36.599193,-115.096915,12775,-42.00000,-188.00000,0,ADSB
2022-07-17T18:54:04.797,36.598742,-115.097044,12800,-42.00000,-188.00000,-64,ADSB
2022-07-17T18:54:05.219,36.598291,-115.097151,12775,-42.00000,-188.00000,-64,ADSB
2022-07-17T18:54:05.611,36.597884,-115.097280,12775,-42.00000,-188.00000,-64,ADSB
2022-07-17T18:54:06.142,36.597519,-115.097408,12775,-42.00000,-188.00000,-64,ADSB
2022-07-17T18:54:06.720,36.597004,-115.097516,12775,-42.00000,-188.00000,-64,ADSB
2022-07-17T18:54:07.064,36.596639,-115.097644,12775,-42.00000,-188.00000,-64,ADSB
2022-07-17T18:54:07.923,36.595953,-115.097816,12775,-42.00000,-188.00000,-64,ADSB
2022-07-17T18:54:08.501,36.595438,-115.097966,12775,-42.00000,-188.00000,-64,ADSB
2022-07-17T18:54:09.189,36.594815,-115.098159,12775,-42.00000,-188.00000,-64,ADSB
2022-07-17T18:54:09.734,36.594386,-115.098245,12775,-42.00000,-188.00000,-64,ADSB
2022-07-17T18:54:10.140,36.593914,-115.098374,12775,-42.00000,-188.00000,-64,ADSB
2022-07-17T18:54:11.094,36.593163,-115.098610,12775,-42.00000,-188.00000,-64,ADSB
2022-07-17T18:54:12.204,36.592305,-115.098846,12775,-42.00000,-188.00000,0,ADSB
2022-07-17T18:54:12.923,36.591597,-115.099018,12775,-42.00000,-188.00000,0,ADSB
2022-07-17T18:54:13.298,36.591253,-115.099125,12775,-42.00000,-188.00000,0,ADSB
2022-07-17T18:54:14.001,36.590738,-115.099254,12775,-42.00000,-188.00000,64,ADSB
2022-07-17T18:54:14.273,36.590374,-115.099361,12775,-42.00000,-188.00000,0,ADSB
2022-07-17T18:54:15.265,36.589515,-115.099576,12775,-42.00000,-187.00000,64,ADSB
2022-07-17T18:54:16.204,36.588700,-115.099854,12775,-42.00000,-187.00000,128,ADSB
2022-07-17T18:54:16.798,36.588142,-115.099983,12800,-42.00000,-187.00000,192,ADSB
2022-07-17T18:54:17.298,36.587777,-115.100091,12775,-42.00000,-187.00000,192,ADSB
2022-07-17T18:54:18.032,36.587090,-115.100262,12800,-42.00000,-187.00000,192,ADSB
2022-07-17T18:54:18.845,36.586576,-115.100412,12800,-42.00000,-187.00000,128,ADSB
2022-07-17T18:54:19.562,36.585889,-115.100605,12800,-42.00000,-186.00000,128,ADSB
2022-07-17T18:54:20.532,36.585031,-115.100842,12800,-41.00000,-186.00000,64,ADSB
2022-07-17T18:54:21.298,36.584344,-115.101013,12800,-42.00000,-186.00000,64,ADSB
2022-07-17T18:54:21.907,36.583807,-115.101185,12800,-41.00000,-186.00000,0,ADSB
2022-07-17T18:54:22.439,36.583292,-115.101292,12800,-41.00000,-186.00000,0,ADSB
2022-07-17T18:54:22.908,36.582949,-115.101421,12800,-42.00000,-186.00000,0,ADSB
2022-07-17T18:54:23.376,36.582606,-115.101528,12800,-41.00000,-186.00000,0,ADSB
2022-07-17T18:54:24.532,36.581533,-115.101807,12800,-42.00000,-186.00000,0,ADSB
2022-07-17T18:54:25.483,36.580803,-115.102000,12800,-41.00000,-186.00000,0,ADSB
2022-07-17T18:54:25.969,36.580374,-115.102129,12800,-41.00000,-186.00000,0,ADSB
2022-07-17T18:54:26.828,36.579666,-115.102322,12800,-41.00000,-186.00000,0,ADSB
2022-07-17T18:54:27.297,36.579173,-115.102451,12800,-41.00000,-186.00000,0,ADSB
2022-07-17T18:54:28.078,36.578636,-115.102601,12800,-41.00000,-186.00000,0,ADSB
2022-07-17T18:54:28.391,36.578186,-115.102708,12800,-41.00000,-186.00000,0,ADSB
2022-07-17T18:54:29.219,36.577606,-115.102901,12800,-41.00000,-186.00000,64,ADSB
2022-07-17T18:54:29.844,36.577091,-115.103030,12800,-41.00000,-186.00000,64,ADSB
2022-07-17T18:54:30.391,36.576469,-115.103223,12800,-41.00000,-186.00000,0,ADSB
2022-07-17T18:54:31.532,36.575632,-115.103459,12800,-41.00000,-185.00000,64,ADSB
2022-07-17T18:54:31.970,36.575203,-115.103545,12800,-41.00000,-185.00000,64,ADSB
2022-07-17T18:54:32.454,36.574752,-115.103695,12800,-41.00000,-185.00000,64,ADSB
2022-07-17T18:54:33.033,36.574173,-115.103846,12800,-41.00000,-185.00000,64,ADSB
2022-07-17T18:54:33.798,36.573658,-115.103974,12800,-41.00000,-185.00000,64,ADSB
2022-07-17T18:54:34.562,36.572928,-115.104167,12800,-41.00000,-185.00000,64,ADSB
2022-07-17T18:54:35.515,36.572113,-115.104382,12800,-41.00000,-185.00000,0,ADSB
2022-07-17T18:54:36.516,36.571169,-115.104704,12800,-41.00000,-185.00000,0,ADSB
2022-07-17T18:54:37.485,36.570396,-115.104876,12800,-41.00000,-185.00000,0,ADSB
2022-07-17T18:54:38.657,36.569431,-115.105155,12800,-41.00000,-185.00000,0,ADSB
2022-07-17T18:54:39.546,36.568680,-115.105348,12800,-41.00000,-185.00000,64,ADSB
2022-07-17T18:54:40.673,36.567628,-115.105648,12800,-41.00000,-185.00000,0,ADSB
2022-07-17T18:54:41.657,36.566813,-115.105884,12800,-41.00000,-185.00000,64,ADSB
2022-07-17T18:54:42.673,36.565933,-115.106099,12800,-41.00000,-185.00000,64,ADSB
2022-07-17T18:54:43.235,36.565590,-115.106206,12800,-41.00000,-185.00000,128,ADSB
2022-07-17T18:54:43.532,36.565247,-115.106270,12800,-41.00000,-185.00000,64,ADSB
2022-07-17T18:54:44.578,36.564324,-115.106571,12800,-41.00000,-185.00000,64,ADSB
2022-07-17T18:54:45.720,36.563466,-115.106785,12800,-41.00000,-185.00000,64,ADSB
2022-07-17T18:54:46.532,36.562693,-115.107000,12800,-41.00000,-185.00000,64,ADSB
2022-07-17T18:54:47.579,36.561706,-115.107257,12800,-41.00000,-185.00000,64,ADSB
2022-07-17T18:54:48.517,36.560977,-115.107472,12800,-41.00000,-185.00000,64,ADSB
2022-07-17T18:54:49.406,36.560075,-115.107708,12800,-41.00000,-185.00000,64,ADSB
2022-07-17T18:54:50.564,36.559153,-115.107965,12800,-41.00000,-185.00000,0,ADSB
2022-07-17T18:54:51.564,36.558316,-115.108202,12800,-41.00000,-186.00000,0,ADSB
2022-07-17T18:54:52.736,36.557329,-115.108459,12800,-41.00000,-186.00000,0,ADSB
2022-07-17T18:54:53.548,36.556664,-115.108652,12825,-41.00000,-186.00000,0,ADSB
2022-07-17T18:54:54.609,36.555698,-115.108910,12800,-41.00000,-186.00000,0,ADSB
2022-07-17T18:54:55.562,36.554861,-115.109146,12800,-41.00000,-186.00000,64,ADSB
2022-07-17T18:54:56.469,36.554067,-115.109360,12800,-41.00000,-186.00000,64,ADSB
2022-07-17T18:54:57.438,36.553209,-115.109596,12800,-41.00000,-186.00000,64,ADSB
2022-07-17T18:54:58.094,36.552715,-115.109746,12825,-42.00000,-186.00000,128,ADSB
2022-07-17T18:54:58.735,36.552200,-115.109897,12825,-42.00000,-186.00000,64,ADSB
2022-07-17T18:54:59.438,36.551471,-115.110111,12825,-42.00000,-186.00000,64,ADSB
2022-07-17T18:55:00.547,36.550527,-115.110369,12825,-42.00000,-187.00000,0,ADSB
2022-07-17T18:55:01.189,36.550119,-115.110476,12825,-42.00000,-187.00000,0,ADSB
2022-07-17T18:55:01.517,36.549776,-115.110562,12825,-42.00000,-187.00000,0,ADSB
2022-07-17T18:55:02.548,36.548896,-115.110798,12800,-42.00000,-187.00000,0,ADSB
2022-07-17T18:55:03.470,36.548016,-115.111055,12800,-42.00000,-187.00000,-64,ADSB
2022-07-17T18:55:04.531,36.547050,-115.111291,12800,-42.00000,-188.00000,-64,ADSB
2022-07-17T18:55:05.125,36.546643,-115.111420,12825,-42.00000,-188.00000,-64,ADSB
2022-07-17T18:55:05.579,36.546214,-115.111527,12800,-42.00000,-188.00000,0,ADSB
2022-07-17T18:55:06.391,36.545506,-115.111763,12800,-42.00000,-188.00000,0,ADSB
2022-07-17T18:55:06.829,36.545076,-115.111871,12825,-42.00000,-188.00000,64,ADSB
2022-07-17T18:55:07.345,36.544626,-115.112000,12800,-42.00000,-188.00000,64,ADSB
2022-07-17T18:55:08.266,36.543832,-115.112236,12825,-42.00000,-188.00000,64,ADSB
2022-07-17T18:55:09.328,36.542952,-115.112450,12850,-42.00000,-188.00000,128,ADSB
2022-07-17T18:55:10.187,36.542201,-115.112643,12850,-42.00000,-188.00000,128,ADSB
2022-07-17T18:55:11.048,36.541600,-115.112836,12825,-42.00000,-188.00000,256,ADSB
2022-07-17T18:55:11.689,36.540892,-115.113029,12850,-42.00000,-188.00000,256,ADSB
2022-07-17T18:55:12.220,36.540442,-115.113158,12850,-42.00000,-188.00000,256,ADSB
2022-07-17T18:55:13.017,36.539669,-115.113351,12850,-42.00000,-188.00000,320,ADSB
2022-07-17T18:55:14.173,36.538703,-115.113630,12850,-42.00000,-188.00000,320,ADSB
2022-07-17T18:55:14.813,36.538296,-115.113738,12850,-42.00000,-188.00000,320,ADSB
2022-07-17T18:55:15.360,36.537631,-115.113931,12850,-42.00000,-188.00000,256,ADSB
2022-07-17T18:55:16.298,36.536901,-115.114102,12850,-42.00000,-188.00000,64,ADSB
2022-07-17T18:55:17.095,36.536193,-115.114317,12850,-42.00000,-188.00000,-192,ADSB
2022-07-17T18:55:17.923,36.535506,-115.114510,12825,-42.00000,-188.00000,-384,ADSB
2022-07-17T18:55:18.299,36.535120,-115.114639,12825,-42.00000,-188.00000,-384,ADSB
2022-07-17T18:55:18.846,36.534626,-115.114746,12825,-42.00000,-188.00000,-512,ADSB
2022-07-17T18:55:19.750,36.533940,-115.114939,12800,-42.00000,-188.00000,-640,ADSB
2022-07-17T18:55:20.141,36.533554,-115.115047,12800,-42.00000,-188.00000,-640,ADSB
2022-07-17T18:55:21.033,36.532781,-115.115261,12800,-42.00000,-188.00000,-832,ADSB
2022-07-17T18:55:22.158,36.531923,-115.115497,12775,-41.00000,-189.00000,-960,ADSB
2022-07-17T18:55:22.705,36.531301,-115.115669,12725,-41.00000,-189.00000,-1152,ADSB
2022-07-17T18:55:23.111,36.530957,-115.115776,12725,-41.00000,-189.00000,-1152,ADSB
2022-07-17T18:55:38.048,36.517911,-115.119209,12475,-39.00000,-188.00000,-960,ADSB
2022-07-17T18:55:38.767,36.517310,-115.119338,12425,-39.00000,-187.00000,-960,ADSB
2022-07-17T18:55:39.080,36.516945,-115.119445,12450,-39.00000,-187.00000,-960,ADSB
2022-07-17T18:55:40.156,36.516087,-115.119660,12425,-39.00000,-187.00000,-960,ADSB
2022-07-17T18:55:41.158,36.515229,-115.119874,12425,-39.00000,-187.00000,-960,ADSB
2022-07-17T18:55:41.892,36.514542,-115.120068,12375,-39.00000,-186.00000,-960,ADSB
2022-07-17T18:55:42.751,36.513855,-115.120239,12375,-38.00000,-186.00000,-896,ADSB
2022-07-17T18:55:43.048,36.513555,-115.120304,12375,-38.00000,-186.00000,-896,ADSB
2022-07-17T18:55:44.127,36.512632,-115.120540,12375,-38.00000,-186.00000,-896,ADSB
2022-07-17T18:55:44.938,36.511967,-115.120711,12325,-38.00000,-185.00000,-896,ADSB
2022-07-17T18:55:45.803,36.511452,-115.120840,12325,-38.00000,-185.00000,-960,ADSB
2022-07-17T18:55:46.365,36.510808,-115.120990,12325,-38.00000,-185.00000,-896,ADSB
2022-07-17T18:55:47.162,36.510079,-115.121205,12300,-38.00000,-185.00000,-960,ADSB
2022-07-17T18:55:47.459,36.509821,-115.121269,12300,-38.00000,-185.00000,-896,ADSB
2022-07-17T18:55:48.413,36.508942,-115.121505,12275,-38.00000,-184.00000,-896,ADSB
2022-07-17T18:55:49.194,36.508362,-115.121634,12300,-38.00000,-184.00000,-960,ADSB
2022-07-17T18:55:50.250,36.507440,-115.121891,12250,-37.00000,-184.00000,-896,ADSB
2022-07-17T18:55:51.220,36.506560,-115.122063,12225,-37.00000,-183.00000,-896,ADSB
2022-07-17T18:55:51.923,36.505980,-115.122235,12225,-37.00000,-183.00000,-896,ADSB
2022-07-17T18:55:52.704,36.505315,-115.122406,12200,-37.00000,-183.00000,-832,ADSB
2022-07-17T18:55:53.095,36.504972,-115.122514,12225,-37.00000,-183.00000,-832,ADSB
2022-07-17T18:55:53.704,36.504457,-115.122621,12200,-37.00000,-182.00000,-832,ADSB
2022-07-17T18:55:54.111,36.504114,-115.122685,12200,-37.00000,-182.00000,-768,ADSB
2022-07-17T18:55:55.008,36.503448,-115.122857,12175,-37.00000,-182.00000,-768,ADSB
2022-07-17T18:55:56.040,36.502612,-115.123072,12175,-37.00000,-182.00000,-768,ADSB
2022-07-17T18:55:56.681,36.501946,-115.123243,12175,-37.00000,-181.00000,-768,ADSB
2022-07-17T18:55:57.337,36.501431,-115.123394,12150,-37.00000,-181.00000,-768,ADSB
2022-07-17T18:55:58.118,36.500723,-115.123565,12150,-37.00000,-181.00000,-768,ADSB
2022-07-17T18:55:58.759,36.500251,-115.123672,12150,-37.00000,-181.00000,-768,ADSB
2022-07-17T18:55:59.165,36.499887,-115.123737,12125,-37.00000,-181.00000,-768,ADSB
2022-07-17T18:56:00.047,36.499135,-115.123951,12125,-37.00000,-181.00000,-768,ADSB
2022-07-17T18:56:01.173,36.498256,-115.124145,12100,-37.00000,-180.00000,-832,ADSB
2022-07-17T18:56:02.032,36.497591,-115.124338,12100,-37.00000,-180.00000,-832,ADSB
2022-07-17T18:56:02.267,36.497312,-115.124424,12100,-37.00000,-180.00000,-832,ADSB
2022-07-17T18:56:02.845,36.496754,-115.124552,12050,-37.00000,-180.00000,-832,ADSB
2022-07-17T18:56:03.251,36.496496,-115.124638,12075,-37.00000,-180.00000,-832,ADSB
2022-07-17T18:56:04.189,36.495745,-115.124810,12050,-37.00000,-180.00000,-896,ADSB
2022-07-17T18:56:05.125,36.494908,-115.125024,12050,-37.00000,-180.00000,-896,ADSB
2022-07-17T18:56:05.939,36.494243,-115.125196,12000,-37.00000,-180.00000,-896,ADSB
2022-07-17T18:56:06.767,36.493578,-115.125346,12000,-37.00000,-180.00000,-896,ADSB
2022-07-17T18:56:07.267,36.493084,-115.125496,12000,-37.00000,-180.00000,-896,ADSB
2022-07-17T18:56:08.126,36.492419,-115.125647,11975,-37.00000,-180.00000,-896,ADSB
2022-07-17T18:56:09.142,36.491582,-115.125861,11975,-37.00000,-180.00000,-832,ADSB
2022-07-17T18:56:09.657,36.491089,-115.125990,11975,-37.00000,-180.00000,-832,ADSB
2022-07-17T18:56:10.360,36.490574,-115.126140,11950,-37.00000,-180.00000,-832,ADSB
2022-07-17T18:56:11.159,36.489930,-115.126290,11925,-37.00000,-179.00000,-768,ADSB
2022-07-17T18:56:12.378,36.488836,-115.126591,11925,-37.00000,-179.00000,-768,ADSB
2022-07-17T18:56:12.972,36.488428,-115.126655,11925,-37.00000,-179.00000,-768,ADSB
2022-07-17T18:56:13.503,36.487978,-115.126762,11900,-37.00000,-179.00000,-768,ADSB
2022-07-17T18:56:14.515,36.487076,-115.127020,11900,-37.00000,-179.00000,-832,ADSB
2022-07-17T18:56:15.500,36.486325,-115.127213,11875,-37.00000,-179.00000,-896,ADSB
2022-07-17T18:56:16.376,36.485510,-115.127385,11875,-37.00000,-179.00000,-960,ADSB
2022-07-17T18:56:17.361,36.484759,-115.127599,11850,-37.00000,-179.00000,-960,ADSB
2022-07-17T18:56:18.251,36.484115,-115.127771,11825,-37.00000,-179.00000,-960,ADSB
2022-07-17T18:56:18.814,36.483600,-115.127878,11800,-36.00000,-180.00000,-1024,ADSB
2022-07-17T18:56:19.236,36.483171,-115.127964,11825,-36.00000,-180.00000,-1024,ADSB
2022-07-17T18:56:20.203,36.482441,-115.128179,11800,-37.00000,-180.00000,-1088,ADSB
2022-07-17T18:56:21.345,36.481411,-115.128415,11775,-37.00000,-180.00000,-1088,ADSB
2022-07-17T18:56:22.376,36.480618,-115.128651,11750,-38.00000,-180.00000,-1088,ADSB
2022-07-17T18:56:23.080,36.479931,-115.128822,11750,-38.00000,-180.00000,-1152,ADSB
2022-07-17T18:56:24.142,36.479094,-115.129037,11700,-38.00000,-181.00000,-1152,ADSB
2022-07-17T18:56:24.813,36.478601,-115.129166,11675,-38.00000,-181.00000,-1152,ADSB
2022-07-17T18:56:25.172,36.478236,-115.129294,11675,-38.00000,-181.00000,-1152,ADSB
2022-07-17T18:56:25.751,36.477764,-115.129402,11675,-38.00000,-181.00000,-1152,ADSB
2022-07-17T18:56:26.251,36.477313,-115.129509,11650,-38.00000,-181.00000,-1152,ADSB
2022-07-17T18:56:27.329,36.476433,-115.129766,11625,-39.00000,-181.00000,-1152,ADSB
2022-07-17T18:56:28.001,36.475747,-115.129938,11650,-39.00000,-181.00000,-1216,ADSB
2022-07-17T18:56:29.375,36.474802,-115.130196,11600,-40.00000,-181.00000,-1216,ADSB
2022-07-17T18:56:29.922,36.474245,-115.130346,11575,-41.00000,-181.00000,-1216,ADSB
2022-07-17T18:56:31.393,36.473215,-115.130646,11550,-41.00000,-181.00000,-1216,ADSB
2022-07-17T18:56:31.987,36.472571,-115.130818,11525,-41.00000,-181.00000,-1216,ADSB
2022-07-17T18:56:32.581,36.472056,-115.130947,11525,-41.00000,-181.00000,-1216,ADSB
2022-07-17T18:56:33.268,36.471455,-115.131118,11525,-41.00000,-181.00000,-1216,ADSB
2022-07-17T18:56:34.034,36.470726,-115.131333,11525,-41.00000,-182.00000,-1280,ADSB
2022-07-17T18:56:35.016,36.469867,-115.131569,11450,-40.00000,-182.00000,-1280,ADSB
2022-07-17T18:56:36.455,36.468687,-115.131891,11450,-40.00000,-182.00000,-1344,ADSB
2022-07-17T18:56:37.408,36.467936,-115.132084,11425,-40.00000,-182.00000,-1344,ADSB
2022-07-17T18:56:37.908,36.467507,-115.132213,11375,-40.00000,-182.00000,-1344,ADSB
2022-07-17T18:56:38.299,36.467164,-115.132277,11375,-40.00000,-182.00000,-1280,ADSB
2022-07-17T18:56:39.174,36.466413,-115.132513,11350,-41.00000,-182.00000,-1280,ADSB
2022-07-17T18:56:39.938,36.465812,-115.132685,11350,-41.00000,-182.00000,-1216,ADSB
2022-07-17T18:56:41.033,36.464803,-115.132964,11325,-43.00000,-182.00000,-1216,ADSB
2022-07-17T18:56:41.768,36.464310,-115.133114,11325,-43.00000,-182.00000,-1216,ADSB
2022-07-17T18:56:42.299,36.463773,-115.133264,11300,-43.00000,-182.00000,-1152,ADSB
2022-07-17T18:56:43.237,36.463022,-115.133522,11275,-44.00000,-182.00000,-1152,ADSB
2022-07-17T18:56:44.065,36.462271,-115.133715,11300,-45.00000,-182.00000,-1152,ADSB
2022-07-17T18:56:45.156,36.461434,-115.133972,11250,-45.00000,-182.00000,-1152,ADSB
2022-07-17T18:56:45.970,36.460769,-115.134187,11225,-46.00000,-182.00000,-1152,ADSB
2022-07-17T18:56:46.845,36.459911,-115.134466,11225,-46.00000,-182.00000,-1152,ADSB
2022-07-17T18:56:47.845,36.459138,-115.134723,11200,-46.00000,-182.00000,-1088,ADSB
2022-07-17T18:56:48.501,36.458559,-115.134873,11175,-47.00000,-182.00000,-1088,ADSB
2022-07-17T18:56:48.939,36.458216,-115.135024,11175,-47.00000,-182.00000,-1088,ADSB
2022-07-17T18:56:49.735,36.457551,-115.135195,11175,-46.00000,-182.00000,-1088,ADSB
2022-07-17T18:56:50.892,36.456542,-115.135517,11125,-46.00000,-182.00000,-1088,ADSB
2022-07-17T18:56:51.564,36.456048,-115.135689,11125,-46.00000,-182.00000,-1088,ADSB
2022-07-17T18:56:51.986,36.455619,-115.135796,11125,-46.00000,-182.00000,-1024,ADSB
2022-07-17T18:56:52.595,36.455190,-115.135946,11125,-46.00000,-182.00000,-1088,ADSB
2022-07-17T18:56:52.970,36.454825,-115.136075,11100,-46.00000,-182.00000,-1024,ADSB
2022-07-17T18:56:54.017,36.453924,-115.136311,11100,-45.00000,-182.00000,-1024,ADSB
2022-07-17T18:56:54.938,36.453173,-115.136569,11075,-45.00000,-182.00000,-1024,ADSB
2022-07-17T18:56:55.970,36.452315,-115.136826,11050,-44.00000,-182.00000,-1024,ADSB
2022-07-17T18:56:56.923,36.451392,-115.137126,11050,-43.00000,-183.00000,-1024,ADSB
2022-07-17T18:56:58.048,36.450534,-115.137341,11025,-42.00000,-183.00000,-1024,ADSB
2022-07-17T18:56:58.876,36.449783,-115.137534,10975,-39.00000,-183.00000,-1024,ADSB
2022-07-17T18:56:59.703,36.449096,-115.137706,10975,-37.00000,-184.00000,-1024,ADSB
2022-07-17T18:57:00.110,36.448731,-115.137770,10975,-37.00000,-184.00000,-1024,ADSB
2022-07-17T18:57:01.064,36.447916,-115.137985,10975,-33.00000,-185.00000,-1024,ADSB
2022-07-17T18:57:01.658,36.447401,-115.138092,10925,-32.00000,-185.00000,-1024,ADSB
2022-07-17T18:57:02.580,36.446714,-115.138242,10925,-30.00000,-185.00000,-1024,ADSB
2022-07-17T18:57:02.939,36.446350,-115.138307,10925,-30.00000,-185.00000,-1024,ADSB
2022-07-17T18:57:03.767,36.445684,-115.138435,10900,-28.00000,-185.00000,-1024,ADSB
2022-07-17T18:57:04.485,36.444998,-115.138543,10875,-27.00000,-186.00000,-1024,ADSB
2022-07-17T18:57:05.188,36.444440,-115.138650,10875,-27.00000,-186.00000,-1024,ADSB
2022-07-17T18:57:06.080,36.443603,-115.138822,10850,-26.00000,-186.00000,-960,ADSB
2022-07-17T18:57:06.939,36.442938,-115.138907,10850,-27.00000,-186.00000,-960,ADSB
2022-07-17T18:57:07.893,36.442080,-115.139079,10850,-27.00000,-185.00000,-896,ADSB
2022-07-17T18:57:09.158,36.441050,-115.139272,10850,-29.00000,-185.00000,-896,ADSB
2022-07-17T18:57:10.001,36.440363,-115.139401,10800,-30.00000,-185.00000,-832,ADSB
2022-07-17T18:57:10.908,36.439505,-115.139573,10800,-30.00000,-184.00000,-832,ADSB
2022-07-17T18:57:11.549,36.438990,-115.139680,10775,-31.00000,-184.00000,-768,ADSB
2022-07-17T18:57:11.940,36.438625,-115.139766,10775,-31.00000,-184.00000,-768,ADSB
2022-07-17T18:57:12.830,36.437852,-115.139916,10775,-31.00000,-184.00000,-704,ADSB
2022-07-17T18:57:13.565,36.437294,-115.140045,10750,-32.00000,-183.00000,-640,ADSB
2022-07-17T18:57:13.862,36.436951,-115.140109,10750,-32.00000,-183.00000,-640,ADSB
2022-07-17T18:57:14.547,36.436436,-115.140216,10750,-32.00000,-183.00000,-640,ADSB
2022-07-17T18:57:15.000,36.436028,-115.140324,10750,-32.00000,-183.00000,-576,ADSB
2022-07-17T18:57:15.939,36.435235,-115.140517,10750,-34.00000,-182.00000,-576,ADSB
2022-07-17T18:57:16.908,36.434419,-115.140688,10750,-36.00000,-182.00000,-576,ADSB
2022-07-17T18:57:17.673,36.433754,-115.140860,10700,-36.00000,-181.00000,-640,ADSB
2022-07-17T18:57:18.814,36.432745,-115.141118,10700,-37.00000,-181.00000,-640,ADSB
2022-07-17T18:57:19.438,36.432230,-115.141246,10675,-38.00000,-181.00000,-704,ADSB
2022-07-17T18:57:19.907,36.431866,-115.141332,10700,-38.00000,-181.00000,-704,ADSB
2022-07-17T18:57:20.563,36.431394,-115.141461,10675,-38.00000,-181.00000,-704,ADSB
2022-07-17T18:57:20.986,36.431029,-115.141568,10675,-38.00000,-181.00000,-704,ADSB
2022-07-17T18:57:21.533,36.430557,-115.141697,10675,-40.00000,-180.00000,-768,ADSB
2022-07-17T18:57:22.127,36.430063,-115.141869,10675,-40.00000,-180.00000,-768,ADSB
2022-07-17T18:57:23.033,36.429226,-115.142062,10625,-41.00000,-180.00000,-832,ADSB
2022-07-17T18:57:23.986,36.428561,-115.142255,10625,-41.00000,-180.00000,-832,ADSB
2022-07-17T18:57:24.657,36.427896,-115.142448,10625,-41.00000,-180.00000,-896,ADSB
2022-07-17T18:57:25.132,36.427553,-115.142555,10600,-41.00000,-180.00000,-896,ADSB
2022-07-17T18:57:26.149,36.426716,-115.142791,10625,-41.00000,-180.00000,-896,ADSB
2022-07-17T18:57:27.039,36.425879,-115.143027,10575,-41.00000,-180.00000,-896,ADSB
2022-07-17T18:57:27.665,36.425385,-115.143156,10550,-41.00000,-180.00000,-960,ADSB
2022-07-17T18:57:28.227,36.424935,-115.143306,10550,-41.00000,-180.00000,-960,ADSB
2022-07-17T18:57:29.149,36.424184,-115.143499,10525,-41.00000,-180.00000,-960,ADSB
2022-07-17T18:57:29.844,36.423562,-115.143671,10525,-42.00000,-180.00000,-1024,ADSB
2022-07-17T18:57:30.485,36.423047,-115.143821,10500,-42.00000,-180.00000,-1024,ADSB
2022-07-17T18:57:31.252,36.422467,-115.143993,10500,-42.00000,-180.00000,-1024,ADSB
2022-07-17T18:57:31.831,36.421888,-115.144165,10500,-43.00000,-180.00000,-1088,ADSB
2022-07-17T18:57:32.409,36.421373,-115.144315,10500,-43.00000,-180.00000,-1088,ADSB
2022-07-17T18:57:33.237,36.420772,-115.144508,10450,-43.00000,-181.00000,-1088,ADSB
2022-07-17T18:57:34.065,36.420043,-115.144680,10450,-42.00000,-181.00000,-1088,ADSB
2022-07-17T18:57:34.782,36.419549,-115.144830,10425,-41.00000,-181.00000,-1088,ADSB
2022-07-17T18:57:35.032,36.419270,-115.144894,10425,-41.00000,-181.00000,-1088,ADSB
2022-07-17T18:57:35.986,36.418519,-115.145130,10375,-39.00000,-182.00000,-1280,ADSB
2022-07-17T18:57:36.846,36.417682,-115.145323,10325,-38.00000,-183.00000,-1472,ADSB
2022-07-17T18:57:37.768,36.416996,-115.145495,10325,-37.00000,-184.00000,-1728,ADSB
2022-07-17T18:57:38.940,36.415944,-115.145774,10300,-37.00000,-184.00000,-1920,ADSB
2022-07-17T18:57:39.829,36.415193,-115.145924,10275,-35.00000,-186.00000,-2112,ADSB
2022-07-17T18:57:40.861,36.414313,-115.146096,10200,-32.00000,-187.00000,-2240,ADSB
2022-07-17T18:57:41.486,36.413713,-115.146246,10150,-31.00000,-188.00000,-2304,ADSB
2022-07-17T18:57:41.862,36.413348,-115.146310,10175,-31.00000,-188.00000,-2304,ADSB
2022-07-17T18:57:42.502,36.412854,-115.146418,10150,-30.00000,-189.00000,-2304,ADSB
2022-07-17T18:57:42.955,36.412468,-115.146482,10100,-29.00000,-189.00000,-2304,ADSB
2022-07-17T18:57:43.518,36.411974,-115.146568,10050,-28.00000,-190.00000,-2368,ADSB
2022-07-17T18:57:43.862,36.411588,-115.146654,10075,-28.00000,-190.00000,-2368,ADSB
2022-07-17T18:57:44.422,36.411095,-115.146739,10025,-28.00000,-190.00000,-2368,ADSB
2022-07-17T18:57:44.860,36.410708,-115.146782,10025,-28.00000,-191.00000,-2368,ADSB
2022-07-17T18:57:45.865,36.409807,-115.146954,10000,-27.00000,-191.00000,-2368,ADSB
2022-07-17T18:57:46.959,36.408885,-115.147126,9950,-27.00000,-192.00000,-2304,ADSB
2022-07-17T18:57:48.021,36.407962,-115.147297,9900,-27.00000,-192.00000,-2304,ADSB
2022-07-17T18:57:48.552,36.407533,-115.147362,9925,-28.00000,-192.00000,-2240,ADSB
2022-07-17T18:57:48.990,36.407082,-115.147426,9875,-28.00000,-192.00000,-2240,ADSB
2022-07-17T18:57:49.454,36.406631,-115.147512,9825,-28.00000,-192.00000,-2176,ADSB
2022-07-17T18:57:50.110,36.406095,-115.147641,9825,-29.00000,-193.00000,-2112,ADSB
2022-07-17T18:57:50.892,36.405387,-115.147748,9825,-29.00000,-193.00000,-2112,ADSB
2022-07-17T18:57:51.580,36.404850,-115.147855,9750,-30.00000,-193.00000,-2048,ADSB
2022-07-17T18:57:52.190,36.404207,-115.147984,9775,-30.00000,-193.00000,-1984,ADSB
2022-07-17T18:57:53.003,36.403606,-115.148091,9750,-31.00000,-192.00000,-1600,ADSB
2022-07-17T18:57:53.706,36.402898,-115.148242,9750,-31.00000,-191.00000,-1344,ADSB
2022-07-17T18:57:54.288,36.402318,-115.148327,9725,-31.00000,-191.00000,-1216,ADSB
2022-07-17T18:57:54.858,36.401846,-115.148456,9700,-32.00000,-190.00000,-960,ADSB
2022-07-17T18:57:55.266,36.401546,-115.148499,9725,-32.00000,-190.00000,-896,ADSB
2022-07-17T18:57:56.080,36.400774,-115.148692,9700,-32.00000,-189.00000,-832,ADSB
2022-07-17T18:57:56.955,36.400087,-115.148821,9700,-33.00000,-188.00000,-896,ADSB
2022-07-17T18:57:57.408,36.399572,-115.148950,9650,-33.00000,-188.00000,-960,ADSB
2022-07-17T18:57:58.048,36.399121,-115.149014,9675,-33.00000,-188.00000,-960,ADSB
2022-07-17T18:57:58.939,36.398349,-115.149207,9650,-33.00000,-187.00000,-1024,ADSB
2022-07-17T18:57:59.469,36.397834,-115.149314,9625,-33.00000,-186.00000,-960,ADSB
2022-07-17T18:58:00.110,36.397276,-115.149465,9650,-33.00000,-186.00000,-832,ADSB
2022-07-17T18:58:00.814,36.396804,-115.149550,9625,-33.00000,-185.00000,-704,ADSB
2022-07-17T18:58:01.721,36.395946,-115.149744,9625,-33.00000,-185.00000,-768,ADSB
2022-07-17T18:58:02.189,36.395602,-115.149808,9600,-32.00000,-185.00000,-768,ADSB
2022-07-17T18:58:02.986,36.394916,-115.149958,9575,-31.00000,-185.00000,-1024,ADSB
2022-07-17T18:58:03.236,36.394637,-115.150001,9575,-32.00000,-185.00000,-960,ADSB
2022-07-17T18:58:03.846,36.394057,-115.150130,9575,-31.00000,-185.00000,-1088,ADSB
2022-07-17T18:58:04.532,36.393564,-115.150237,9575,-30.00000,-185.00000,-1216,ADSB
2022-07-17T18:58:05.329,36.392856,-115.150387,9525,-30.00000,-184.00000,-1216,ADSB
2022-07-17T18:58:06.455,36.391933,-115.150559,9500,-28.00000,-185.00000,-1216,ADSB
2022-07-17T18:58:07.440,36.390946,-115.150752,9475,-27.00000,-185.00000,-1280,ADSB
2022-07-17T18:58:08.565,36.390023,-115.150902,9450,-25.00000,-185.00000,-1280,ADSB
2022-07-17T18:58:09.423,36.389272,-115.150988,9425,-23.00000,-185.00000,-1344,ADSB
2022-07-17T18:58:10.658,36.388328,-115.151138,9425,-23.00000,-185.00000,-1280,ADSB
2022-07-17T18:58:11.080,36.387899,-115.151203,9375,-23.00000,-185.00000,-1344,ADSB
2022-07-17T18:58:11.565,36.387448,-115.151246,9400,-23.00000,-185.00000,-1280,ADSB
2022-07-17T18:58:12.612,36.386590,-115.151417,9350,-23.00000,-185.00000,-1280,ADSB
2022-07-17T18:58:13.596,36.385839,-115.151503,9325,-23.00000,-185.00000,-1344,ADSB
2022-07-17T18:58:14.782,36.384659,-115.151696,9325,-22.00000,-185.00000,-1408,ADSB
2022-07-17T18:58:15.657,36.383972,-115.151803,9250,-22.00000,-185.00000,-1536,ADSB
2022-07-17T18:58:16.455,36.383286,-115.151889,9225,-22.00000,-186.00000,-1664,ADSB
2022-07-17T18:58:16.846,36.383007,-115.151932,9250,-22.00000,-186.00000,-1664,ADSB
2022-07-17T18:58:17.892,36.382062,-115.152082,9225,-22.00000,-187.00000,-1920,ADSB
2022-07-17T18:58:19.002,36.381097,-115.152233,9150,-21.00000,-187.00000,-2112,ADSB
2022-07-17T18:58:19.907,36.380324,-115.152318,9100,-21.00000,-189.00000,-2304,ADSB
2022-07-17T18:58:20.642,36.379616,-115.152404,9100,-21.00000,-190.00000,-2432,ADSB
2022-07-17T18:58:21.049,36.379251,-115.152447,9050,-20.00000,-190.00000,-2432,ADSB
2022-07-17T18:58:21.705,36.378736,-115.152533,8975,-20.00000,-191.00000,-2560,ADSB
2022-07-17T18:58:22.440,36.378028,-115.152619,8975,-20.00000,-192.00000,-2624,ADSB
2022-07-17T18:58:23.018,36.377556,-115.152683,8975,-20.00000,-192.00000,-2624,ADSB
2022-07-17T18:58:23.877,36.376762,-115.152769,8875,-19.00000,-194.00000,-2688,ADSB
2022-07-17T18:58:24.579,36.376226,-115.152833,8850,-19.00000,-195.00000,-2688,ADSB
2022-07-17T18:58:25.172,36.375582,-115.152898,8850,-19.00000,-195.00000,-2688,ADSB
2022-07-17T18:58:26.064,36.374745,-115.153027,8800,-20.00000,-196.00000,-2688,ADSB
2022-07-17T18:58:27.033,36.373866,-115.153134,8775,-21.00000,-197.00000,-2560,ADSB
2022-07-17T18:58:27.752,36.373308,-115.153220,8775,-22.00000,-197.00000,-2368,ADSB
2022-07-17T18:58:28.783,36.372213,-115.153370,8775,-24.00000,-197.00000,-2048,ADSB
2022-07-17T18:58:29.845,36.371312,-115.153520,8650,-25.00000,-197.00000,-1920,ADSB
2022-07-17T18:58:31.002,36.370282,-115.153713,8625,-25.00000,-197.00000,-1856,ADSB
2022-07-17T18:58:31.908,36.369488,-115.153821,8600,-26.00000,-197.00000,-1856,ADSB
2022-07-17T18:58:33.080,36.368372,-115.154014,8575,-27.00000,-197.00000,-1792,ADSB
2022-07-17T18:58:33.768,36.367836,-115.154099,8550,-28.00000,-197.00000,-1728,ADSB
2022-07-17T18:58:34.049,36.367450,-115.154164,8550,-28.00000,-197.00000,-1728,ADSB
2022-07-17T18:58:34.970,36.366613,-115.154335,8525,-28.00000,-197.00000,-1664,ADSB
2022-07-17T18:58:35.798,36.366012,-115.154421,8500,-29.00000,-197.00000,-1664,ADSB
2022-07-17T18:58:36.565,36.365283,-115.154550,8500,-30.00000,-197.00000,-1664,ADSB
2022-07-17T18:58:37.065,36.364703,-115.154657,8475,-30.00000,-197.00000,-1664,ADSB
2022-07-17T18:58:37.987,36.363995,-115.154808,8425,-31.00000,-197.00000,-1664,ADSB
2022-07-17T18:58:38.924,36.363094,-115.154979,8425,-31.00000,-197.00000,-1664,ADSB
2022-07-17T18:58:40.047,36.362000,-115.155194,8375,-31.00000,-197.00000,-1600,ADSB
2022-07-17T18:58:41.111,36.361077,-115.155365,8325,-31.00000,-197.00000,-1600,ADSB
2022-07-17T18:58:42.111,36.360176,-115.155559,8325,-30.00000,-197.00000,-1600,ADSB
2022-07-17T18:58:43.033,36.359253,-115.155709,8275,-29.00000,-197.00000,-1600,ADSB
2022-07-17T18:58:43.814,36.358523,-115.155859,8275,-29.00000,-197.00000,-1536,ADSB
2022-07-17T18:58:44.376,36.358073,-115.155945,8250,-29.00000,-197.00000,-1536,ADSB
2022-07-17T18:58:45.266,36.357257,-115.156116,8225,-29.00000,-196.00000,-1536,ADSB
2022-07-17T18:58:45.955,36.356721,-115.156181,8200,-30.00000,-196.00000,-1536,ADSB
2022-07-17T18:58:46.596,36.355991,-115.156331,8200,-30.00000,-196.00000,-1472,ADSB
2022-07-17T18:58:47.315,36.355433,-115.156417,8175,-30.00000,-196.00000,-1472,ADSB
2022-07-17T18:58:48.158,36.354640,-115.156567,8150,-30.00000,-196.00000,-1408,ADSB
2022-07-17T18:58:48.862,36.353996,-115.156696,8125,-30.00000,-195.00000,-1408,ADSB
2022-07-17T18:58:49.454,36.353438,-115.156803,8125,-30.00000,-195.00000,-1408,ADSB
2022-07-17T18:58:50.251,36.352687,-115.156932,8100,-30.00000,-195.00000,-1408,ADSB
2022-07-17T18:58:51.112,36.352000,-115.157061,8075,-29.00000,-195.00000,-1408,ADSB
2022-07-17T18:58:51.690,36.351464,-115.157168,8075,-29.00000,-195.00000,-1408,ADSB
2022-07-17T18:58:52.956,36.350262,-115.157404,8050,-28.00000,-194.00000,-1344,ADSB
2022-07-17T18:58:53.893,36.349468,-115.157533,8025,-27.00000,-194.00000,-1344,ADSB
2022-07-17T18:58:54.439,36.348932,-115.157619,7975,-27.00000,-194.00000,-1408,ADSB
2022-07-17T18:58:54.954,36.348503,-115.157726,7975,-27.00000,-194.00000,-1344,ADSB
2022-07-17T18:58:56.050,36.347494,-115.157897,7950,-26.00000,-194.00000,-1408,ADSB
2022-07-17T18:58:56.644,36.346958,-115.157940,7925,-26.00000,-194.00000,-1408,ADSB
2022-07-17T18:58:57.613,36.346250,-115.158069,7925,-26.00000,-194.00000,-1408,ADSB
2022-07-17T18:58:58.019,36.345799,-115.158112,7900,-26.00000,-194.00000,-1408,ADSB
2022-07-17T18:58:58.925,36.344876,-115.158284,7875,-26.00000,-193.00000,-1408,ADSB
2022-07-17T18:58:59.720,36.344275,-115.158391,7850,-26.00000,-193.00000,-1408,ADSB
2022-07-17T18:59:00.924,36.343203,-115.158563,7850,-26.00000,-193.00000,-1472,ADSB
2022-07-17T18:59:01.846,36.342301,-115.158713,7800,-26.00000,-193.00000,-1408,ADSB
2022-07-17T18:59:02.909,36.341336,-115.158863,7775,-26.00000,-193.00000,-1344,ADSB
2022-07-17T18:59:03.721,36.340692,-115.158992,7750,-27.00000,-192.00000,-1280,ADSB
2022-07-17T18:59:04.799,36.339812,-115.159142,7725,-27.00000,-192.00000,-1216,ADSB
2022-07-17T18:59:05.879,36.338718,-115.159335,7725,-27.00000,-191.00000,-1216,ADSB
2022-07-17T18:59:06.879,36.337838,-115.159507,7700,-28.00000,-191.00000,-1216,ADSB
2022-07-17T18:59:07.973,36.336873,-115.159657,7650,-28.00000,-190.00000,-1280,ADSB
2022-07-17T18:59:08.785,36.336100,-115.159807,7675,-28.00000,-190.00000,-1344,ADSB
2022-07-17T18:59:10.188,36.335049,-115.160000,7600,-29.00000,-190.00000,-1408,ADSB
2022-07-17T18:59:11.283,36.334083,-115.160172,7575,-29.00000,-190.00000,-1472,ADSB
2022-07-17T18:59:12.111,36.333289,-115.160344,7550,-30.00000,-190.00000,-1536,ADSB
2022-07-17T18:59:13.127,36.332409,-115.160515,7500,-31.00000,-190.00000,-1536,ADSB
2022-07-17T18:59:14.096,36.331508,-115.160687,7500,-31.00000,-190.00000,-1600,ADSB
2022-07-17T18:59:14.673,36.330993,-115.160794,7475,-31.00000,-190.00000,-1600,ADSB
2022-07-17T18:59:15.470,36.330242,-115.160966,7475,-31.00000,-190.00000,-1536,ADSB
2022-07-17T18:59:16.377,36.329448,-115.161095,7450,-31.00000,-190.00000,-1472,ADSB
2022-07-17T18:59:17.424,36.328526,-115.161331,7425,-31.00000,-190.00000,-1408,ADSB
2022-07-17T18:59:18.518,36.327646,-115.161502,7400,-31.00000,-190.00000,-1344,ADSB
2022-07-17T18:59:19.408,36.326938,-115.161631,7350,-30.00000,-190.00000,-1344,ADSB
2022-07-17T18:59:19.658,36.326573,-115.161674,7375,-30.00000,-190.00000,-1344,ADSB
2022-07-17T18:59:20.720,36.325693,-115.161846,7325,-30.00000,-190.00000,-1344,ADSB
2022-07-17T18:59:21.721,36.324728,-115.162060,7300,-29.00000,-190.00000,-1408,ADSB
2022-07-17T18:59:22.628,36.323998,-115.162189,7275,-28.00000,-190.00000,-1472,ADSB
2022-07-17T18:59:23.206,36.323590,-115.162253,7250,-28.00000,-190.00000,-1536,ADSB
2022-07-17T18:59:23.487,36.323225,-115.162318,7250,-28.00000,-190.00000,-1536,ADSB
2022-07-17T18:59:24.563,36.322346,-115.162468,7250,-26.00000,-191.00000,-1600,ADSB
2022-07-17T18:59:25.669,36.321273,-115.162661,7200,-26.00000,-191.00000,-1600,ADSB
2022-07-17T18:59:26.686,36.320393,-115.162811,7175,-25.00000,-191.00000,-1664,ADSB
2022-07-17T18:59:27.686,36.319513,-115.162919,7100,-24.00000,-191.00000,-1664,ADSB
2022-07-17T18:59:28.561,36.318805,-115.163026,7100,-23.00000,-192.00000,-1728,ADSB
2022-07-17T18:59:29.532,36.317904,-115.163198,7100,-23.00000,-192.00000,-1664,ADSB
2022-07-17T18:59:30.376,36.317089,-115.163262,7075,-23.00000,-192.00000,-1664,ADSB
2022-07-17T18:59:31.205,36.316316,-115.163434,7025,-24.00000,-192.00000,-1600,ADSB
2022-07-17T18:59:32.206,36.315501,-115.163562,7000,-25.00000,-191.00000,-1600,ADSB
2022-07-17T18:59:33.034,36.314900,-115.163648,7025,-26.00000,-191.00000,-1536,ADSB
2022-07-17T18:59:33.347,36.314514,-115.163713,6950,-25.00000,-191.00000,-1536,ADSB
2022-07-17T18:59:34.271,36.313634,-115.163841,6950,-26.00000,-191.00000,-1536,ADSB
2022-07-17T18:59:34.860,36.313140,-115.163927,6950,-26.00000,-191.00000,-1472,ADSB
2022-07-17T18:59:35.345,36.312754,-115.164013,6925,-26.00000,-191.00000,-1472,ADSB
2022-07-17T18:59:36.330,36.311853,-115.164120,6900,-26.00000,-191.00000,-1472,ADSB
2022-07-17T18:59:37.127,36.311188,-115.164270,6850,-26.00000,-191.00000,-1408,ADSB
2022-07-17T18:59:37.659,36.310651,-115.164356,6850,-26.00000,-190.00000,-1408,ADSB
2022-07-17T18:59:38.331,36.310050,-115.164464,6850,-26.00000,-190.00000,-1408,ADSB
2022-07-17T18:59:39.501,36.309063,-115.164635,6825,-27.00000,-190.00000,-1344,ADSB
2022-07-17T18:59:40.626,36.308184,-115.164785,6825,-29.00000,-189.00000,-1344,ADSB
2022-07-17T18:59:41.596,36.307197,-115.164979,6775,-30.00000,-189.00000,-1344,ADSB
2022-07-17T18:59:42.612,36.306338,-115.165150,6750,-31.00000,-188.00000,-1280,ADSB
2022-07-17T18:59:43.565,36.305459,-115.165322,6750,-32.00000,-188.00000,-1280,ADSB
2022-07-17T18:59:44.097,36.305051,-115.165429,6700,-32.00000,-188.00000,-1280,ADSB
2022-07-17T18:59:44.658,36.304600,-115.165558,6700,-32.00000,-188.00000,-1280,ADSB
2022-07-17T18:59:45.471,36.303806,-115.165708,6650,-33.00000,-188.00000,-1280,ADSB
2022-07-17T18:59:46.039,36.303313,-115.165815,6675,-34.00000,-187.00000,-1344,ADSB
2022-07-17T18:59:46.602,36.302862,-115.165901,6650,-34.00000,-187.00000,-1344,ADSB
2022-07-17T18:59:47.508,36.302090,-115.166116,6625,-34.00000,-187.00000,-1344,ADSB
2022-07-17T18:59:48.461,36.301210,-115.166287,6600,-34.00000,-187.00000,-1408,ADSB
2022-07-17T18:59:49.360,36.300437,-115.166481,6575,-35.00000,-187.00000,-1408,ADSB
2022-07-17T18:59:50.345,36.299558,-115.166652,6550,-35.00000,-187.00000,-1472,ADSB
2022-07-17T18:59:51.330,36.298785,-115.166867,6525,-35.00000,-187.00000,-1536,ADSB
2022-07-17T18:59:52.205,36.298013,-115.167038,6500,-34.00000,-187.00000,-1536,ADSB
2022-07-17T18:59:52.597,36.297605,-115.167124,6450,-34.00000,-187.00000,-1600,ADSB
2022-07-17T18:59:53.097,36.297240,-115.167232,6450,-34.00000,-187.00000,-1600,ADSB
2022-07-17T18:59:53.894,36.296554,-115.167360,6450,-34.00000,-187.00000,-1664,ADSB
2022-07-17T18:59:54.819,36.295760,-115.167553,6400,-34.00000,-187.00000,-1664,ADSB
2022-07-17T18:59:55.876,36.294816,-115.167747,6375,-34.00000,-187.00000,-1728,ADSB
2022-07-17T18:59:56.736,36.294129,-115.167897,6375,-34.00000,-188.00000,-1728,ADSB
2022-07-17T18:59:57.830,36.293056,-115.168133,6325,-34.00000,-188.00000,-1728,ADSB
2022-07-17T18:59:58.565,36.292562,-115.168240,6275,-33.00000,-188.00000,-1792,ADSB
2022-07-17T18:59:59.407,36.291854,-115.168390,6250,-32.00000,-189.00000,-1792,ADSB
2022-07-17T18:59:59.720,36.291404,-115.168476,6250,-32.00000,-189.00000,-1792,ADSB
2022-07-17T19:00:00.720,36.290588,-115.168626,6250,-31.00000,-189.00000,-1792,ADSB
2022-07-17T19:00:01.580,36.289923,-115.168777,6200,-30.00000,-190.00000,-1856,ADSB
2022-07-17T19:00:02.659,36.288872,-115.168970,6150,-30.00000,-190.00000,-1792,ADSB
2022-07-17T19:00:03.706,36.287992,-115.169141,6100,-31.00000,-190.00000,-1792,ADSB
2022-07-17T19:00:04.501,36.287284,-115.169291,6125,-31.00000,-191.00000,-1792,ADSB
2022-07-17T19:00:05.517,36.286404,-115.169463,6050,-31.00000,-191.00000,-1792,ADSB
2022-07-17T19:00:06.612,36.285503,-115.169656,6050,-30.00000,-191.00000,-1728,ADSB
2022-07-17T19:00:07.643,36.284451,-115.169849,5975,-30.00000,-191.00000,-1728,ADSB
2022-07-17T19:00:08.737,36.283443,-115.170021,5975,-29.00000,-191.00000,-1664,ADSB
2022-07-17T19:00:09.767,36.282585,-115.170193,5950,-27.00000,-192.00000,-1664,ADSB
2022-07-17T19:00:10.736,36.281791,-115.170321,5900,-25.00000,-192.00000,-1600,ADSB
2022-07-17T19:00:11.894,36.280675,-115.170493,5900,-24.00000,-192.00000,-1600,ADSB
2022-07-17T19:00:12.409,36.280181,-115.170557,5900,-23.00000,-192.00000,-1536,ADSB
2022-07-17T19:00:12.925,36.279795,-115.170622,5850,-23.00000,-192.00000,-1472,ADSB
2022-07-17T19:00:13.472,36.279280,-115.170686,5825,-23.00000,-192.00000,-1472,ADSB
2022-07-17T19:00:14.626,36.278207,-115.170858,5825,-24.00000,-192.00000,-1344,ADSB
2022-07-17T19:00:15.924,36.277156,-115.171030,5775,-26.00000,-192.00000,-1344,ADSB
2022-07-17T19:00:16.846,36.276255,-115.171180,5750,-28.00000,-191.00000,-1280,ADSB
2022-07-17T19:00:17.924,36.275289,-115.171394,5725,-29.00000,-191.00000,-1280,ADSB
2022-07-17T19:00:18.424,36.274860,-115.171459,5700,-30.00000,-191.00000,-1280,ADSB
2022-07-17T19:00:18.799,36.274559,-115.171502,5700,-30.00000,-191.00000,-1280,ADSB
2022-07-17T19:00:20.048,36.273444,-115.171738,5700,-32.00000,-190.00000,-1280,ADSB
2022-07-17T19:00:20.767,36.272907,-115.171845,5700,-32.00000,-189.00000,-1216,ADSB
2022-07-17T19:00:21.518,36.272092,-115.172017,5650,-32.00000,-188.00000,-1152,ADSB
2022-07-17T19:00:22.456,36.271341,-115.172188,5625,-31.00000,-187.00000,-1088,ADSB
2022-07-17T19:00:23.597,36.270397,-115.172360,5600,-31.00000,-186.00000,-1024,ADSB
2022-07-17T19:00:24.097,36.269968,-115.172467,5575,-31.00000,-184.00000,-1024,ADSB
2022-07-17T19:00:24.548,36.269538,-115.172532,5600,-31.00000,-185.00000,-1024,ADSB
2022-07-17T19:00:25.188,36.269131,-115.172639,5575,-31.00000,-182.00000,-1024,ADSB
2022-07-17T19:00:25.720,36.268616,-115.172768,5575,-31.00000,-183.00000,-1024,ADSB
2022-07-17T19:00:26.455,36.267951,-115.172875,5525,-31.00000,-180.00000,-1152,ADSB
2022-07-17T19:00:27.315,36.267264,-115.173004,5550,-31.00000,-180.00000,-1152,ADSB
2022-07-17T19:00:28.190,36.266556,-115.173218,5500,-32.00000,-177.00000,-1408,ADSB
2022-07-17T19:00:28.940,36.265976,-115.173326,5525,-33.00000,-176.00000,-1472,ADSB
2022-07-17T19:00:29.268,36.265633,-115.173411,5475,-33.00000,-176.00000,-1472,ADSB
2022-07-17T19:00:29.923,36.265161,-115.173519,5425,-34.00000,-175.00000,-1536,ADSB
2022-07-17T19:00:30.361,36.264839,-115.173583,5450,-34.00000,-175.00000,-1536,ADSB
2022-07-17T19:00:30.955,36.264367,-115.173712,5425,-34.00000,-173.00000,-1536,ADSB
2022-07-17T19:00:31.330,36.264002,-115.173819,5425,-34.00000,-174.00000,-1536,ADSB
2022-07-17T19:00:32.206,36.263316,-115.173969,5400,-34.00000,-172.00000,-1472,ADSB
2022-07-17T19:00:32.971,36.262779,-115.174098,5350,-33.00000,-172.00000,-1472,ADSB
2022-07-17T19:00:34.128,36.261814,-115.174334,5350,-32.00000,-171.00000,-1472,ADSB
2022-07-17T19:00:35.455,36.260784,-115.174549,5300,-31.00000,-171.00000,-1472,ADSB
2022-07-17T19:00:36.253,36.260054,-115.174699,5275,-28.00000,-170.00000,-1600,ADSB
2022-07-17T19:00:36.925,36.259604,-115.174763,5350,-24.00000,-170.00000,-1728,ADSB
2022-07-17T19:00:37.315,36.259260,-115.174828,5225,-24.00000,-170.00000,-1728,ADSB
2022-07-17T19:00:38.065,36.258659,-115.174913,5175,-20.00000,-171.00000,-1856,ADSB
2022-07-17T19:00:39.253,36.257672,-115.175064,5175,-17.00000,-171.00000,-1984,ADSB
2022-07-17T19:00:40.377,36.256878,-115.175107,5125,-15.00000,-171.00000,-2048,ADSB
2022-07-17T19:00:40.987,36.256428,-115.175171,5075,-15.00000,-171.00000,-2176,ADSB
2022-07-17T19:00:41.769,36.255805,-115.175235,5075,-15.00000,-172.00000,-2176,ADSB
2022-07-17T19:00:42.222,36.255376,-115.175278,5050,-16.00000,-172.00000,-2112,ADSB
2022-07-17T19:00:42.722,36.255012,-115.175321,5000,-16.00000,-171.00000,-2048,ADSB
2022-07-17T19:00:43.097,36.254690,-115.175343,5050,-16.00000,-171.00000,-1984,ADSB
2022-07-17T19:00:44.050,36.253896,-115.175471,4975,-17.00000,-171.00000,-1792,ADSB
2022-07-17T19:00:44.923,36.253273,-115.175536,5000,-17.00000,-170.00000,-1664,ADSB
2022-07-17T19:00:45.518,36.252801,-115.175600,4925,-17.00000,-169.00000,-1600,ADSB
2022-07-17T19:00:46.113,36.252329,-115.175643,4925,-17.00000,-169.00000,-1472,ADSB
2022-07-17T19:00:46.785,36.251707,-115.175729,4925,-17.00000,-168.00000,-1408,ADSB
2022-07-17T19:00:47.769,36.251085,-115.175815,4875,-18.00000,-167.00000,-1344,ADSB
2022-07-17T19:00:48.113,36.250741,-115.175879,4875,-18.00000,-167.00000,-1344,ADSB
2022-07-17T19:00:49.175,36.249883,-115.175965,4875,-20.00000,-166.00000,-1344,ADSB
2022-07-17T19:00:49.814,36.249390,-115.176072,4850,-21.00000,-165.00000,-1408,ADSB
2022-07-17T19:00:50.845,36.248617,-115.176179,4800,-21.00000,-165.00000,-1472,ADSB
2022-07-17T19:00:51.909,36.247866,-115.176308,4800,-20.00000,-164.00000,-1536,ADSB
2022-07-17T19:00:52.956,36.247008,-115.176437,4775,-19.00000,-164.00000,-1600,ADSB
2022-07-17T19:00:53.643,36.246493,-115.176501,4700,-17.00000,-164.00000,-1664,ADSB
2022-07-17T19:00:54.065,36.246171,-115.176523,4700,-17.00000,-164.00000,-1664,ADSB
2022-07-17T19:00:55.023,36.245506,-115.176609,4675,-16.00000,-163.00000,-1728,ADSB
2022-07-17T19:00:55.414,36.245141,-115.176651,4650,-16.00000,-163.00000,-1792,ADSB
2022-07-17T19:00:56.040,36.244648,-115.176694,4650,-16.00000,-163.00000,-1728,ADSB
2022-07-17T19:00:57.024,36.243918,-115.176802,4600,-16.00000,-162.00000,-1728,ADSB
2022-07-17T19:00:58.071,36.243253,-115.176888,4600,-18.00000,-162.00000,-1728,ADSB
2022-07-17T19:00:58.571,36.242867,-115.176952,4550,-19.00000,-161.00000,-1728,ADSB
2022-07-17T19:00:58.930,36.242545,-115.176973,4575,-20.00000,-161.00000,-1728,ADSB
2022-07-17T19:00:59.939,36.241751,-115.177166,4550,-25.00000,-160.00000,-1664,ADSB
2022-07-17T19:01:00.955,36.241064,-115.177295,4500,-30.00000,-159.00000,-1664,ADSB
2022-07-17T19:01:01.409,36.240656,-115.177402,4475,-33.00000,-159.00000,-1664,ADSB
2022-07-17T19:01:02.050,36.240270,-115.177510,4475,-33.00000,-158.00000,-1664,ADSB
2022-07-17T19:01:02.987,36.239541,-115.177746,4425,-38.00000,-157.00000,-1728,ADSB
2022-07-17T19:01:03.894,36.238897,-115.177939,4400,-41.00000,-156.00000,-1792,ADSB
2022-07-17T19:01:04.814,36.238210,-115.178154,4375,-42.00000,-156.00000,-1728,ADSB
2022-07-17T19:01:05.987,36.237459,-115.178411,4350,-41.00000,-156.00000,-1728,ADSB
2022-07-17T19:01:06.675,36.236880,-115.178583,4300,-39.00000,-157.00000,-1728,ADSB
2022-07-17T19:01:07.128,36.236579,-115.178668,4300,-39.00000,-157.00000,-1728,ADSB
2022-07-17T19:01:08.066,36.235936,-115.178883,4275,-36.00000,-158.00000,-1728,ADSB
2022-07-17T19:01:08.534,36.235571,-115.178969,4300,-36.00000,-158.00000,-1792,ADSB
2022-07-17T19:01:09.191,36.235099,-115.179076,4225,-35.00000,-158.00000,-1856,ADSB
2022-07-17T19:01:09.876,36.234541,-115.179226,4175,-33.00000,-159.00000,-1920,ADSB
2022-07-17T19:01:11.096,36.233683,-115.179462,4175,-32.00000,-159.00000,-1984,ADSB
2022-07-17T19:01:11.409,36.233339,-115.179527,4125,-31.00000,-160.00000,-2048,ADSB
2022-07-17T19:01:12.096,36.232867,-115.179613,4150,-31.00000,-160.00000,-2048,ADSB
2022-07-17T19:01:13.221,36.232095,-115.179870,4075,-33.00000,-160.00000,-2112,ADSB
2022-07-17T19:01:14.049,36.231430,-115.180020,4125,-38.00000,-159.00000,-2112,ADSB
2022-07-17T19:01:15.267,36.230614,-115.180321,4000,-40.00000,-158.00000,-2112,ADSB
2022-07-17T19:01:16.065,36.229928,-115.180557,3975,-45.00000,-157.00000,-2048,ADSB
2022-07-17T19:01:17.034,36.229241,-115.180814,4000,-51.00000,-155.00000,-2048,ADSB
2022-07-17T19:01:18.300,36.228404,-115.181201,3900,-55.00000,-153.00000,-1984,ADSB
2022-07-17T19:01:19.206,36.227825,-115.181458,3900,-58.00000,-152.00000,-1984,ADSB
2022-07-17T19:01:20.064,36.227117,-115.181801,3800,-60.00000,-151.00000,-1920,ADSB
2022-07-17T19:01:21.081,36.226430,-115.182166,3775,-62.00000,-150.00000,-1856,ADSB
2022-07-17T19:01:21.847,36.226022,-115.182381,3775,-63.00000,-150.00000,-1856,ADSB
2022-07-17T19:01:22.269,36.225593,-115.182595,3775,-64.00000,-149.00000,-1856,ADSB
2022-07-17T19:01:23.347,36.224799,-115.183003,3700,-66.00000,-148.00000,-1920,ADSB
2022-07-17T19:01:24.315,36.224220,-115.183346,3675,-69.00000,-147.00000,-1984,ADSB
2022-07-17T19:01:25.142,36.223683,-115.183690,3725,-72.00000,-145.00000,-2048,ADSB
2022-07-17T19:01:25.861,36.223125,-115.184054,3625,-74.00000,-144.00000,-2048,ADSB
2022-07-17T19:01:26.784,36.222632,-115.184376,3600,-75.00000,-144.00000,-1984,ADSB
2022-07-17T19:01:28.050,36.221688,-115.184999,3550,-77.00000,-142.00000,-1920,ADSB
2022-07-17T19:01:28.831,36.221302,-115.185256,3525,-78.00000,-141.00000,-1792,ADSB
2022-07-17T19:01:29.799,36.220593,-115.185750,3500,-79.00000,-140.00000,-1664,ADSB
2022-07-17T19:01:30.955,36.219885,-115.186265,3475,-80.00000,-138.00000,-1472,ADSB
2022-07-17T19:01:31.409,36.219542,-115.186501,3675,-80.00000,-137.00000,-1408,ADSB
2022-07-17T19:01:32.378,36.218941,-115.186951,3425,-82.00000,-134.00000,-1280,ADSB
2022-07-17T19:01:32.894,36.218641,-115.187209,3475,-84.00000,-133.00000,-1216,ADSB
2022-07-17T19:01:33.503,36.218255,-115.187509,3425,-82.00000,-134.00000,-1280,ADSB
2022-07-17T19:01:34.346,36.217718,-115.187938,3400,-86.00000,-129.00000,-1152,ADSB
2022-07-17T19:01:35.316,36.217160,-115.188453,3375,-86.00000,-129.00000,-1152,ADSB
2022-07-17T19:01:36.082,36.216753,-115.188797,3350,-89.00000,-124.00000,-1088,ADSB
2022-07-17T19:01:36.895,36.216302,-115.189204,3350,-90.00000,-123.00000,-1152,ADSB
2022-07-17T19:01:37.286,36.216066,-115.189440,3325,-90.00000,-123.00000,-1088,ADSB
2022-07-17T19:01:38.348,36.215422,-115.189998,3375,-90.00000,-123.00000,-1088,ADSB
2022-07-17T19:01:38.958,36.215186,-115.190256,3300,-91.00000,-121.00000,-1088,ADSB
2022-07-17T19:01:39.239,36.214950,-115.190492,3300,-91.00000,-121.00000,-1088,ADSB
2022-07-17T19:01:40.001,36.214628,-115.190771,3300,-91.00000,-120.00000,-1216,ADSB
2022-07-17T19:01:40.330,36.214392,-115.191007,3275,-91.00000,-120.00000,-1152,ADSB
2022-07-17T19:01:41.081,36.213963,-115.191393,3300,-91.00000,-118.00000,-1280,ADSB
2022-07-17T19:01:41.846,36.213534,-115.191822,3250,-91.00000,-118.00000,-1152,ADSB
2022-07-17T19:01:42.331,36.213233,-115.192101,3250,-91.00000,-118.00000,-1088,ADSB
2022-07-17T19:01:43.112,36.212869,-115.192444,3250,-91.00000,-117.00000,-960,ADSB
2022-07-17T19:01:44.814,36.211967,-115.193346,3225,-90.00000,-116.00000,-896,ADSB
2022-07-17T19:01:45.627,36.211474,-115.193796,3200,-92.00000,-114.00000,-896,ADSB
2022-07-17T19:01:46.585,36.210959,-115.194333,3150,-95.00000,-112.00000,-896,ADSB
2022-07-17T19:01:47.179,36.210744,-115.194569,3150,-95.00000,-112.00000,-832,ADSB
2022-07-17T19:01:48.085,36.210229,-115.195105,3150,-97.00000,-109.00000,-832,ADSB
2022-07-17T19:01:49.085,36.209736,-115.195684,3125,-98.00000,-106.00000,-896,ADSB
2022-07-17T19:01:49.971,36.209371,-115.196114,3100,-98.00000,-104.00000,-896,ADSB
2022-07-17T19:01:50.955,36.208878,-115.196671,3100,-97.00000,-104.00000,-832,ADSB
2022-07-17T19:01:51.863,36.208405,-115.197208,3075,-95.00000,-103.00000,-768,ADSB
2022-07-17T19:01:52.472,36.208127,-115.197551,3075,-94.00000,-104.00000,-704,ADSB
2022-07-17T19:01:52.941,36.207869,-115.197830,3075,-93.00000,-104.00000,-704,ADSB
2022-07-17T19:01:53.785,36.207526,-115.198152,3075,-88.00000,-106.00000,-768,ADSB
2022-07-17T19:01:54.803,36.207032,-115.198646,3050,-82.00000,-109.00000,-576,ADSB
2022-07-17T19:01:55.502,36.206625,-115.198989,3050,-78.00000,-111.00000,-512,ADSB
2022-07-17T19:01:56.018,36.206324,-115.199182,3050,-76.00000,-112.00000,-512,ADSB
2022-07-17T19:01:56.660,36.205981,-115.199482,3050,-68.00000,-115.00000,-576,ADSB
2022-07-17T19:01:58.051,36.205316,-115.199890,3000,-59.00000,-120.00000,-768,ADSB
2022-07-17T19:01:58.926,36.204758,-115.200191,3000,-51.00000,-123.00000,-960,ADSB
2022-07-17T19:01:59.690,36.204329,-115.200362,3000,-47.00000,-125.00000,-1024,ADSB
2022-07-17T19:02:00.705,36.203728,-115.200598,2975,-37.00000,-128.00000,-1152,ADSB
2022-07-17T19:02:01.425,36.203213,-115.200727,3050,-25.00000,-130.00000,-1088,ADSB
2022-07-17T19:02:02.613,36.202612,-115.200813,2950,-19.00000,-131.00000,-896,ADSB
2022-07-17T19:02:03.644,36.201968,-115.200856,2925,-11.00000,-131.00000,-832,ADSB
2022-07-17T19:02:04.596,36.201367,-115.200856,2900,-3.00000,-131.00000,-960,ADSB
2022-07-17T19:02:05.206,36.201024,-115.200856,3050,5.00000,-131.00000,-1152,ADSB
2022-07-17T19:02:05.644,36.200767,-115.200856,2875,7.00000,-132.00000,-1152,ADSB
2022-07-17T19:02:06.598,36.200144,-115.200748,2850,15.00000,-132.00000,-1472,ADSB
2022-07-17T19:02:08.724,36.198835,-115.200405,2750,35.00000,-131.00000,-1728,ADSB
2022-07-17T19:02:09.877,36.198235,-115.200148,2750,46.00000,-129.00000,-1728,ADSB
2022-07-17T19:02:10.596,36.197762,-115.199890,2800,23.00000,-132.00000,-1664,ADSB
2022-07-17T19:02:11.128,36.197419,-115.199718,2700,58.00000,-125.00000,-1472,ADSB
2022-07-17T19:02:11.503,36.197205,-115.199590,2800,58.00000,-125.00000,-1408,ADSB
2022-07-17T19:02:13.566,36.196089,-115.198774,2700,65.00000,-121.00000,-1344,ADSB
2022-07-17T19:02:14.705,36.195509,-115.198238,2700,87.00000,-108.00000,-1216,ADSB
2022-07-17T19:02:15.674,36.195102,-115.197766,2650,87.00000,-108.00000,-1216,ADSB
2022-07-17T19:02:16.066,36.194823,-115.197423,2600,97.00000,-98.00000,-832,ADSB
2022-07-17T19:02:16.941,36.194479,-115.196950,2600,101.00000,-93.00000,-768,ADSB
2022-07-17T19:02:17.425,36.194222,-115.196607,2600,105.00000,-88.00000,-768,ADSB
2022-07-17T19:02:18.160,36.194029,-115.196328,2600,107.00000,-85.00000,-640,ADSB
2022-07-17T19:02:19.097,36.193643,-115.195599,2575,112.00000,-75.00000,-512,ADSB
2022-07-17T19:02:20.206,36.193321,-115.194976,2575,114.00000,-70.00000,-448,ADSB
2022-07-17T19:02:21.034,36.193042,-115.194268,2575,119.00000,-57.00000,-320,ADSB
2022-07-17T19:02:21.769,36.192913,-115.193861,2575,120.00000,-51.00000,-256,ADSB
2022-07-17T19:02:22.129,36.192784,-115.193582,2575,120.00000,-51.00000,-256,ADSB
2022-07-17T19:02:22.988,36.192677,-115.193024,2575,122.00000,-41.00000,-192,ADSB
2022-07-17T19:02:24.035,36.192527,-115.192337,2575,124.00000,-32.00000,-256,ADSB
2022-07-17T19:02:24.564,36.192484,-115.191865,2550,125.00000,-19.00000,-320,ADSB
2022-07-17T19:02:24.939,36.192462,-115.191650,2575,125.00000,-19.00000,-320,ADSB
2022-07-17T19:02:25.970,36.192441,-115.190856,2550,125.00000,-1.00000,-384,ADSB
2022-07-17T19:02:26.768,36.192484,-115.190299,2525,125.00000,7.00000,-384,ADSB
2022-07-17T19:02:27.112,36.192462,-115.190063,2550,125.00000,5.00000,-320,ADSB
2022-07-17T19:02:27.752,36.192548,-115.189590,2525,123.00000,18.00000,-512,ADSB
2022-07-17T19:02:28.221,36.192591,-115.189247,2525,123.00000,18.00000,-512,ADSB
2022-07-17T19:02:29.143,36.192741,-115.188625,2525,120.00000,34.00000,-576,ADSB
2022-07-17T19:02:29.815,36.192849,-115.188217,2500,117.00000,41.00000,-576,ADSB
2022-07-17T19:02:30.284,36.192977,-115.187917,2500,116.00000,45.00000,-576,ADSB
2022-07-17T19:02:31.425,36.193256,-115.187144,2475,112.00000,55.00000,-640,ADSB
2022-07-17T19:02:32.519,36.193535,-115.186501,2475,108.00000,62.00000,-704,ADSB
2022-07-17T19:02:33.066,36.193814,-115.186114,2450,100.00000,74.00000,-832,ADSB
2022-07-17T19:02:34.176,36.194179,-115.185578,2450,94.00000,83.00000,-960,ADSB
2022-07-17T19:02:35.017,36.194501,-115.185170,2425,88.00000,89.00000,-896,ADSB
2022-07-17T19:02:35.205,36.194608,-115.185041,2425,88.00000,89.00000,-896,ADSB
2022-07-17T19:02:36.128,36.194952,-115.184698,2425,79.00000,97.00000,-832,ADSB
2022-07-17T19:02:36.784,36.195424,-115.184269,2425,73.00000,102.00000,-704,ADSB
2022-07-17T19:02:37.237,36.195531,-115.184162,2400,73.00000,102.00000,-640,ADSB
2022-07-17T19:02:37.847,36.195917,-115.183883,2375,68.00000,105.00000,-704,ADSB
2022-07-17T19:02:38.581,36.196196,-115.183668,2375,66.00000,107.00000,-832,ADSB
2022-07-17T19:02:39.346,36.196604,-115.183411,2375,63.00000,109.00000,-896,ADSB
2022-07-17T19:02:40.252,36.197033,-115.183132,2350,51.00000,115.00000,-896,ADSB
2022-07-17T19:02:40.925,36.197462,-115.182917,2325,46.00000,117.00000,-704,ADSB
2022-07-17T19:02:41.254,36.197634,-115.182874,2350,48.00000,116.00000,-704,ADSB
2022-07-17T19:02:42.035,36.198020,-115.182703,2325,35.00000,119.00000,-448,ADSB
2022-07-17T19:02:42.395,36.198277,-115.182660,2325,30.00000,119.00000,-320,ADSB
2022-07-17T19:02:43.489,36.198835,-115.182531,2325,17.00000,120.00000,-320,ADSB
2022-07-17T19:02:44.549,36.199458,-115.182488,2300,4.00000,120.00000,-384,ADSB
2022-07-17T19:02:45.674,36.200037,-115.182531,2300,-12.00000,117.00000,-512,ADSB
2022-07-17T19:02:46.675,36.200509,-115.182660,2275,-16.00000,116.00000,-640,ADSB
2022-07-17T19:02:47.629,36.201110,-115.182874,2275,-33.00000,112.00000,-1024,ADSB
2022-07-17T19:02:48.066,36.201367,-115.183003,2225,-45.00000,108.00000,-1088,ADSB
2022-07-17T19:02:48.722,36.201582,-115.183175,2225,-47.00000,107.00000,-1088,ADSB
2022-07-17T19:02:49.768,36.202140,-115.183582,2225,-57.00000,100.00000,-1152,ADSB
2022-07-17T19:02:50.675,36.202419,-115.183861,2175,-76.00000,84.00000,-1216,ADSB
2022-07-17T19:02:51.488,36.202784,-115.184312,2175,-82.00000,70.00000,-896,ADSB
2022-07-17T19:02:52.613,36.203105,-115.184741,2175,-72.00000,71.00000,-128,ADSB
2022-07-17T19:02:53.598,36.203449,-115.185127,2125,-66.00000,74.00000,-1152,ADSB
2022-07-17T19:02:55.220,36.203942,-115.185642,2125,-43.00000,63.00000,1216,ADSB
2022-07-17T19:02:56.487,36.204329,-115.185921,2150,-51.00000,63.00000,1024,ADSB
2022-07-17T19:02:57.049,36.204479,-115.185986,2150,-44.00000,60.00000,-256,ADSB
2022-07-17T19:02:57.456,36.204565,-115.186093,2175,-34.00000,63.00000,-256,ADSB
2022-07-17T19:02:58.081,36.204844,-115.186243,2150,-41.00000,58.00000,-1216,ADSB
